<?xml version="1.0"?>
<camera name="TO" company="SICK AG, AutoIdent" device="ICR890-4 CORE 12k" version="V2.13.0.17225" identifier=" ">
	<schema major="2" minor="8" patch="0"/>
	<image objectid="34">
		<trayindex>34</trayindex>
		<imageinfo type="JPEG">
			<quality>80</quality>
			<resolution>270</resolution>
			<size width="3016" length="3083"/>
			<origin x="5370" y="0"/>
			<increment start="23610" stop="23893"/>
			<captureline start="1697897" stop="1700979"/>
			<fvec>0x00000000</fvec>
			<fvectxt></fvectxt>
			<filename>0000000034_0034_TO_20251225_124317.jpg</filename>
			<filesize>502192</filesize>
		</imageinfo>
		<decoder version="8.1.0">
			<config>
				<Params1D>51 1 2 255 0 0 1 0 10 0 1 2147483647 2147483647 2147483647 2147483647 2147483647 0 0 0 0 500 0 120 0 0 1 0 1 0 2 1 1 0 1 0 1 0 255 0 3 100 4 0 0 0 0 0 0 1 1 90</Params1D>
				<CodeConf_0>1 0 3 0 0 0 0 0 0 0 0 0 0 1 8 50 0 0 0 0 1 0</CodeConf_0>
				<CodeConf_1>1 0 3 0 0 0 0 0 0 0 0 0 0 1 8 50 0 0 0 0 1 4103</CodeConf_1>
				<CodeConf_5>1 0 3 0 0 0 0 0 0 0 0 0 0 1 8 50 0 0 0 0 1 0</CodeConf_5>
				<Params2D>68 1 0 255 0 0 0 0 10 0 1 2147483647 2147483647 2147483647 2147483647 2147483647 0 0 0 0 500 0 120 0 0 1 0 0 0 0 0 0 0 1 0 0 0 255 1 11 100 4 0 0 0 0 0 0 1 1 90</Params2D>
				<DiagConfig>0 0 0 0 0 0 0 0 0 0 0 0 0 0 0 0 0 0 0 0 0</DiagConfig>
				<GlobalConfig>4 0 0 0 0 0 -1 1</GlobalConfig>
				</config>
			<info finish="true">
				<decoderCtrlTimeImage unit="ms" value="86"/>
				<decoderTimeImage unit="ms" value="61"/>
				<decoderDelayStart unit="ms" value="0"/>
				<decoderDelayEnd unit="ms" value="1"/>
				<blocks total="36" decoded="36"/>
				<decodedLine start="1697568" stop="1701023"/>
			</info>
		</decoder>
		<symbol type="C128" pos="7155 1082 7173 1339 6320 1385 6303 1123" groupid="0">
			<position>
				<coordinate x="7155" y="1082"/>
				<coordinate x="7173" y="1339"/>
				<coordinate x="6320" y="1385"/>
				<coordinate x="6303" y="1123"/>
			</position>
			<result length="34" coding="Ascii">1072424933660824358200887402178442</result>
			<symbolinfo>
				<width unit="pix">0.00</width>
				<height unit="pix">260.09</height>
			</symbolinfo>
			<status>2</status>
			<angle>177</angle>
			<decosrc>0</decosrc>
			<qualifier>
				<rq>98</rq>
				<fvec>0x00000000</fvec>
			</qualifier>
			<verifier>
				<qz unit="%" value="100"/>
				<sc value="98" grade="4.0"/>
				<modsize unit="mm" value="4"/>
				<osg grade="3.0"/>
				<v value="55" grade="3.0"/>
				<ecmin value="24" grade="4.0"/>
				<decode value="100" grade="4.0"/>
				<rmin value="0" grade="4.0"/>
				<defects value="0" grade="4.0"/>
				<mod value="25" grade="3.0"/>
			</verifier>
			<moduleinfo>
				<width unit="pix">3.85</width>
				<height unit="pix">260.09</height>
			</moduleinfo>
		</symbol>
		<box name="Roi1D" pos="7155 1082 7173 1339 6320 1385 6303 1123" color="0 255 0" groupid="0">
			<position>
				<coordinate x="7155" y="1082"/>
				<coordinate x="7173" y="1339"/>
				<coordinate x="6320" y="1385"/>
				<coordinate x="6303" y="1123"/>
			</position>
		</box>
		<box name="Box1D" pos="6239 1018 7237 1018 7237 1449 6239 1449" color="0 0 255" groupid="0">
			<position>
				<coordinate x="6239" y="1018"/>
				<coordinate x="7237" y="1018"/>
				<coordinate x="7237" y="1449"/>
				<coordinate x="6239" y="1449"/>
			</position>
		</box>
		<box name="Parcel" pos="8011 2625 5970 2752 5775 396 7815 249" color="255 128 0" groupid="1">
			<position>
				<coordinate x="8011" y="2625"/>
				<coordinate x="5970" y="2752"/>
				<coordinate x="5775" y="396"/>
				<coordinate x="7815" y="249"/>
			</position>
		</box>
		<parcel pos="8011 2625 5970 2752 5775 396 7815 249" groupid="1">
			<position>
				<coordinate x="8011" y="2625"/>
				<coordinate x="5970" y="2752"/>
				<coordinate x="5775" y="396"/>
				<coordinate x="7815" y="249"/>
			</position>
			<dimension unit="mm" height="102" width="189" length="223"/>
			<volume unit="cm3" value="4287"/>
			<angle>4.6</angle>
			<decosrc>4</decosrc>
			<fvec>0x00000000</fvec>
			<fvectxt></fvectxt>
			<quality>0</quality>
		</parcel>
		<text name="Info" string="SICK" fontsize="30" pos="60 2982" color="8 148 206" layout="1">
			<position x="60" y="2982"/>
		</text>
		<text name="Info" string="Device: ICR890" fontsize="30" pos="2556 50" color="255 0 0" layout="1">
			<position x="2556" y="50"/>
		</text>
		<text name="Info" string="ObjectId: 34" fontsize="30" pos="2556 2982" color="255 0 0" layout="1">
			<position x="2556" y="2982"/>
		</text>
		<line name="DirOfFlow" pos="162 40 265 656" color="255 0 0" layout="1">
			<position>
				<coordinate x="162" y="40"/>
				<coordinate x="265" y="656"/>
			</position>
		</line>
		<line name="DirOfFlow" pos="265 656 60 656" color="255 0 0" layout="1">
			<position>
				<coordinate x="265" y="656"/>
				<coordinate x="60" y="656"/>
			</position>
		</line>
		<line name="DirOfFlow" pos="60 656 162 40" color="255 0 0" layout="1">
			<position>
				<coordinate x="60" y="656"/>
				<coordinate x="162" y="40"/>
			</position>
		</line>
		<cross name="LWorkz" pos="2955 55" color="8 148 206">
			<position x="2955" y="55"/>
		</cross>
		<cross name="RWorkz" pos="11459 55" color="8 148 206">
			<position x="11459" y="55"/>
		</cross>
		<cross name="LWorkz" pos="2955 151" color="8 148 206">
			<position x="2955" y="151"/>
		</cross>
		<cross name="RWorkz" pos="11459 151" color="8 148 206">
			<position x="11459" y="151"/>
		</cross>
		<cross name="LWorkz" pos="2955 247" color="8 148 206">
			<position x="2955" y="247"/>
		</cross>
		<cross name="RWorkz" pos="11459 247" color="8 148 206">
			<position x="11459" y="247"/>
		</cross>
		<cross name="LWorkz" pos="2955 343" color="8 148 206">
			<position x="2955" y="343"/>
		</cross>
		<cross name="RWorkz" pos="11459 343" color="8 148 206">
			<position x="11459" y="343"/>
		</cross>
		<cross name="LWorkz" pos="2955 439" color="8 148 206">
			<position x="2955" y="439"/>
		</cross>
		<cross name="RWorkz" pos="11459 439" color="8 148 206">
			<position x="11459" y="439"/>
		</cross>
		<cross name="LWorkz" pos="2955 535" color="8 148 206">
			<position x="2955" y="535"/>
		</cross>
		<cross name="RWorkz" pos="11459 535" color="8 148 206">
			<position x="11459" y="535"/>
		</cross>
		<cross name="LWorkz" pos="2955 631" color="8 148 206">
			<position x="2955" y="631"/>
		</cross>
		<cross name="RWorkz" pos="11459 631" color="8 148 206">
			<position x="11459" y="631"/>
		</cross>
		<cross name="LWorkz" pos="2955 727" color="8 148 206">
			<position x="2955" y="727"/>
		</cross>
		<cross name="RWorkz" pos="11459 727" color="8 148 206">
			<position x="11459" y="727"/>
		</cross>
		<cross name="LWorkz" pos="2955 823" color="8 148 206">
			<position x="2955" y="823"/>
		</cross>
		<cross name="RWorkz" pos="11459 823" color="8 148 206">
			<position x="11459" y="823"/>
		</cross>
		<cross name="LWorkz" pos="2955 919" color="8 148 206">
			<position x="2955" y="919"/>
		</cross>
		<cross name="RWorkz" pos="11459 919" color="8 148 206">
			<position x="11459" y="919"/>
		</cross>
		<cross name="LWorkz" pos="2955 1015" color="8 148 206">
			<position x="2955" y="1015"/>
		</cross>
		<cross name="RWorkz" pos="11459 1015" color="8 148 206">
			<position x="11459" y="1015"/>
		</cross>
		<cross name="LWorkz" pos="2955 1111" color="8 148 206">
			<position x="2955" y="1111"/>
		</cross>
		<cross name="RWorkz" pos="11459 1111" color="8 148 206">
			<position x="11459" y="1111"/>
		</cross>
		<cross name="LWorkz" pos="2955 1207" color="8 148 206">
			<position x="2955" y="1207"/>
		</cross>
		<cross name="RWorkz" pos="11459 1207" color="8 148 206">
			<position x="11459" y="1207"/>
		</cross>
		<cross name="LWorkz" pos="2955 1303" color="8 148 206">
			<position x="2955" y="1303"/>
		</cross>
		<cross name="RWorkz" pos="11459 1303" color="8 148 206">
			<position x="11459" y="1303"/>
		</cross>
		<cross name="LWorkz" pos="2955 1399" color="8 148 206">
			<position x="2955" y="1399"/>
		</cross>
		<cross name="RWorkz" pos="11459 1399" color="8 148 206">
			<position x="11459" y="1399"/>
		</cross>
		<cross name="LWorkz" pos="2955 1495" color="8 148 206">
			<position x="2955" y="1495"/>
		</cross>
		<cross name="RWorkz" pos="11459 1495" color="8 148 206">
			<position x="11459" y="1495"/>
		</cross>
		<cross name="LWorkz" pos="2955 1591" color="8 148 206">
			<position x="2955" y="1591"/>
		</cross>
		<cross name="RWorkz" pos="11459 1591" color="8 148 206">
			<position x="11459" y="1591"/>
		</cross>
		<cross name="LWorkz" pos="2955 1687" color="8 148 206">
			<position x="2955" y="1687"/>
		</cross>
		<cross name="RWorkz" pos="11459 1687" color="8 148 206">
			<position x="11459" y="1687"/>
		</cross>
		<cross name="LWorkz" pos="2955 1783" color="8 148 206">
			<position x="2955" y="1783"/>
		</cross>
		<cross name="RWorkz" pos="11459 1783" color="8 148 206">
			<position x="11459" y="1783"/>
		</cross>
		<cross name="LWorkz" pos="2955 1879" color="8 148 206">
			<position x="2955" y="1879"/>
		</cross>
		<cross name="RWorkz" pos="11459 1879" color="8 148 206">
			<position x="11459" y="1879"/>
		</cross>
		<cross name="LWorkz" pos="2955 1975" color="8 148 206">
			<position x="2955" y="1975"/>
		</cross>
		<cross name="RWorkz" pos="11459 1975" color="8 148 206">
			<position x="11459" y="1975"/>
		</cross>
		<cross name="LWorkz" pos="2955 2071" color="8 148 206">
			<position x="2955" y="2071"/>
		</cross>
		<cross name="RWorkz" pos="11459 2071" color="8 148 206">
			<position x="11459" y="2071"/>
		</cross>
		<cross name="LWorkz" pos="2955 2167" color="8 148 206">
			<position x="2955" y="2167"/>
		</cross>
		<cross name="RWorkz" pos="11459 2167" color="8 148 206">
			<position x="11459" y="2167"/>
		</cross>
		<cross name="LWorkz" pos="2955 2263" color="8 148 206">
			<position x="2955" y="2263"/>
		</cross>
		<cross name="RWorkz" pos="11459 2263" color="8 148 206">
			<position x="11459" y="2263"/>
		</cross>
		<cross name="LWorkz" pos="2955 2359" color="8 148 206">
			<position x="2955" y="2359"/>
		</cross>
		<cross name="RWorkz" pos="11459 2359" color="8 148 206">
			<position x="11459" y="2359"/>
		</cross>
		<cross name="LWorkz" pos="2955 2455" color="8 148 206">
			<position x="2955" y="2455"/>
		</cross>
		<cross name="RWorkz" pos="11459 2455" color="8 148 206">
			<position x="11459" y="2455"/>
		</cross>
		<cross name="LWorkz" pos="2955 2551" color="8 148 206">
			<position x="2955" y="2551"/>
		</cross>
		<cross name="RWorkz" pos="11459 2551" color="8 148 206">
			<position x="11459" y="2551"/>
		</cross>
		<cross name="LWorkz" pos="2955 2647" color="8 148 206">
			<position x="2955" y="2647"/>
		</cross>
		<cross name="RWorkz" pos="11459 2647" color="8 148 206">
			<position x="11459" y="2647"/>
		</cross>
		<cross name="LWorkz" pos="2955 2743" color="8 148 206">
			<position x="2955" y="2743"/>
		</cross>
		<cross name="RWorkz" pos="11459 2743" color="8 148 206">
			<position x="11459" y="2743"/>
		</cross>
		<cross name="LWorkz" pos="2955 2839" color="8 148 206">
			<position x="2955" y="2839"/>
		</cross>
		<cross name="RWorkz" pos="11459 2839" color="8 148 206">
			<position x="11459" y="2839"/>
		</cross>
		<cross name="LWorkz" pos="2955 2935" color="8 148 206">
			<position x="2955" y="2935"/>
		</cross>
		<cross name="RWorkz" pos="11459 2935" color="8 148 206">
			<position x="11459" y="2935"/>
		</cross>
		<cross name="LWorkz" pos="2955 3031" color="8 148 206">
			<position x="2955" y="3031"/>
		</cross>
		<cross name="RWorkz" pos="11459 3031" color="8 148 206">
			<position x="11459" y="3031"/>
		</cross>
	</image>
</camera>