<?xml version="1.0"?>
<camera name="TO" company="SICK AG, AutoIdent" device="ICR890-4 CORE 12k" version="V2.13.0.17225" identifier=" ">
	<schema major="2" minor="8" patch="0"/>
	<image objectid="33">
		<trayindex>33</trayindex>
		<imageinfo type="JPEG">
			<quality>80</quality>
			<resolution>270</resolution>
			<size width="8512" length="3259"/>
			<origin x="2950" y="0"/>
			<increment start="22929" stop="23229"/>
			<captureline start="1690496" stop="1693754"/>
			<fvec>0x00000080</fvec>
			<fvectxt>FLAT_OBJECT_THRESHOLD</fvectxt>
			<filename>0000000033_0033_TO_20251225_124313.jpg</filename>
			<filesize>1018238</filesize>
		</imageinfo>
		<decoder version="8.1.0">
			<config>
				<Params1D>51 1 2 255 0 0 1 0 10 0 1 2147483647 2147483647 2147483647 2147483647 2147483647 0 0 0 0 500 0 120 0 0 1 0 1 0 2 1 1 0 1 0 1 0 255 0 3 100 4 0 0 0 0 0 0 1 1 90</Params1D>
				<CodeConf_0>1 0 3 0 0 0 0 0 0 0 0 0 0 1 8 50 0 0 0 0 1 0</CodeConf_0>
				<CodeConf_1>1 0 3 0 0 0 0 0 0 0 0 0 0 1 8 50 0 0 0 0 1 4103</CodeConf_1>
				<CodeConf_5>1 0 3 0 0 0 0 0 0 0 0 0 0 1 8 50 0 0 0 0 1 0</CodeConf_5>
				<Params2D>68 1 0 255 0 0 0 0 10 0 1 2147483647 2147483647 2147483647 2147483647 2147483647 0 0 0 0 500 0 120 0 0 1 0 0 0 0 0 0 0 1 0 0 0 255 1 11 100 4 0 0 0 0 0 0 1 1 90</Params2D>
				<DiagConfig>0 0 0 0 0 0 0 0 0 0 0 0 0 0 0 0 0 0 0 0 0</DiagConfig>
				<GlobalConfig>4 0 0 0 0 0 -1 1</GlobalConfig>
				</config>
			<info finish="true">
				<decoderCtrlTimeImage unit="ms" value="93"/>
				<decoderTimeImage unit="ms" value="66"/>
				<decoderDelayStart unit="ms" value="0"/>
				<decoderDelayEnd unit="ms" value="2"/>
				<blocks total="35" decoded="35"/>
				<decodedLine start="1690464" stop="1693823"/>
			</info>
		</decoder>
		<symbol type="C128" pos="7139 1205 7122 1444 6324 1406 6340 1167" groupid="0">
			<position>
				<coordinate x="7139" y="1205"/>
				<coordinate x="7122" y="1444"/>
				<coordinate x="6324" y="1406"/>
				<coordinate x="6340" y="1167"/>
			</position>
			<result length="34" coding="Ascii">1219523033320014129600887321079817</result>
			<symbolinfo>
				<width unit="pix">0.00</width>
				<height unit="pix">239.57</height>
			</symbolinfo>
			<status>2</status>
			<angle>183</angle>
			<decosrc>0</decosrc>
			<qualifier>
				<rq>66</rq>
				<fvec>0x00000000</fvec>
			</qualifier>
			<verifier>
				<qz unit="%" value="100"/>
				<sc value="92" grade="4.0"/>
				<modsize unit="mm" value="4"/>
				<osg grade="0.0"/>
				<v value="36" grade="1.0"/>
				<ecmin value="13" grade="0.0"/>
				<decode value="100" grade="4.0"/>
				<rmin value="0" grade="4.0"/>
				<defects value="0" grade="4.0"/>
				<mod value="14" grade="1.0"/>
			</verifier>
			<moduleinfo>
				<width unit="pix">3.59</width>
				<height unit="pix">239.57</height>
			</moduleinfo>
		</symbol>
		<box name="Roi1D" pos="7139 1205 7122 1444 6324 1406 6340 1167" color="0 255 0" groupid="0">
			<position>
				<coordinate x="7139" y="1205"/>
				<coordinate x="7122" y="1444"/>
				<coordinate x="6324" y="1406"/>
				<coordinate x="6340" y="1167"/>
			</position>
		</box>
		<box name="Box1D" pos="6260 1103 7203 1103 7203 1508 6260 1508" color="0 0 255" groupid="0">
			<position>
				<coordinate x="6260" y="1103"/>
				<coordinate x="7203" y="1103"/>
				<coordinate x="7203" y="1508"/>
				<coordinate x="6260" y="1508"/>
			</position>
		</box>
		<symbol type="C128" pos="7846 2147 7798 2135 7822 1833 7871 1845" groupid="1">
			<position>
				<coordinate x="7846" y="2147"/>
				<coordinate x="7798" y="2135"/>
				<coordinate x="7822" y="1833"/>
				<coordinate x="7871" y="1845"/>
			</position>
			<result length="8" coding="Ascii">99163010</result>
			<symbolinfo>
				<width unit="pix">0.00</width>
				<height unit="pix">49.96</height>
			</symbolinfo>
			<status>2</status>
			<angle>275</angle>
			<decosrc>0</decosrc>
			<qualifier>
				<rq>100</rq>
				<fvec>0x40000000</fvec>
			</qualifier>
			<verifier>
				<qz unit="%" value="100"/>
				<sc value="62" grade="3.0"/>
				<modsize unit="mm" value="4"/>
				<osg grade="0.0"/>
				<v value="30" grade="1.0"/>
				<ecmin value="8" grade="0.0"/>
				<decode value="100" grade="4.0"/>
				<rmin value="0" grade="4.0"/>
				<defects value="62" grade="0.0"/>
				<mod value="12" grade="1.0"/>
			</verifier>
			<moduleinfo>
				<width unit="pix">3.82</width>
				<height unit="pix">49.96</height>
			</moduleinfo>
		</symbol>
		<box name="Roi1D" pos="7846 2147 7798 2135 7822 1833 7871 1845" color="0 255 0" groupid="1">
			<position>
				<coordinate x="7846" y="2147"/>
				<coordinate x="7798" y="2135"/>
				<coordinate x="7822" y="1833"/>
				<coordinate x="7871" y="1845"/>
			</position>
		</box>
		<box name="Box1D" pos="7734 1769 7935 1769 7935 2211 7734 2211" color="0 0 255" groupid="1">
			<position>
				<coordinate x="7734" y="1769"/>
				<coordinate x="7935" y="1769"/>
				<coordinate x="7935" y="2211"/>
				<coordinate x="7734" y="2211"/>
			</position>
		</box>
		<symbol type="C128" pos="7747 2133 7663 2133 7663 1825 7747 1825" groupid="2">
			<position>
				<coordinate x="7747" y="2133"/>
				<coordinate x="7663" y="2133"/>
				<coordinate x="7663" y="1825"/>
				<coordinate x="7747" y="1825"/>
			</position>
			<result length="8" coding="Ascii">99163010</result>
			<symbolinfo>
				<width unit="pix">0.00</width>
				<height unit="pix">84.00</height>
			</symbolinfo>
			<status>2</status>
			<angle>270</angle>
			<decosrc>0</decosrc>
			<qualifier>
				<rq>15</rq>
				<fvec>0x00000002</fvec>
			</qualifier>
			<verifier>
				<qz unit="%" value="100"/>
				<sc value="82" grade="4.0"/>
				<modsize unit="mm" value="4"/>
				<osg grade="0.0"/>
				<v value="3" grade="0.0"/>
				<ecmin value="4" grade="0.0"/>
				<decode value="100" grade="4.0"/>
				<rmin value="0" grade="4.0"/>
				<defects value="0" grade="4.0"/>
				<mod value="5" grade="0.0"/>
			</verifier>
			<moduleinfo>
				<width unit="pix">3.82</width>
				<height unit="pix">84.00</height>
			</moduleinfo>
		</symbol>
		<box name="Roi1D" pos="7747 2133 7663 2133 7663 1825 7747 1825" color="0 255 0" groupid="2">
			<position>
				<coordinate x="7747" y="2133"/>
				<coordinate x="7663" y="2133"/>
				<coordinate x="7663" y="1825"/>
				<coordinate x="7747" y="1825"/>
			</position>
		</box>
		<box name="Box1D" pos="7599 1761 7811 1761 7811 2197 7599 2197" color="0 0 255" groupid="2">
			<position>
				<coordinate x="7599" y="1761"/>
				<coordinate x="7811" y="1761"/>
				<coordinate x="7811" y="2197"/>
				<coordinate x="7599" y="2197"/>
			</position>
		</box>
		<box name="Parcel" pos="8293 200 8062 3612 5406 3423 5638 12" color="255 128 0" groupid="3">
			<position>
				<coordinate x="8293" y="200"/>
				<coordinate x="8062" y="3612"/>
				<coordinate x="5406" y="3423"/>
				<coordinate x="5638" y="12"/>
			</position>
		</box>
		<parcel pos="8293 200 8062 3612 5406 3423 5638 12" groupid="3">
			<position>
				<coordinate x="8293" y="200"/>
				<coordinate x="8062" y="3612"/>
				<coordinate x="5406" y="3423"/>
				<coordinate x="5638" y="12"/>
			</position>
			<dimension unit="mm" height="38" width="253" length="322"/>
			<volume unit="cm3" value="3094"/>
			<angle>-3.9</angle>
			<decosrc>4</decosrc>
			<fvec>0x00000000</fvec>
			<fvectxt></fvectxt>
			<quality>0</quality>
		</parcel>
		<text name="Info" string="SICK" fontsize="30" pos="60 3158" color="8 148 206" layout="1">
			<position x="60" y="3158"/>
		</text>
		<text name="Info" string="Device: ICR890" fontsize="30" pos="8052 50" color="255 0 0" layout="1">
			<position x="8052" y="50"/>
		</text>
		<text name="Info" string="ObjectId: 33" fontsize="30" pos="8052 3158" color="255 0 0" layout="1">
			<position x="8052" y="3158"/>
		</text>
		<line name="DirOfFlow" pos="168 40 277 691" color="255 0 0" layout="1">
			<position>
				<coordinate x="168" y="40"/>
				<coordinate x="277" y="691"/>
			</position>
		</line>
		<line name="DirOfFlow" pos="277 691 60 691" color="255 0 0" layout="1">
			<position>
				<coordinate x="277" y="691"/>
				<coordinate x="60" y="691"/>
			</position>
		</line>
		<line name="DirOfFlow" pos="60 691 168 40" color="255 0 0" layout="1">
			<position>
				<coordinate x="60" y="691"/>
				<coordinate x="168" y="40"/>
			</position>
		</line>
		<cross name="LWorkz" pos="2955 64" color="8 148 206">
			<position x="2955" y="64"/>
		</cross>
		<cross name="RWorkz" pos="11459 64" color="8 148 206">
			<position x="11459" y="64"/>
		</cross>
		<cross name="LWorkz" pos="2955 160" color="8 148 206">
			<position x="2955" y="160"/>
		</cross>
		<cross name="RWorkz" pos="11459 160" color="8 148 206">
			<position x="11459" y="160"/>
		</cross>
		<cross name="LWorkz" pos="2955 256" color="8 148 206">
			<position x="2955" y="256"/>
		</cross>
		<cross name="RWorkz" pos="11459 256" color="8 148 206">
			<position x="11459" y="256"/>
		</cross>
		<cross name="LWorkz" pos="2955 352" color="8 148 206">
			<position x="2955" y="352"/>
		</cross>
		<cross name="RWorkz" pos="11459 352" color="8 148 206">
			<position x="11459" y="352"/>
		</cross>
		<cross name="LWorkz" pos="2955 448" color="8 148 206">
			<position x="2955" y="448"/>
		</cross>
		<cross name="RWorkz" pos="11459 448" color="8 148 206">
			<position x="11459" y="448"/>
		</cross>
		<cross name="LWorkz" pos="2955 544" color="8 148 206">
			<position x="2955" y="544"/>
		</cross>
		<cross name="RWorkz" pos="11459 544" color="8 148 206">
			<position x="11459" y="544"/>
		</cross>
		<cross name="LWorkz" pos="2955 640" color="8 148 206">
			<position x="2955" y="640"/>
		</cross>
		<cross name="RWorkz" pos="11459 640" color="8 148 206">
			<position x="11459" y="640"/>
		</cross>
		<cross name="LWorkz" pos="2955 736" color="8 148 206">
			<position x="2955" y="736"/>
		</cross>
		<cross name="RWorkz" pos="11459 736" color="8 148 206">
			<position x="11459" y="736"/>
		</cross>
		<cross name="LWorkz" pos="2955 832" color="8 148 206">
			<position x="2955" y="832"/>
		</cross>
		<cross name="RWorkz" pos="11459 832" color="8 148 206">
			<position x="11459" y="832"/>
		</cross>
		<cross name="LWorkz" pos="2955 928" color="8 148 206">
			<position x="2955" y="928"/>
		</cross>
		<cross name="RWorkz" pos="11459 928" color="8 148 206">
			<position x="11459" y="928"/>
		</cross>
		<cross name="LWorkz" pos="2955 1024" color="8 148 206">
			<position x="2955" y="1024"/>
		</cross>
		<cross name="RWorkz" pos="11459 1024" color="8 148 206">
			<position x="11459" y="1024"/>
		</cross>
		<cross name="LWorkz" pos="2955 1120" color="8 148 206">
			<position x="2955" y="1120"/>
		</cross>
		<cross name="RWorkz" pos="11459 1120" color="8 148 206">
			<position x="11459" y="1120"/>
		</cross>
		<cross name="LWorkz" pos="2955 1216" color="8 148 206">
			<position x="2955" y="1216"/>
		</cross>
		<cross name="RWorkz" pos="11459 1216" color="8 148 206">
			<position x="11459" y="1216"/>
		</cross>
		<cross name="LWorkz" pos="2955 1312" color="8 148 206">
			<position x="2955" y="1312"/>
		</cross>
		<cross name="RWorkz" pos="11459 1312" color="8 148 206">
			<position x="11459" y="1312"/>
		</cross>
		<cross name="LWorkz" pos="2955 1408" color="8 148 206">
			<position x="2955" y="1408"/>
		</cross>
		<cross name="RWorkz" pos="11459 1408" color="8 148 206">
			<position x="11459" y="1408"/>
		</cross>
		<cross name="LWorkz" pos="2955 1504" color="8 148 206">
			<position x="2955" y="1504"/>
		</cross>
		<cross name="RWorkz" pos="11459 1504" color="8 148 206">
			<position x="11459" y="1504"/>
		</cross>
		<cross name="LWorkz" pos="2955 1600" color="8 148 206">
			<position x="2955" y="1600"/>
		</cross>
		<cross name="RWorkz" pos="11459 1600" color="8 148 206">
			<position x="11459" y="1600"/>
		</cross>
		<cross name="LWorkz" pos="2955 1696" color="8 148 206">
			<position x="2955" y="1696"/>
		</cross>
		<cross name="RWorkz" pos="11459 1696" color="8 148 206">
			<position x="11459" y="1696"/>
		</cross>
		<cross name="LWorkz" pos="2955 1792" color="8 148 206">
			<position x="2955" y="1792"/>
		</cross>
		<cross name="RWorkz" pos="11459 1792" color="8 148 206">
			<position x="11459" y="1792"/>
		</cross>
		<cross name="LWorkz" pos="2955 1888" color="8 148 206">
			<position x="2955" y="1888"/>
		</cross>
		<cross name="RWorkz" pos="11459 1888" color="8 148 206">
			<position x="11459" y="1888"/>
		</cross>
		<cross name="LWorkz" pos="2955 1984" color="8 148 206">
			<position x="2955" y="1984"/>
		</cross>
		<cross name="RWorkz" pos="11459 1984" color="8 148 206">
			<position x="11459" y="1984"/>
		</cross>
		<cross name="LWorkz" pos="2955 2080" color="8 148 206">
			<position x="2955" y="2080"/>
		</cross>
		<cross name="RWorkz" pos="11459 2080" color="8 148 206">
			<position x="11459" y="2080"/>
		</cross>
		<cross name="LWorkz" pos="2955 2176" color="8 148 206">
			<position x="2955" y="2176"/>
		</cross>
		<cross name="RWorkz" pos="11459 2176" color="8 148 206">
			<position x="11459" y="2176"/>
		</cross>
		<cross name="LWorkz" pos="2955 2272" color="8 148 206">
			<position x="2955" y="2272"/>
		</cross>
		<cross name="RWorkz" pos="11459 2272" color="8 148 206">
			<position x="11459" y="2272"/>
		</cross>
		<cross name="LWorkz" pos="2955 2368" color="8 148 206">
			<position x="2955" y="2368"/>
		</cross>
		<cross name="RWorkz" pos="11459 2368" color="8 148 206">
			<position x="11459" y="2368"/>
		</cross>
		<cross name="LWorkz" pos="2955 2464" color="8 148 206">
			<position x="2955" y="2464"/>
		</cross>
		<cross name="RWorkz" pos="11459 2464" color="8 148 206">
			<position x="11459" y="2464"/>
		</cross>
		<cross name="LWorkz" pos="2955 2560" color="8 148 206">
			<position x="2955" y="2560"/>
		</cross>
		<cross name="RWorkz" pos="11459 2560" color="8 148 206">
			<position x="11459" y="2560"/>
		</cross>
		<cross name="LWorkz" pos="2955 2656" color="8 148 206">
			<position x="2955" y="2656"/>
		</cross>
		<cross name="RWorkz" pos="11459 2656" color="8 148 206">
			<position x="11459" y="2656"/>
		</cross>
		<cross name="LWorkz" pos="2955 2752" color="8 148 206">
			<position x="2955" y="2752"/>
		</cross>
		<cross name="RWorkz" pos="11459 2752" color="8 148 206">
			<position x="11459" y="2752"/>
		</cross>
		<cross name="LWorkz" pos="2955 2848" color="8 148 206">
			<position x="2955" y="2848"/>
		</cross>
		<cross name="RWorkz" pos="11459 2848" color="8 148 206">
			<position x="11459" y="2848"/>
		</cross>
		<cross name="LWorkz" pos="2955 2944" color="8 148 206">
			<position x="2955" y="2944"/>
		</cross>
		<cross name="RWorkz" pos="11459 2944" color="8 148 206">
			<position x="11459" y="2944"/>
		</cross>
		<cross name="LWorkz" pos="2955 3040" color="8 148 206">
			<position x="2955" y="3040"/>
		</cross>
		<cross name="RWorkz" pos="11459 3040" color="8 148 206">
			<position x="11459" y="3040"/>
		</cross>
		<cross name="LWorkz" pos="2955 3136" color="8 148 206">
			<position x="2955" y="3136"/>
		</cross>
		<cross name="RWorkz" pos="11459 3136" color="8 148 206">
			<position x="11459" y="3136"/>
		</cross>
		<cross name="LWorkz" pos="2955 3232" color="8 148 206">
			<position x="2955" y="3232"/>
		</cross>
		<cross name="RWorkz" pos="11459 3232" color="8 148 206">
			<position x="11459" y="3232"/>
		</cross>
	</image>
</camera>