<?xml version="1.0"?>
<camera name="TO" company="SICK AG, AutoIdent" device="ICR890-4 CORE 12k" version="V2.13.0.17225" identifier=" ">
	<schema major="2" minor="8" patch="0"/>
	<image objectid="32">
		<trayindex>32</trayindex>
		<imageinfo type="JPEG">
			<quality>80</quality>
			<resolution>270</resolution>
			<size width="5192" length="5032"/>
			<origin x="3914" y="0"/>
			<increment start="22269" stop="22735"/>
			<captureline start="1683369" stop="1688400"/>
			<fvec>0x00000000</fvec>
			<fvectxt></fvectxt>
			<filename>0000000032_0032_TO_20251225_124310.jpg</filename>
			<filesize>1113672</filesize>
		</imageinfo>
		<decoder version="8.1.0">
			<config>
				<Params1D>51 1 2 255 0 0 1 0 10 0 1 2147483647 2147483647 2147483647 2147483647 2147483647 0 0 0 0 500 0 120 0 0 1 0 1 0 2 1 1 0 1 0 1 0 255 0 3 100 4 0 0 0 0 0 0 1 1 90</Params1D>
				<CodeConf_0>1 0 3 0 0 0 0 0 0 0 0 0 0 1 8 50 0 0 0 0 1 0</CodeConf_0>
				<CodeConf_1>1 0 3 0 0 0 0 0 0 0 0 0 0 1 8 50 0 0 0 0 1 4103</CodeConf_1>
				<CodeConf_5>1 0 3 0 0 0 0 0 0 0 0 0 0 1 8 50 0 0 0 0 1 0</CodeConf_5>
				<Params2D>68 1 0 255 0 0 0 0 10 0 1 2147483647 2147483647 2147483647 2147483647 2147483647 0 0 0 0 500 0 120 0 0 1 0 0 0 0 0 0 0 1 0 0 0 255 1 11 100 4 0 0 0 0 0 0 1 1 90</Params2D>
				<DiagConfig>0 0 0 0 0 0 0 0 0 0 0 0 0 0 0 0 0 0 0 0 0</DiagConfig>
				<GlobalConfig>4 0 0 0 0 0 -1 1</GlobalConfig>
				</config>
			<info finish="true">
				<decoderCtrlTimeImage unit="ms" value="122"/>
				<decoderTimeImage unit="ms" value="84"/>
				<decoderDelayStart unit="ms" value="0"/>
				<decoderDelayEnd unit="ms" value="2"/>
				<blocks total="56" decoded="56"/>
				<decodedLine start="1683072" stop="1688447"/>
			</info>
		</decoder>
		<symbol type="C128" pos="5700 3209 5821 2990 6574 3406 6454 3623" groupid="0">
			<position>
				<coordinate x="5700" y="3209"/>
				<coordinate x="5821" y="2990"/>
				<coordinate x="6574" y="3406"/>
				<coordinate x="6454" y="3623"/>
			</position>
			<result length="34" coding="Ascii">1072424933660011869800887402127706</result>
			<symbolinfo>
				<width unit="pix">0.00</width>
				<height unit="pix">249.09</height>
			</symbolinfo>
			<status>2</status>
			<angle>29</angle>
			<decosrc>0</decosrc>
			<qualifier>
				<rq>33</rq>
				<fvec>0x00000000</fvec>
			</qualifier>
			<verifier>
				<qz unit="%" value="100"/>
				<sc value="100" grade="4.0"/>
				<modsize unit="mm" value="4"/>
				<osg grade="0.0"/>
				<v value="5" grade="0.0"/>
				<ecmin value="6" grade="0.0"/>
				<decode value="100" grade="4.0"/>
				<rmin value="0" grade="4.0"/>
				<defects value="4" grade="4.0"/>
				<mod value="6" grade="0.0"/>
			</verifier>
			<moduleinfo>
				<width unit="pix">3.88</width>
				<height unit="pix">249.09</height>
			</moduleinfo>
		</symbol>
		<box name="Roi1D" pos="5700 3209 5821 2990 6574 3406 6454 3623" color="0 255 0" groupid="0">
			<position>
				<coordinate x="5700" y="3209"/>
				<coordinate x="5821" y="2990"/>
				<coordinate x="6574" y="3406"/>
				<coordinate x="6454" y="3623"/>
			</position>
		</box>
		<box name="Box1D" pos="5636 2926 6638 2926 6638 3687 5636 3687" color="0 0 255" groupid="0">
			<position>
				<coordinate x="5636" y="2926"/>
				<coordinate x="6638" y="2926"/>
				<coordinate x="6638" y="3687"/>
				<coordinate x="5636" y="3687"/>
			</position>
		</box>
		<box name="Parcel" pos="8819 1475 7188 5176 4056 3872 5687 209" color="255 128 0" groupid="1">
			<position>
				<coordinate x="8819" y="1475"/>
				<coordinate x="7188" y="5176"/>
				<coordinate x="4056" y="3872"/>
				<coordinate x="5687" y="209"/>
			</position>
		</box>
		<parcel pos="8819 1475 7188 5176 4056 3872 5687 209" groupid="1">
			<position>
				<coordinate x="8819" y="1475"/>
				<coordinate x="7188" y="5176"/>
				<coordinate x="4056" y="3872"/>
				<coordinate x="5687" y="209"/>
			</position>
			<dimension unit="mm" height="106" width="313" length="380"/>
			<volume unit="cm3" value="12614"/>
			<angle>-23.2</angle>
			<decosrc>4</decosrc>
			<fvec>0x00000000</fvec>
			<fvectxt></fvectxt>
			<quality>0</quality>
		</parcel>
		<text name="Info" string="SICK" fontsize="30" pos="60 4931" color="8 148 206" layout="1">
			<position x="60" y="4931"/>
		</text>
		<text name="Info" string="Device: ICR890" fontsize="30" pos="4732 50" color="255 0 0" layout="1">
			<position x="4732" y="50"/>
		</text>
		<text name="Info" string="ObjectId: 32" fontsize="30" pos="4732 4931" color="255 0 0" layout="1">
			<position x="4732" y="4931"/>
		</text>
		<line name="DirOfFlow" pos="227 40 395 1046" color="255 0 0" layout="1">
			<position>
				<coordinate x="227" y="40"/>
				<coordinate x="395" y="1046"/>
			</position>
		</line>
		<line name="DirOfFlow" pos="395 1046 60 1046" color="255 0 0" layout="1">
			<position>
				<coordinate x="395" y="1046"/>
				<coordinate x="60" y="1046"/>
			</position>
		</line>
		<line name="DirOfFlow" pos="60 1046 227 40" color="255 0 0" layout="1">
			<position>
				<coordinate x="60" y="1046"/>
				<coordinate x="227" y="40"/>
			</position>
		</line>
		<cross name="LWorkz" pos="2955 87" color="8 148 206">
			<position x="2955" y="87"/>
		</cross>
		<cross name="RWorkz" pos="11459 87" color="8 148 206">
			<position x="11459" y="87"/>
		</cross>
		<cross name="LWorkz" pos="2955 183" color="8 148 206">
			<position x="2955" y="183"/>
		</cross>
		<cross name="RWorkz" pos="11459 183" color="8 148 206">
			<position x="11459" y="183"/>
		</cross>
		<cross name="LWorkz" pos="2955 279" color="8 148 206">
			<position x="2955" y="279"/>
		</cross>
		<cross name="RWorkz" pos="11459 279" color="8 148 206">
			<position x="11459" y="279"/>
		</cross>
		<cross name="LWorkz" pos="2955 375" color="8 148 206">
			<position x="2955" y="375"/>
		</cross>
		<cross name="RWorkz" pos="11459 375" color="8 148 206">
			<position x="11459" y="375"/>
		</cross>
		<cross name="LWorkz" pos="2955 471" color="8 148 206">
			<position x="2955" y="471"/>
		</cross>
		<cross name="RWorkz" pos="11459 471" color="8 148 206">
			<position x="11459" y="471"/>
		</cross>
		<cross name="LWorkz" pos="2955 567" color="8 148 206">
			<position x="2955" y="567"/>
		</cross>
		<cross name="RWorkz" pos="11459 567" color="8 148 206">
			<position x="11459" y="567"/>
		</cross>
		<cross name="LWorkz" pos="2955 663" color="8 148 206">
			<position x="2955" y="663"/>
		</cross>
		<cross name="RWorkz" pos="11459 663" color="8 148 206">
			<position x="11459" y="663"/>
		</cross>
		<cross name="LWorkz" pos="2955 759" color="8 148 206">
			<position x="2955" y="759"/>
		</cross>
		<cross name="RWorkz" pos="11459 759" color="8 148 206">
			<position x="11459" y="759"/>
		</cross>
		<cross name="LWorkz" pos="2955 855" color="8 148 206">
			<position x="2955" y="855"/>
		</cross>
		<cross name="RWorkz" pos="11459 855" color="8 148 206">
			<position x="11459" y="855"/>
		</cross>
		<cross name="LWorkz" pos="2955 951" color="8 148 206">
			<position x="2955" y="951"/>
		</cross>
		<cross name="RWorkz" pos="11459 951" color="8 148 206">
			<position x="11459" y="951"/>
		</cross>
		<cross name="LWorkz" pos="2955 1047" color="8 148 206">
			<position x="2955" y="1047"/>
		</cross>
		<cross name="RWorkz" pos="11459 1047" color="8 148 206">
			<position x="11459" y="1047"/>
		</cross>
		<cross name="LWorkz" pos="2955 1143" color="8 148 206">
			<position x="2955" y="1143"/>
		</cross>
		<cross name="RWorkz" pos="11459 1143" color="8 148 206">
			<position x="11459" y="1143"/>
		</cross>
		<cross name="LWorkz" pos="2955 1239" color="8 148 206">
			<position x="2955" y="1239"/>
		</cross>
		<cross name="RWorkz" pos="11459 1239" color="8 148 206">
			<position x="11459" y="1239"/>
		</cross>
		<cross name="LWorkz" pos="2955 1335" color="8 148 206">
			<position x="2955" y="1335"/>
		</cross>
		<cross name="RWorkz" pos="11459 1335" color="8 148 206">
			<position x="11459" y="1335"/>
		</cross>
		<cross name="LWorkz" pos="2955 1431" color="8 148 206">
			<position x="2955" y="1431"/>
		</cross>
		<cross name="RWorkz" pos="11459 1431" color="8 148 206">
			<position x="11459" y="1431"/>
		</cross>
		<cross name="LWorkz" pos="2955 1527" color="8 148 206">
			<position x="2955" y="1527"/>
		</cross>
		<cross name="RWorkz" pos="11459 1527" color="8 148 206">
			<position x="11459" y="1527"/>
		</cross>
		<cross name="LWorkz" pos="2955 1623" color="8 148 206">
			<position x="2955" y="1623"/>
		</cross>
		<cross name="RWorkz" pos="11459 1623" color="8 148 206">
			<position x="11459" y="1623"/>
		</cross>
		<cross name="LWorkz" pos="2955 1719" color="8 148 206">
			<position x="2955" y="1719"/>
		</cross>
		<cross name="RWorkz" pos="11459 1719" color="8 148 206">
			<position x="11459" y="1719"/>
		</cross>
		<cross name="LWorkz" pos="2955 1815" color="8 148 206">
			<position x="2955" y="1815"/>
		</cross>
		<cross name="RWorkz" pos="11459 1815" color="8 148 206">
			<position x="11459" y="1815"/>
		</cross>
		<cross name="LWorkz" pos="2955 1911" color="8 148 206">
			<position x="2955" y="1911"/>
		</cross>
		<cross name="RWorkz" pos="11459 1911" color="8 148 206">
			<position x="11459" y="1911"/>
		</cross>
		<cross name="LWorkz" pos="2955 2007" color="8 148 206">
			<position x="2955" y="2007"/>
		</cross>
		<cross name="RWorkz" pos="11459 2007" color="8 148 206">
			<position x="11459" y="2007"/>
		</cross>
		<cross name="LWorkz" pos="2955 2103" color="8 148 206">
			<position x="2955" y="2103"/>
		</cross>
		<cross name="RWorkz" pos="11459 2103" color="8 148 206">
			<position x="11459" y="2103"/>
		</cross>
		<cross name="LWorkz" pos="2955 2199" color="8 148 206">
			<position x="2955" y="2199"/>
		</cross>
		<cross name="RWorkz" pos="11459 2199" color="8 148 206">
			<position x="11459" y="2199"/>
		</cross>
		<cross name="LWorkz" pos="2955 2295" color="8 148 206">
			<position x="2955" y="2295"/>
		</cross>
		<cross name="RWorkz" pos="11459 2295" color="8 148 206">
			<position x="11459" y="2295"/>
		</cross>
		<cross name="LWorkz" pos="2955 2391" color="8 148 206">
			<position x="2955" y="2391"/>
		</cross>
		<cross name="RWorkz" pos="11459 2391" color="8 148 206">
			<position x="11459" y="2391"/>
		</cross>
		<cross name="LWorkz" pos="2955 2487" color="8 148 206">
			<position x="2955" y="2487"/>
		</cross>
		<cross name="RWorkz" pos="11459 2487" color="8 148 206">
			<position x="11459" y="2487"/>
		</cross>
		<cross name="LWorkz" pos="2955 2583" color="8 148 206">
			<position x="2955" y="2583"/>
		</cross>
		<cross name="RWorkz" pos="11459 2583" color="8 148 206">
			<position x="11459" y="2583"/>
		</cross>
		<cross name="LWorkz" pos="2955 2679" color="8 148 206">
			<position x="2955" y="2679"/>
		</cross>
		<cross name="RWorkz" pos="11459 2679" color="8 148 206">
			<position x="11459" y="2679"/>
		</cross>
		<cross name="LWorkz" pos="2955 2775" color="8 148 206">
			<position x="2955" y="2775"/>
		</cross>
		<cross name="RWorkz" pos="11459 2775" color="8 148 206">
			<position x="11459" y="2775"/>
		</cross>
		<cross name="LWorkz" pos="2955 2871" color="8 148 206">
			<position x="2955" y="2871"/>
		</cross>
		<cross name="RWorkz" pos="11459 2871" color="8 148 206">
			<position x="11459" y="2871"/>
		</cross>
		<cross name="LWorkz" pos="2955 2967" color="8 148 206">
			<position x="2955" y="2967"/>
		</cross>
		<cross name="RWorkz" pos="11459 2967" color="8 148 206">
			<position x="11459" y="2967"/>
		</cross>
		<cross name="LWorkz" pos="2955 3063" color="8 148 206">
			<position x="2955" y="3063"/>
		</cross>
		<cross name="RWorkz" pos="11459 3063" color="8 148 206">
			<position x="11459" y="3063"/>
		</cross>
		<cross name="LWorkz" pos="2955 3159" color="8 148 206">
			<position x="2955" y="3159"/>
		</cross>
		<cross name="RWorkz" pos="11459 3159" color="8 148 206">
			<position x="11459" y="3159"/>
		</cross>
		<cross name="LWorkz" pos="2955 3255" color="8 148 206">
			<position x="2955" y="3255"/>
		</cross>
		<cross name="RWorkz" pos="11459 3255" color="8 148 206">
			<position x="11459" y="3255"/>
		</cross>
		<cross name="LWorkz" pos="2955 3351" color="8 148 206">
			<position x="2955" y="3351"/>
		</cross>
		<cross name="RWorkz" pos="11459 3351" color="8 148 206">
			<position x="11459" y="3351"/>
		</cross>
		<cross name="LWorkz" pos="2955 3447" color="8 148 206">
			<position x="2955" y="3447"/>
		</cross>
		<cross name="RWorkz" pos="11459 3447" color="8 148 206">
			<position x="11459" y="3447"/>
		</cross>
		<cross name="LWorkz" pos="2955 3543" color="8 148 206">
			<position x="2955" y="3543"/>
		</cross>
		<cross name="RWorkz" pos="11459 3543" color="8 148 206">
			<position x="11459" y="3543"/>
		</cross>
		<cross name="LWorkz" pos="2955 3639" color="8 148 206">
			<position x="2955" y="3639"/>
		</cross>
		<cross name="RWorkz" pos="11459 3639" color="8 148 206">
			<position x="11459" y="3639"/>
		</cross>
		<cross name="LWorkz" pos="2955 3735" color="8 148 206">
			<position x="2955" y="3735"/>
		</cross>
		<cross name="RWorkz" pos="11459 3735" color="8 148 206">
			<position x="11459" y="3735"/>
		</cross>
		<cross name="LWorkz" pos="2955 3831" color="8 148 206">
			<position x="2955" y="3831"/>
		</cross>
		<cross name="RWorkz" pos="11459 3831" color="8 148 206">
			<position x="11459" y="3831"/>
		</cross>
		<cross name="LWorkz" pos="2955 3927" color="8 148 206">
			<position x="2955" y="3927"/>
		</cross>
		<cross name="RWorkz" pos="11459 3927" color="8 148 206">
			<position x="11459" y="3927"/>
		</cross>
		<cross name="LWorkz" pos="2955 4023" color="8 148 206">
			<position x="2955" y="4023"/>
		</cross>
		<cross name="RWorkz" pos="11459 4023" color="8 148 206">
			<position x="11459" y="4023"/>
		</cross>
		<cross name="LWorkz" pos="2955 4119" color="8 148 206">
			<position x="2955" y="4119"/>
		</cross>
		<cross name="RWorkz" pos="11459 4119" color="8 148 206">
			<position x="11459" y="4119"/>
		</cross>
		<cross name="LWorkz" pos="2955 4215" color="8 148 206">
			<position x="2955" y="4215"/>
		</cross>
		<cross name="RWorkz" pos="11459 4215" color="8 148 206">
			<position x="11459" y="4215"/>
		</cross>
		<cross name="LWorkz" pos="2955 4311" color="8 148 206">
			<position x="2955" y="4311"/>
		</cross>
		<cross name="RWorkz" pos="11459 4311" color="8 148 206">
			<position x="11459" y="4311"/>
		</cross>
		<cross name="LWorkz" pos="2955 4407" color="8 148 206">
			<position x="2955" y="4407"/>
		</cross>
		<cross name="RWorkz" pos="11459 4407" color="8 148 206">
			<position x="11459" y="4407"/>
		</cross>
		<cross name="LWorkz" pos="2955 4503" color="8 148 206">
			<position x="2955" y="4503"/>
		</cross>
		<cross name="RWorkz" pos="11459 4503" color="8 148 206">
			<position x="11459" y="4503"/>
		</cross>
		<cross name="LWorkz" pos="2955 4599" color="8 148 206">
			<position x="2955" y="4599"/>
		</cross>
		<cross name="RWorkz" pos="11459 4599" color="8 148 206">
			<position x="11459" y="4599"/>
		</cross>
		<cross name="LWorkz" pos="2955 4695" color="8 148 206">
			<position x="2955" y="4695"/>
		</cross>
		<cross name="RWorkz" pos="11459 4695" color="8 148 206">
			<position x="11459" y="4695"/>
		</cross>
		<cross name="LWorkz" pos="2955 4791" color="8 148 206">
			<position x="2955" y="4791"/>
		</cross>
		<cross name="RWorkz" pos="11459 4791" color="8 148 206">
			<position x="11459" y="4791"/>
		</cross>
		<cross name="LWorkz" pos="2955 4887" color="8 148 206">
			<position x="2955" y="4887"/>
		</cross>
		<cross name="RWorkz" pos="11459 4887" color="8 148 206">
			<position x="11459" y="4887"/>
		</cross>
		<cross name="LWorkz" pos="2955 4983" color="8 148 206">
			<position x="2955" y="4983"/>
		</cross>
		<cross name="RWorkz" pos="11459 4983" color="8 148 206">
			<position x="11459" y="4983"/>
		</cross>
	</image>
</camera>