<?xml version="1.0"?>
<camera name="TO" company="SICK AG, AutoIdent" device="ICR890-4 CORE 12k" version="V2.13.0.17225" identifier=" ">
	<schema major="2" minor="8" patch="0"/>
	<image objectid="35">
		<trayindex>35</trayindex>
		<imageinfo type="JPEG">
			<quality>80</quality>
			<resolution>270</resolution>
			<size width="5408" length="4126"/>
			<origin x="4002" y="0"/>
			<increment start="24424" stop="24804"/>
			<captureline start="1706739" stop="1710864"/>
			<fvec>0x00000000</fvec>
			<fvectxt></fvectxt>
			<filename>0000000035_0035_TO_20251225_124320.jpg</filename>
			<filesize>1004274</filesize>
		</imageinfo>
		<decoder version="8.1.0">
			<config>
				<Params1D>51 1 2 255 0 0 1 0 10 0 1 2147483647 2147483647 2147483647 2147483647 2147483647 0 0 0 0 500 0 120 0 0 1 0 1 0 2 1 1 0 1 0 1 0 255 0 3 100 4 0 0 0 0 0 0 1 1 90</Params1D>
				<CodeConf_0>1 0 3 0 0 0 0 0 0 0 0 0 0 1 8 50 0 0 0 0 1 0</CodeConf_0>
				<CodeConf_1>1 0 3 0 0 0 0 0 0 0 0 0 0 1 8 50 0 0 0 0 1 4103</CodeConf_1>
				<CodeConf_5>1 0 3 0 0 0 0 0 0 0 0 0 0 1 8 50 0 0 0 0 1 0</CodeConf_5>
				<Params2D>68 1 0 255 0 0 0 0 10 0 1 2147483647 2147483647 2147483647 2147483647 2147483647 0 0 0 0 500 0 120 0 0 1 0 0 0 0 0 0 0 1 0 0 0 255 1 11 100 4 0 0 0 0 0 0 1 1 90</Params2D>
				<DiagConfig>0 0 0 0 0 0 0 0 0 0 0 0 0 0 0 0 0 0 0 0 0</DiagConfig>
				<GlobalConfig>4 0 0 0 0 0 -1 1</GlobalConfig>
				</config>
			<info finish="true">
				<decoderCtrlTimeImage unit="ms" value="125"/>
				<decoderTimeImage unit="ms" value="85"/>
				<decoderDelayStart unit="ms" value="0"/>
				<decoderDelayEnd unit="ms" value="2"/>
				<blocks total="53" decoded="53"/>
				<decodedLine start="1705824" stop="1710911"/>
			</info>
		</decoder>
		<symbol type="C128" pos="5979 1543 6229 1522 6310 2371 6061 2393" groupid="0">
			<position>
				<coordinate x="5979" y="1543"/>
				<coordinate x="6229" y="1522"/>
				<coordinate x="6310" y="2371"/>
				<coordinate x="6061" y="2393"/>
			</position>
			<result length="34" coding="Ascii">1221668833650006080300887400350497</result>
			<symbolinfo>
				<width unit="pix">0.00</width>
				<height unit="pix">250.43</height>
			</symbolinfo>
			<status>2</status>
			<angle>85</angle>
			<decosrc>0</decosrc>
			<qualifier>
				<rq>84</rq>
				<fvec>0x00000000</fvec>
			</qualifier>
			<verifier>
				<qz unit="%" value="100"/>
				<sc value="97" grade="4.0"/>
				<modsize unit="mm" value="4"/>
				<osg grade="3.0"/>
				<v value="45" grade="2.0"/>
				<ecmin value="34" grade="4.0"/>
				<decode value="100" grade="4.0"/>
				<rmin value="0" grade="4.0"/>
				<defects value="1" grade="4.0"/>
				<mod value="36" grade="3.0"/>
			</verifier>
			<moduleinfo>
				<width unit="pix">3.84</width>
				<height unit="pix">250.43</height>
			</moduleinfo>
		</symbol>
		<box name="Roi1D" pos="5979 1543 6229 1522 6310 2371 6061 2393" color="0 255 0" groupid="0">
			<position>
				<coordinate x="5979" y="1543"/>
				<coordinate x="6229" y="1522"/>
				<coordinate x="6310" y="2371"/>
				<coordinate x="6061" y="2393"/>
			</position>
		</box>
		<box name="Box1D" pos="5915 1458 6374 1458 6374 2457 5915 2457" color="0 0 255" groupid="0">
			<position>
				<coordinate x="5915" y="1458"/>
				<coordinate x="6374" y="1458"/>
				<coordinate x="6374" y="2457"/>
				<coordinate x="5915" y="2457"/>
			</position>
		</box>
		<box name="Parcel" pos="8945 3495 4722 3851 4446 585 8690 229" color="255 128 0" groupid="1">
			<position>
				<coordinate x="8945" y="3495"/>
				<coordinate x="4722" y="3851"/>
				<coordinate x="4446" y="585"/>
				<coordinate x="8690" y="229"/>
			</position>
		</box>
		<parcel pos="8945 3495 4722 3851 4446 585 8690 229" groupid="1">
			<position>
				<coordinate x="8945" y="3495"/>
				<coordinate x="4722" y="3851"/>
				<coordinate x="4446" y="585"/>
				<coordinate x="8690" y="229"/>
			</position>
			<dimension unit="mm" height="304" width="309" length="401"/>
			<volume unit="cm3" value="37739"/>
			<angle>-85.3</angle>
			<decosrc>4</decosrc>
			<fvec>0x00000000</fvec>
			<fvectxt></fvectxt>
			<quality>0</quality>
		</parcel>
		<text name="Info" string="SICK" fontsize="30" pos="60 4025" color="8 148 206" layout="1">
			<position x="60" y="4025"/>
		</text>
		<text name="Info" string="Device: ICR890" fontsize="30" pos="4948 50" color="255 0 0" layout="1">
			<position x="4948" y="50"/>
		</text>
		<text name="Info" string="ObjectId: 35" fontsize="30" pos="4948 4025" color="255 0 0" layout="1">
			<position x="4948" y="4025"/>
		</text>
		<line name="DirOfFlow" pos="197 40 335 865" color="255 0 0" layout="1">
			<position>
				<coordinate x="197" y="40"/>
				<coordinate x="335" y="865"/>
			</position>
		</line>
		<line name="DirOfFlow" pos="335 865 60 865" color="255 0 0" layout="1">
			<position>
				<coordinate x="335" y="865"/>
				<coordinate x="60" y="865"/>
			</position>
		</line>
		<line name="DirOfFlow" pos="60 865 197 40" color="255 0 0" layout="1">
			<position>
				<coordinate x="60" y="865"/>
				<coordinate x="197" y="40"/>
			</position>
		</line>
		<cross name="LWorkz" pos="2955 45" color="8 148 206">
			<position x="2955" y="45"/>
		</cross>
		<cross name="RWorkz" pos="11459 45" color="8 148 206">
			<position x="11459" y="45"/>
		</cross>
		<cross name="LWorkz" pos="2955 141" color="8 148 206">
			<position x="2955" y="141"/>
		</cross>
		<cross name="RWorkz" pos="11459 141" color="8 148 206">
			<position x="11459" y="141"/>
		</cross>
		<cross name="LWorkz" pos="2955 237" color="8 148 206">
			<position x="2955" y="237"/>
		</cross>
		<cross name="RWorkz" pos="11459 237" color="8 148 206">
			<position x="11459" y="237"/>
		</cross>
		<cross name="LWorkz" pos="2955 333" color="8 148 206">
			<position x="2955" y="333"/>
		</cross>
		<cross name="RWorkz" pos="11459 333" color="8 148 206">
			<position x="11459" y="333"/>
		</cross>
		<cross name="LWorkz" pos="2955 429" color="8 148 206">
			<position x="2955" y="429"/>
		</cross>
		<cross name="RWorkz" pos="11459 429" color="8 148 206">
			<position x="11459" y="429"/>
		</cross>
		<cross name="LWorkz" pos="2955 525" color="8 148 206">
			<position x="2955" y="525"/>
		</cross>
		<cross name="RWorkz" pos="11459 525" color="8 148 206">
			<position x="11459" y="525"/>
		</cross>
		<cross name="LWorkz" pos="2955 621" color="8 148 206">
			<position x="2955" y="621"/>
		</cross>
		<cross name="RWorkz" pos="11459 621" color="8 148 206">
			<position x="11459" y="621"/>
		</cross>
		<cross name="LWorkz" pos="2955 717" color="8 148 206">
			<position x="2955" y="717"/>
		</cross>
		<cross name="RWorkz" pos="11459 717" color="8 148 206">
			<position x="11459" y="717"/>
		</cross>
		<cross name="LWorkz" pos="2955 813" color="8 148 206">
			<position x="2955" y="813"/>
		</cross>
		<cross name="RWorkz" pos="11459 813" color="8 148 206">
			<position x="11459" y="813"/>
		</cross>
		<cross name="LWorkz" pos="2955 909" color="8 148 206">
			<position x="2955" y="909"/>
		</cross>
		<cross name="RWorkz" pos="11459 909" color="8 148 206">
			<position x="11459" y="909"/>
		</cross>
		<cross name="LWorkz" pos="2955 1005" color="8 148 206">
			<position x="2955" y="1005"/>
		</cross>
		<cross name="RWorkz" pos="11459 1005" color="8 148 206">
			<position x="11459" y="1005"/>
		</cross>
		<cross name="LWorkz" pos="2955 1101" color="8 148 206">
			<position x="2955" y="1101"/>
		</cross>
		<cross name="RWorkz" pos="11459 1101" color="8 148 206">
			<position x="11459" y="1101"/>
		</cross>
		<cross name="LWorkz" pos="2955 1197" color="8 148 206">
			<position x="2955" y="1197"/>
		</cross>
		<cross name="RWorkz" pos="11459 1197" color="8 148 206">
			<position x="11459" y="1197"/>
		</cross>
		<cross name="LWorkz" pos="2955 1293" color="8 148 206">
			<position x="2955" y="1293"/>
		</cross>
		<cross name="RWorkz" pos="11459 1293" color="8 148 206">
			<position x="11459" y="1293"/>
		</cross>
		<cross name="LWorkz" pos="2955 1389" color="8 148 206">
			<position x="2955" y="1389"/>
		</cross>
		<cross name="RWorkz" pos="11459 1389" color="8 148 206">
			<position x="11459" y="1389"/>
		</cross>
		<cross name="LWorkz" pos="2955 1485" color="8 148 206">
			<position x="2955" y="1485"/>
		</cross>
		<cross name="RWorkz" pos="11459 1485" color="8 148 206">
			<position x="11459" y="1485"/>
		</cross>
		<cross name="LWorkz" pos="2955 1581" color="8 148 206">
			<position x="2955" y="1581"/>
		</cross>
		<cross name="RWorkz" pos="11459 1581" color="8 148 206">
			<position x="11459" y="1581"/>
		</cross>
		<cross name="LWorkz" pos="2955 1677" color="8 148 206">
			<position x="2955" y="1677"/>
		</cross>
		<cross name="RWorkz" pos="11459 1677" color="8 148 206">
			<position x="11459" y="1677"/>
		</cross>
		<cross name="LWorkz" pos="2955 1773" color="8 148 206">
			<position x="2955" y="1773"/>
		</cross>
		<cross name="RWorkz" pos="11459 1773" color="8 148 206">
			<position x="11459" y="1773"/>
		</cross>
		<cross name="LWorkz" pos="2955 1869" color="8 148 206">
			<position x="2955" y="1869"/>
		</cross>
		<cross name="RWorkz" pos="11459 1869" color="8 148 206">
			<position x="11459" y="1869"/>
		</cross>
		<cross name="LWorkz" pos="2955 1965" color="8 148 206">
			<position x="2955" y="1965"/>
		</cross>
		<cross name="RWorkz" pos="11459 1965" color="8 148 206">
			<position x="11459" y="1965"/>
		</cross>
		<cross name="LWorkz" pos="2955 2061" color="8 148 206">
			<position x="2955" y="2061"/>
		</cross>
		<cross name="RWorkz" pos="11459 2061" color="8 148 206">
			<position x="11459" y="2061"/>
		</cross>
		<cross name="LWorkz" pos="2955 2157" color="8 148 206">
			<position x="2955" y="2157"/>
		</cross>
		<cross name="RWorkz" pos="11459 2157" color="8 148 206">
			<position x="11459" y="2157"/>
		</cross>
		<cross name="LWorkz" pos="2955 2253" color="8 148 206">
			<position x="2955" y="2253"/>
		</cross>
		<cross name="RWorkz" pos="11459 2253" color="8 148 206">
			<position x="11459" y="2253"/>
		</cross>
		<cross name="LWorkz" pos="2955 2349" color="8 148 206">
			<position x="2955" y="2349"/>
		</cross>
		<cross name="RWorkz" pos="11459 2349" color="8 148 206">
			<position x="11459" y="2349"/>
		</cross>
		<cross name="LWorkz" pos="2955 2445" color="8 148 206">
			<position x="2955" y="2445"/>
		</cross>
		<cross name="RWorkz" pos="11459 2445" color="8 148 206">
			<position x="11459" y="2445"/>
		</cross>
		<cross name="LWorkz" pos="2955 2541" color="8 148 206">
			<position x="2955" y="2541"/>
		</cross>
		<cross name="RWorkz" pos="11459 2541" color="8 148 206">
			<position x="11459" y="2541"/>
		</cross>
		<cross name="LWorkz" pos="2955 2637" color="8 148 206">
			<position x="2955" y="2637"/>
		</cross>
		<cross name="RWorkz" pos="11459 2637" color="8 148 206">
			<position x="11459" y="2637"/>
		</cross>
		<cross name="LWorkz" pos="2955 2733" color="8 148 206">
			<position x="2955" y="2733"/>
		</cross>
		<cross name="RWorkz" pos="11459 2733" color="8 148 206">
			<position x="11459" y="2733"/>
		</cross>
		<cross name="LWorkz" pos="2955 2829" color="8 148 206">
			<position x="2955" y="2829"/>
		</cross>
		<cross name="RWorkz" pos="11459 2829" color="8 148 206">
			<position x="11459" y="2829"/>
		</cross>
		<cross name="LWorkz" pos="2955 2925" color="8 148 206">
			<position x="2955" y="2925"/>
		</cross>
		<cross name="RWorkz" pos="11459 2925" color="8 148 206">
			<position x="11459" y="2925"/>
		</cross>
		<cross name="LWorkz" pos="2955 3021" color="8 148 206">
			<position x="2955" y="3021"/>
		</cross>
		<cross name="RWorkz" pos="11459 3021" color="8 148 206">
			<position x="11459" y="3021"/>
		</cross>
		<cross name="LWorkz" pos="2955 3117" color="8 148 206">
			<position x="2955" y="3117"/>
		</cross>
		<cross name="RWorkz" pos="11459 3117" color="8 148 206">
			<position x="11459" y="3117"/>
		</cross>
		<cross name="LWorkz" pos="2955 3213" color="8 148 206">
			<position x="2955" y="3213"/>
		</cross>
		<cross name="RWorkz" pos="11459 3213" color="8 148 206">
			<position x="11459" y="3213"/>
		</cross>
		<cross name="LWorkz" pos="2955 3309" color="8 148 206">
			<position x="2955" y="3309"/>
		</cross>
		<cross name="RWorkz" pos="11459 3309" color="8 148 206">
			<position x="11459" y="3309"/>
		</cross>
		<cross name="LWorkz" pos="2955 3405" color="8 148 206">
			<position x="2955" y="3405"/>
		</cross>
		<cross name="RWorkz" pos="11459 3405" color="8 148 206">
			<position x="11459" y="3405"/>
		</cross>
		<cross name="LWorkz" pos="2955 3501" color="8 148 206">
			<position x="2955" y="3501"/>
		</cross>
		<cross name="RWorkz" pos="11459 3501" color="8 148 206">
			<position x="11459" y="3501"/>
		</cross>
		<cross name="LWorkz" pos="2955 3597" color="8 148 206">
			<position x="2955" y="3597"/>
		</cross>
		<cross name="RWorkz" pos="11459 3597" color="8 148 206">
			<position x="11459" y="3597"/>
		</cross>
		<cross name="LWorkz" pos="2955 3693" color="8 148 206">
			<position x="2955" y="3693"/>
		</cross>
		<cross name="RWorkz" pos="11459 3693" color="8 148 206">
			<position x="11459" y="3693"/>
		</cross>
		<cross name="LWorkz" pos="2955 3789" color="8 148 206">
			<position x="2955" y="3789"/>
		</cross>
		<cross name="RWorkz" pos="11459 3789" color="8 148 206">
			<position x="11459" y="3789"/>
		</cross>
		<cross name="LWorkz" pos="2955 3885" color="8 148 206">
			<position x="2955" y="3885"/>
		</cross>
		<cross name="RWorkz" pos="11459 3885" color="8 148 206">
			<position x="11459" y="3885"/>
		</cross>
		<cross name="LWorkz" pos="2955 3981" color="8 148 206">
			<position x="2955" y="3981"/>
		</cross>
		<cross name="RWorkz" pos="11459 3981" color="8 148 206">
			<position x="11459" y="3981"/>
		</cross>
		<cross name="LWorkz" pos="2955 4077" color="8 148 206">
			<position x="2955" y="4077"/>
		</cross>
		<cross name="RWorkz" pos="11459 4077" color="8 148 206">
			<position x="11459" y="4077"/>
		</cross>
	</image>
</camera>