<?xml version="1.0"?>
<camera name="TO" company="SICK AG, AutoIdent" device="ICR890-4 CORE 12k" version="V2.13.0.17225" identifier=" ">
	<schema major="2" minor="8" patch="0"/>
	<image objectid="30">
		<trayindex>30</trayindex>
		<imageinfo type="JPEG">
			<quality>80</quality>
			<resolution>270</resolution>
			<size width="4720" length="5126"/>
			<origin x="3048" y="0"/>
			<increment start="20163" stop="20630"/>
			<captureline start="1660423" stop="1665548"/>
			<fvec>0x00000000</fvec>
			<fvectxt></fvectxt>
			<filename>0000000030_0030_TO_20251225_124259.jpg</filename>
			<filesize>1160490</filesize>
		</imageinfo>
		<decoder version="8.1.0">
			<config>
				<Params1D>51 1 2 255 0 0 1 0 10 0 1 2147483647 2147483647 2147483647 2147483647 2147483647 0 0 0 0 500 0 120 0 0 1 0 1 0 2 1 1 0 1 0 1 0 255 0 3 100 4 0 0 0 0 0 0 1 1 90</Params1D>
				<CodeConf_0>1 0 3 0 0 0 0 0 0 0 0 0 0 1 8 50 0 0 0 0 1 0</CodeConf_0>
				<CodeConf_1>1 0 3 0 0 0 0 0 0 0 0 0 0 1 8 50 0 0 0 0 1 4103</CodeConf_1>
				<CodeConf_5>1 0 3 0 0 0 0 0 0 0 0 0 0 1 8 50 0 0 0 0 1 0</CodeConf_5>
				<Params2D>68 1 0 255 0 0 0 0 10 0 1 2147483647 2147483647 2147483647 2147483647 2147483647 0 0 0 0 500 0 120 0 0 1 0 0 0 0 0 0 0 1 0 0 0 255 1 11 100 4 0 0 0 0 0 0 1 1 90</Params2D>
				<DiagConfig>0 0 0 0 0 0 0 0 0 0 0 0 0 0 0 0 0 0 0 0 0</DiagConfig>
				<GlobalConfig>4 0 0 0 0 0 -1 1</GlobalConfig>
				</config>
			<info finish="true">
				<decoderCtrlTimeImage unit="ms" value="135"/>
				<decoderTimeImage unit="ms" value="87"/>
				<decoderDelayStart unit="ms" value="0"/>
				<decoderDelayEnd unit="ms" value="2"/>
				<blocks total="65" decoded="65"/>
				<decodedLine start="1659840" stop="1666079"/>
			</info>
		</decoder>
		<symbol type="C128" pos="5912 1997 5894 2247 5051 2166 5070 1916" groupid="0">
			<position>
				<coordinate x="5912" y="1997"/>
				<coordinate x="5894" y="2247"/>
				<coordinate x="5051" y="2166"/>
				<coordinate x="5070" y="1916"/>
			</position>
			<result length="34" coding="Ascii">1221668833650002017000887393867814</result>
			<symbolinfo>
				<width unit="pix">0.00</width>
				<height unit="pix">250.68</height>
			</symbolinfo>
			<status>2</status>
			<angle>185</angle>
			<decosrc>0</decosrc>
			<qualifier>
				<rq>92</rq>
				<fvec>0x00000000</fvec>
			</qualifier>
			<verifier>
				<qz unit="%" value="100"/>
				<sc value="94" grade="4.0"/>
				<modsize unit="mm" value="4"/>
				<osg grade="3.0"/>
				<v value="41" grade="2.0"/>
				<ecmin value="26" grade="4.0"/>
				<decode value="100" grade="4.0"/>
				<rmin value="0" grade="4.0"/>
				<defects value="1" grade="4.0"/>
				<mod value="27" grade="3.0"/>
			</verifier>
			<moduleinfo>
				<width unit="pix">3.81</width>
				<height unit="pix">250.68</height>
			</moduleinfo>
		</symbol>
		<box name="Roi1D" pos="5912 1997 5894 2247 5051 2166 5070 1916" color="0 255 0" groupid="0">
			<position>
				<coordinate x="5912" y="1997"/>
				<coordinate x="5894" y="2247"/>
				<coordinate x="5051" y="2166"/>
				<coordinate x="5070" y="1916"/>
			</position>
		</box>
		<box name="Box1D" pos="4987 1852 5976 1852 5976 2311 4987 2311" color="0 0 255" groupid="0">
			<position>
				<coordinate x="4987" y="1852"/>
				<coordinate x="5976" y="1852"/>
				<coordinate x="5976" y="2311"/>
				<coordinate x="4987" y="2311"/>
			</position>
		</box>
		<box name="Parcel" pos="7697 166 7675 5478 3410 5457 3432 145" color="255 128 0" groupid="1">
			<position>
				<coordinate x="7697" y="166"/>
				<coordinate x="7675" y="5478"/>
				<coordinate x="3410" y="5457"/>
				<coordinate x="3432" y="145"/>
			</position>
		</box>
		<parcel pos="7697 166 7675 5478 3410 5457 3432 145" groupid="1">
			<position>
				<coordinate x="7697" y="166"/>
				<coordinate x="7675" y="5478"/>
				<coordinate x="3410" y="5457"/>
				<coordinate x="3432" y="145"/>
			</position>
			<dimension unit="mm" height="118" width="390" length="495"/>
			<volume unit="cm3" value="22762"/>
			<angle>-0.2</angle>
			<decosrc>4</decosrc>
			<fvec>0x00000000</fvec>
			<fvectxt></fvectxt>
			<quality>0</quality>
		</parcel>
		<text name="Info" string="SICK" fontsize="30" pos="60 5025" color="8 148 206" layout="1">
			<position x="60" y="5025"/>
		</text>
		<text name="Info" string="Device: ICR890" fontsize="30" pos="4260 50" color="255 0 0" layout="1">
			<position x="4260" y="50"/>
		</text>
		<text name="Info" string="ObjectId: 30" fontsize="30" pos="4260 5025" color="255 0 0" layout="1">
			<position x="4260" y="5025"/>
		</text>
		<line name="DirOfFlow" pos="230 40 401 1065" color="255 0 0" layout="1">
			<position>
				<coordinate x="230" y="40"/>
				<coordinate x="401" y="1065"/>
			</position>
		</line>
		<line name="DirOfFlow" pos="401 1065 60 1065" color="255 0 0" layout="1">
			<position>
				<coordinate x="401" y="1065"/>
				<coordinate x="60" y="1065"/>
			</position>
		</line>
		<line name="DirOfFlow" pos="60 1065 230 40" color="255 0 0" layout="1">
			<position>
				<coordinate x="60" y="1065"/>
				<coordinate x="230" y="40"/>
			</position>
		</line>
		<cross name="LWorkz" pos="2955 89" color="8 148 206">
			<position x="2955" y="89"/>
		</cross>
		<cross name="RWorkz" pos="11459 89" color="8 148 206">
			<position x="11459" y="89"/>
		</cross>
		<cross name="LWorkz" pos="2955 185" color="8 148 206">
			<position x="2955" y="185"/>
		</cross>
		<cross name="RWorkz" pos="11459 185" color="8 148 206">
			<position x="11459" y="185"/>
		</cross>
		<cross name="LWorkz" pos="2955 281" color="8 148 206">
			<position x="2955" y="281"/>
		</cross>
		<cross name="RWorkz" pos="11459 281" color="8 148 206">
			<position x="11459" y="281"/>
		</cross>
		<cross name="LWorkz" pos="2955 377" color="8 148 206">
			<position x="2955" y="377"/>
		</cross>
		<cross name="RWorkz" pos="11459 377" color="8 148 206">
			<position x="11459" y="377"/>
		</cross>
		<cross name="LWorkz" pos="2955 473" color="8 148 206">
			<position x="2955" y="473"/>
		</cross>
		<cross name="RWorkz" pos="11459 473" color="8 148 206">
			<position x="11459" y="473"/>
		</cross>
		<cross name="LWorkz" pos="2955 569" color="8 148 206">
			<position x="2955" y="569"/>
		</cross>
		<cross name="RWorkz" pos="11459 569" color="8 148 206">
			<position x="11459" y="569"/>
		</cross>
		<cross name="LWorkz" pos="2955 665" color="8 148 206">
			<position x="2955" y="665"/>
		</cross>
		<cross name="RWorkz" pos="11459 665" color="8 148 206">
			<position x="11459" y="665"/>
		</cross>
		<cross name="LWorkz" pos="2955 761" color="8 148 206">
			<position x="2955" y="761"/>
		</cross>
		<cross name="RWorkz" pos="11459 761" color="8 148 206">
			<position x="11459" y="761"/>
		</cross>
		<cross name="LWorkz" pos="2955 857" color="8 148 206">
			<position x="2955" y="857"/>
		</cross>
		<cross name="RWorkz" pos="11459 857" color="8 148 206">
			<position x="11459" y="857"/>
		</cross>
		<cross name="LWorkz" pos="2955 953" color="8 148 206">
			<position x="2955" y="953"/>
		</cross>
		<cross name="RWorkz" pos="11459 953" color="8 148 206">
			<position x="11459" y="953"/>
		</cross>
		<cross name="LWorkz" pos="2955 1049" color="8 148 206">
			<position x="2955" y="1049"/>
		</cross>
		<cross name="RWorkz" pos="11459 1049" color="8 148 206">
			<position x="11459" y="1049"/>
		</cross>
		<cross name="LWorkz" pos="2955 1145" color="8 148 206">
			<position x="2955" y="1145"/>
		</cross>
		<cross name="RWorkz" pos="11459 1145" color="8 148 206">
			<position x="11459" y="1145"/>
		</cross>
		<cross name="LWorkz" pos="2955 1241" color="8 148 206">
			<position x="2955" y="1241"/>
		</cross>
		<cross name="RWorkz" pos="11459 1241" color="8 148 206">
			<position x="11459" y="1241"/>
		</cross>
		<cross name="LWorkz" pos="2955 1337" color="8 148 206">
			<position x="2955" y="1337"/>
		</cross>
		<cross name="RWorkz" pos="11459 1337" color="8 148 206">
			<position x="11459" y="1337"/>
		</cross>
		<cross name="LWorkz" pos="2955 1433" color="8 148 206">
			<position x="2955" y="1433"/>
		</cross>
		<cross name="RWorkz" pos="11459 1433" color="8 148 206">
			<position x="11459" y="1433"/>
		</cross>
		<cross name="LWorkz" pos="2955 1529" color="8 148 206">
			<position x="2955" y="1529"/>
		</cross>
		<cross name="RWorkz" pos="11459 1529" color="8 148 206">
			<position x="11459" y="1529"/>
		</cross>
		<cross name="LWorkz" pos="2955 1625" color="8 148 206">
			<position x="2955" y="1625"/>
		</cross>
		<cross name="RWorkz" pos="11459 1625" color="8 148 206">
			<position x="11459" y="1625"/>
		</cross>
		<cross name="LWorkz" pos="2955 1721" color="8 148 206">
			<position x="2955" y="1721"/>
		</cross>
		<cross name="RWorkz" pos="11459 1721" color="8 148 206">
			<position x="11459" y="1721"/>
		</cross>
		<cross name="LWorkz" pos="2955 1817" color="8 148 206">
			<position x="2955" y="1817"/>
		</cross>
		<cross name="RWorkz" pos="11459 1817" color="8 148 206">
			<position x="11459" y="1817"/>
		</cross>
		<cross name="LWorkz" pos="2955 1913" color="8 148 206">
			<position x="2955" y="1913"/>
		</cross>
		<cross name="RWorkz" pos="11459 1913" color="8 148 206">
			<position x="11459" y="1913"/>
		</cross>
		<cross name="LWorkz" pos="2955 2009" color="8 148 206">
			<position x="2955" y="2009"/>
		</cross>
		<cross name="RWorkz" pos="11459 2009" color="8 148 206">
			<position x="11459" y="2009"/>
		</cross>
		<cross name="LWorkz" pos="2955 2105" color="8 148 206">
			<position x="2955" y="2105"/>
		</cross>
		<cross name="RWorkz" pos="11459 2105" color="8 148 206">
			<position x="11459" y="2105"/>
		</cross>
		<cross name="LWorkz" pos="2955 2201" color="8 148 206">
			<position x="2955" y="2201"/>
		</cross>
		<cross name="RWorkz" pos="11459 2201" color="8 148 206">
			<position x="11459" y="2201"/>
		</cross>
		<cross name="LWorkz" pos="2955 2297" color="8 148 206">
			<position x="2955" y="2297"/>
		</cross>
		<cross name="RWorkz" pos="11459 2297" color="8 148 206">
			<position x="11459" y="2297"/>
		</cross>
		<cross name="LWorkz" pos="2955 2393" color="8 148 206">
			<position x="2955" y="2393"/>
		</cross>
		<cross name="RWorkz" pos="11459 2393" color="8 148 206">
			<position x="11459" y="2393"/>
		</cross>
		<cross name="LWorkz" pos="2955 2489" color="8 148 206">
			<position x="2955" y="2489"/>
		</cross>
		<cross name="RWorkz" pos="11459 2489" color="8 148 206">
			<position x="11459" y="2489"/>
		</cross>
		<cross name="LWorkz" pos="2955 2585" color="8 148 206">
			<position x="2955" y="2585"/>
		</cross>
		<cross name="RWorkz" pos="11459 2585" color="8 148 206">
			<position x="11459" y="2585"/>
		</cross>
		<cross name="LWorkz" pos="2955 2681" color="8 148 206">
			<position x="2955" y="2681"/>
		</cross>
		<cross name="RWorkz" pos="11459 2681" color="8 148 206">
			<position x="11459" y="2681"/>
		</cross>
		<cross name="LWorkz" pos="2955 2777" color="8 148 206">
			<position x="2955" y="2777"/>
		</cross>
		<cross name="RWorkz" pos="11459 2777" color="8 148 206">
			<position x="11459" y="2777"/>
		</cross>
		<cross name="LWorkz" pos="2955 2873" color="8 148 206">
			<position x="2955" y="2873"/>
		</cross>
		<cross name="RWorkz" pos="11459 2873" color="8 148 206">
			<position x="11459" y="2873"/>
		</cross>
		<cross name="LWorkz" pos="2955 2969" color="8 148 206">
			<position x="2955" y="2969"/>
		</cross>
		<cross name="RWorkz" pos="11459 2969" color="8 148 206">
			<position x="11459" y="2969"/>
		</cross>
		<cross name="LWorkz" pos="2955 3065" color="8 148 206">
			<position x="2955" y="3065"/>
		</cross>
		<cross name="RWorkz" pos="11459 3065" color="8 148 206">
			<position x="11459" y="3065"/>
		</cross>
		<cross name="LWorkz" pos="2955 3161" color="8 148 206">
			<position x="2955" y="3161"/>
		</cross>
		<cross name="RWorkz" pos="11459 3161" color="8 148 206">
			<position x="11459" y="3161"/>
		</cross>
		<cross name="LWorkz" pos="2955 3257" color="8 148 206">
			<position x="2955" y="3257"/>
		</cross>
		<cross name="RWorkz" pos="11459 3257" color="8 148 206">
			<position x="11459" y="3257"/>
		</cross>
		<cross name="LWorkz" pos="2955 3353" color="8 148 206">
			<position x="2955" y="3353"/>
		</cross>
		<cross name="RWorkz" pos="11459 3353" color="8 148 206">
			<position x="11459" y="3353"/>
		</cross>
		<cross name="LWorkz" pos="2955 3449" color="8 148 206">
			<position x="2955" y="3449"/>
		</cross>
		<cross name="RWorkz" pos="11459 3449" color="8 148 206">
			<position x="11459" y="3449"/>
		</cross>
		<cross name="LWorkz" pos="2955 3545" color="8 148 206">
			<position x="2955" y="3545"/>
		</cross>
		<cross name="RWorkz" pos="11459 3545" color="8 148 206">
			<position x="11459" y="3545"/>
		</cross>
		<cross name="LWorkz" pos="2955 3641" color="8 148 206">
			<position x="2955" y="3641"/>
		</cross>
		<cross name="RWorkz" pos="11459 3641" color="8 148 206">
			<position x="11459" y="3641"/>
		</cross>
		<cross name="LWorkz" pos="2955 3737" color="8 148 206">
			<position x="2955" y="3737"/>
		</cross>
		<cross name="RWorkz" pos="11459 3737" color="8 148 206">
			<position x="11459" y="3737"/>
		</cross>
		<cross name="LWorkz" pos="2955 3833" color="8 148 206">
			<position x="2955" y="3833"/>
		</cross>
		<cross name="RWorkz" pos="11459 3833" color="8 148 206">
			<position x="11459" y="3833"/>
		</cross>
		<cross name="LWorkz" pos="2955 3929" color="8 148 206">
			<position x="2955" y="3929"/>
		</cross>
		<cross name="RWorkz" pos="11459 3929" color="8 148 206">
			<position x="11459" y="3929"/>
		</cross>
		<cross name="LWorkz" pos="2955 4025" color="8 148 206">
			<position x="2955" y="4025"/>
		</cross>
		<cross name="RWorkz" pos="11459 4025" color="8 148 206">
			<position x="11459" y="4025"/>
		</cross>
		<cross name="LWorkz" pos="2955 4121" color="8 148 206">
			<position x="2955" y="4121"/>
		</cross>
		<cross name="RWorkz" pos="11459 4121" color="8 148 206">
			<position x="11459" y="4121"/>
		</cross>
		<cross name="LWorkz" pos="2955 4217" color="8 148 206">
			<position x="2955" y="4217"/>
		</cross>
		<cross name="RWorkz" pos="11459 4217" color="8 148 206">
			<position x="11459" y="4217"/>
		</cross>
		<cross name="LWorkz" pos="2955 4313" color="8 148 206">
			<position x="2955" y="4313"/>
		</cross>
		<cross name="RWorkz" pos="11459 4313" color="8 148 206">
			<position x="11459" y="4313"/>
		</cross>
		<cross name="LWorkz" pos="2955 4409" color="8 148 206">
			<position x="2955" y="4409"/>
		</cross>
		<cross name="RWorkz" pos="11459 4409" color="8 148 206">
			<position x="11459" y="4409"/>
		</cross>
		<cross name="LWorkz" pos="2955 4505" color="8 148 206">
			<position x="2955" y="4505"/>
		</cross>
		<cross name="RWorkz" pos="11459 4505" color="8 148 206">
			<position x="11459" y="4505"/>
		</cross>
		<cross name="LWorkz" pos="2955 4601" color="8 148 206">
			<position x="2955" y="4601"/>
		</cross>
		<cross name="RWorkz" pos="11459 4601" color="8 148 206">
			<position x="11459" y="4601"/>
		</cross>
		<cross name="LWorkz" pos="2955 4697" color="8 148 206">
			<position x="2955" y="4697"/>
		</cross>
		<cross name="RWorkz" pos="11459 4697" color="8 148 206">
			<position x="11459" y="4697"/>
		</cross>
		<cross name="LWorkz" pos="2955 4793" color="8 148 206">
			<position x="2955" y="4793"/>
		</cross>
		<cross name="RWorkz" pos="11459 4793" color="8 148 206">
			<position x="11459" y="4793"/>
		</cross>
		<cross name="LWorkz" pos="2955 4889" color="8 148 206">
			<position x="2955" y="4889"/>
		</cross>
		<cross name="RWorkz" pos="11459 4889" color="8 148 206">
			<position x="11459" y="4889"/>
		</cross>
		<cross name="LWorkz" pos="2955 4985" color="8 148 206">
			<position x="2955" y="4985"/>
		</cross>
		<cross name="RWorkz" pos="11459 4985" color="8 148 206">
			<position x="11459" y="4985"/>
		</cross>
		<cross name="LWorkz" pos="2955 5081" color="8 148 206">
			<position x="2955" y="5081"/>
		</cross>
		<cross name="RWorkz" pos="11459 5081" color="8 148 206">
			<position x="11459" y="5081"/>
		</cross>
	</image>
</camera>