<?xml version="1.0"?>
<camera name="TO" company="SICK AG, AutoIdent" device="ICR890-4 CORE 12k" version="V2.13.0.17225" identifier=" ">
	<schema major="2" minor="8" patch="0"/>
	<image objectid="31">
		<trayindex>31</trayindex>
		<imageinfo type="JPEG">
			<quality>80</quality>
			<resolution>270</resolution>
			<size width="4704" length="4810"/>
			<origin x="3862" y="0"/>
			<increment start="21342" stop="21782"/>
			<captureline start="1673266" stop="1678075"/>
			<fvec>0x00000000</fvec>
			<fvectxt></fvectxt>
			<filename>0000000031_0031_TO_20251225_124304.jpg</filename>
			<filesize>1080412</filesize>
		</imageinfo>
		<decoder version="8.1.0">
			<config>
				<Params1D>51 1 2 255 0 0 1 0 10 0 1 2147483647 2147483647 2147483647 2147483647 2147483647 0 0 0 0 500 0 120 0 0 1 0 1 0 2 1 1 0 1 0 1 0 255 0 3 100 4 0 0 0 0 0 0 1 1 90</Params1D>
				<CodeConf_0>1 0 3 0 0 0 0 0 0 0 0 0 0 1 8 50 0 0 0 0 1 0</CodeConf_0>
				<CodeConf_1>1 0 3 0 0 0 0 0 0 0 0 0 0 1 8 50 0 0 0 0 1 4103</CodeConf_1>
				<CodeConf_5>1 0 3 0 0 0 0 0 0 0 0 0 0 1 8 50 0 0 0 0 1 0</CodeConf_5>
				<Params2D>68 1 0 255 0 0 0 0 10 0 1 2147483647 2147483647 2147483647 2147483647 2147483647 0 0 0 0 500 0 120 0 0 1 0 0 0 0 0 0 0 1 0 0 0 255 1 11 100 4 0 0 0 0 0 0 1 1 90</Params2D>
				<DiagConfig>0 0 0 0 0 0 0 0 0 0 0 0 0 0 0 0 0 0 0 0 0</DiagConfig>
				<GlobalConfig>4 0 0 0 0 0 -1 1</GlobalConfig>
				</config>
			<info finish="true">
				<decoderCtrlTimeImage unit="ms" value="122"/>
				<decoderTimeImage unit="ms" value="80"/>
				<decoderDelayStart unit="ms" value="0"/>
				<decoderDelayEnd unit="ms" value="1"/>
				<blocks total="62" decoded="62"/>
				<decodedLine start="1672128" stop="1678079"/>
			</info>
		</decoder>
		<symbol type="C128" pos="6453 1585 6467 1835 5633 1865 5620 1615" groupid="0">
			<position>
				<coordinate x="6453" y="1585"/>
				<coordinate x="6467" y="1835"/>
				<coordinate x="5633" y="1865"/>
				<coordinate x="5620" y="1615"/>
			</position>
			<result length="34" coding="Ascii">1221668833650005542100887398826573</result>
			<symbolinfo>
				<width unit="pix">0.00</width>
				<height unit="pix">250.36</height>
			</symbolinfo>
			<status>2</status>
			<angle>178</angle>
			<decosrc>0</decosrc>
			<qualifier>
				<rq>61</rq>
				<fvec>0x00000000</fvec>
			</qualifier>
			<verifier>
				<qz unit="%" value="100"/>
				<sc value="96" grade="4.0"/>
				<modsize unit="mm" value="4"/>
				<osg grade="3.0"/>
				<v value="47" grade="2.0"/>
				<ecmin value="29" grade="4.0"/>
				<decode value="100" grade="4.0"/>
				<rmin value="0" grade="4.0"/>
				<defects value="1" grade="4.0"/>
				<mod value="31" grade="3.0"/>
			</verifier>
			<moduleinfo>
				<width unit="pix">3.75</width>
				<height unit="pix">250.36</height>
			</moduleinfo>
		</symbol>
		<box name="Roi1D" pos="6453 1585 6467 1835 5633 1865 5620 1615" color="0 255 0" groupid="0">
			<position>
				<coordinate x="6453" y="1585"/>
				<coordinate x="6467" y="1835"/>
				<coordinate x="5633" y="1865"/>
				<coordinate x="5620" y="1615"/>
			</position>
		</box>
		<box name="Box1D" pos="5556 1521 6531 1521 6531 1929 5556 1929" color="0 0 255" groupid="0">
			<position>
				<coordinate x="5556" y="1521"/>
				<coordinate x="6531" y="1521"/>
				<coordinate x="6531" y="1929"/>
				<coordinate x="5556" y="1929"/>
			</position>
		</box>
		<box name="Parcel" pos="8111 4177 4664 4493 4304 502 7751 176" color="255 128 0" groupid="1">
			<position>
				<coordinate x="8111" y="4177"/>
				<coordinate x="4664" y="4493"/>
				<coordinate x="4304" y="502"/>
				<coordinate x="7751" y="176"/>
			</position>
		</box>
		<parcel pos="8111 4177 4664 4493 4304 502 7751 176" groupid="1">
			<position>
				<coordinate x="8111" y="4177"/>
				<coordinate x="4664" y="4493"/>
				<coordinate x="4304" y="502"/>
				<coordinate x="7751" y="176"/>
			</position>
			<dimension unit="mm" height="330" width="327" length="375"/>
			<volume unit="cm3" value="40554"/>
			<angle>5.2</angle>
			<decosrc>4</decosrc>
			<fvec>0x00000000</fvec>
			<fvectxt></fvectxt>
			<quality>0</quality>
		</parcel>
		<text name="Info" string="SICK" fontsize="30" pos="60 4709" color="8 148 206" layout="1">
			<position x="60" y="4709"/>
		</text>
		<text name="Info" string="Device: ICR890" fontsize="30" pos="4244 50" color="255 0 0" layout="1">
			<position x="4244" y="50"/>
		</text>
		<text name="Info" string="ObjectId: 31" fontsize="30" pos="4244 4709" color="255 0 0" layout="1">
			<position x="4244" y="4709"/>
		</text>
		<line name="DirOfFlow" pos="220 40 380 1002" color="255 0 0" layout="1">
			<position>
				<coordinate x="220" y="40"/>
				<coordinate x="380" y="1002"/>
			</position>
		</line>
		<line name="DirOfFlow" pos="380 1002 60 1002" color="255 0 0" layout="1">
			<position>
				<coordinate x="380" y="1002"/>
				<coordinate x="60" y="1002"/>
			</position>
		</line>
		<line name="DirOfFlow" pos="60 1002 220 40" color="255 0 0" layout="1">
			<position>
				<coordinate x="60" y="1002"/>
				<coordinate x="220" y="40"/>
			</position>
		</line>
		<cross name="LWorkz" pos="2955 14" color="8 148 206">
			<position x="2955" y="14"/>
		</cross>
		<cross name="RWorkz" pos="11459 14" color="8 148 206">
			<position x="11459" y="14"/>
		</cross>
		<cross name="LWorkz" pos="2955 110" color="8 148 206">
			<position x="2955" y="110"/>
		</cross>
		<cross name="RWorkz" pos="11459 110" color="8 148 206">
			<position x="11459" y="110"/>
		</cross>
		<cross name="LWorkz" pos="2955 206" color="8 148 206">
			<position x="2955" y="206"/>
		</cross>
		<cross name="RWorkz" pos="11459 206" color="8 148 206">
			<position x="11459" y="206"/>
		</cross>
		<cross name="LWorkz" pos="2955 302" color="8 148 206">
			<position x="2955" y="302"/>
		</cross>
		<cross name="RWorkz" pos="11459 302" color="8 148 206">
			<position x="11459" y="302"/>
		</cross>
		<cross name="LWorkz" pos="2955 398" color="8 148 206">
			<position x="2955" y="398"/>
		</cross>
		<cross name="RWorkz" pos="11459 398" color="8 148 206">
			<position x="11459" y="398"/>
		</cross>
		<cross name="LWorkz" pos="2955 494" color="8 148 206">
			<position x="2955" y="494"/>
		</cross>
		<cross name="RWorkz" pos="11459 494" color="8 148 206">
			<position x="11459" y="494"/>
		</cross>
		<cross name="LWorkz" pos="2955 590" color="8 148 206">
			<position x="2955" y="590"/>
		</cross>
		<cross name="RWorkz" pos="11459 590" color="8 148 206">
			<position x="11459" y="590"/>
		</cross>
		<cross name="LWorkz" pos="2955 686" color="8 148 206">
			<position x="2955" y="686"/>
		</cross>
		<cross name="RWorkz" pos="11459 686" color="8 148 206">
			<position x="11459" y="686"/>
		</cross>
		<cross name="LWorkz" pos="2955 782" color="8 148 206">
			<position x="2955" y="782"/>
		</cross>
		<cross name="RWorkz" pos="11459 782" color="8 148 206">
			<position x="11459" y="782"/>
		</cross>
		<cross name="LWorkz" pos="2955 878" color="8 148 206">
			<position x="2955" y="878"/>
		</cross>
		<cross name="RWorkz" pos="11459 878" color="8 148 206">
			<position x="11459" y="878"/>
		</cross>
		<cross name="LWorkz" pos="2955 974" color="8 148 206">
			<position x="2955" y="974"/>
		</cross>
		<cross name="RWorkz" pos="11459 974" color="8 148 206">
			<position x="11459" y="974"/>
		</cross>
		<cross name="LWorkz" pos="2955 1070" color="8 148 206">
			<position x="2955" y="1070"/>
		</cross>
		<cross name="RWorkz" pos="11459 1070" color="8 148 206">
			<position x="11459" y="1070"/>
		</cross>
		<cross name="LWorkz" pos="2955 1166" color="8 148 206">
			<position x="2955" y="1166"/>
		</cross>
		<cross name="RWorkz" pos="11459 1166" color="8 148 206">
			<position x="11459" y="1166"/>
		</cross>
		<cross name="LWorkz" pos="2955 1262" color="8 148 206">
			<position x="2955" y="1262"/>
		</cross>
		<cross name="RWorkz" pos="11459 1262" color="8 148 206">
			<position x="11459" y="1262"/>
		</cross>
		<cross name="LWorkz" pos="2955 1358" color="8 148 206">
			<position x="2955" y="1358"/>
		</cross>
		<cross name="RWorkz" pos="11459 1358" color="8 148 206">
			<position x="11459" y="1358"/>
		</cross>
		<cross name="LWorkz" pos="2955 1454" color="8 148 206">
			<position x="2955" y="1454"/>
		</cross>
		<cross name="RWorkz" pos="11459 1454" color="8 148 206">
			<position x="11459" y="1454"/>
		</cross>
		<cross name="LWorkz" pos="2955 1550" color="8 148 206">
			<position x="2955" y="1550"/>
		</cross>
		<cross name="RWorkz" pos="11459 1550" color="8 148 206">
			<position x="11459" y="1550"/>
		</cross>
		<cross name="LWorkz" pos="2955 1646" color="8 148 206">
			<position x="2955" y="1646"/>
		</cross>
		<cross name="RWorkz" pos="11459 1646" color="8 148 206">
			<position x="11459" y="1646"/>
		</cross>
		<cross name="LWorkz" pos="2955 1742" color="8 148 206">
			<position x="2955" y="1742"/>
		</cross>
		<cross name="RWorkz" pos="11459 1742" color="8 148 206">
			<position x="11459" y="1742"/>
		</cross>
		<cross name="LWorkz" pos="2955 1838" color="8 148 206">
			<position x="2955" y="1838"/>
		</cross>
		<cross name="RWorkz" pos="11459 1838" color="8 148 206">
			<position x="11459" y="1838"/>
		</cross>
		<cross name="LWorkz" pos="2955 1934" color="8 148 206">
			<position x="2955" y="1934"/>
		</cross>
		<cross name="RWorkz" pos="11459 1934" color="8 148 206">
			<position x="11459" y="1934"/>
		</cross>
		<cross name="LWorkz" pos="2955 2030" color="8 148 206">
			<position x="2955" y="2030"/>
		</cross>
		<cross name="RWorkz" pos="11459 2030" color="8 148 206">
			<position x="11459" y="2030"/>
		</cross>
		<cross name="LWorkz" pos="2955 2126" color="8 148 206">
			<position x="2955" y="2126"/>
		</cross>
		<cross name="RWorkz" pos="11459 2126" color="8 148 206">
			<position x="11459" y="2126"/>
		</cross>
		<cross name="LWorkz" pos="2955 2222" color="8 148 206">
			<position x="2955" y="2222"/>
		</cross>
		<cross name="RWorkz" pos="11459 2222" color="8 148 206">
			<position x="11459" y="2222"/>
		</cross>
		<cross name="LWorkz" pos="2955 2318" color="8 148 206">
			<position x="2955" y="2318"/>
		</cross>
		<cross name="RWorkz" pos="11459 2318" color="8 148 206">
			<position x="11459" y="2318"/>
		</cross>
		<cross name="LWorkz" pos="2955 2414" color="8 148 206">
			<position x="2955" y="2414"/>
		</cross>
		<cross name="RWorkz" pos="11459 2414" color="8 148 206">
			<position x="11459" y="2414"/>
		</cross>
		<cross name="LWorkz" pos="2955 2510" color="8 148 206">
			<position x="2955" y="2510"/>
		</cross>
		<cross name="RWorkz" pos="11459 2510" color="8 148 206">
			<position x="11459" y="2510"/>
		</cross>
		<cross name="LWorkz" pos="2955 2606" color="8 148 206">
			<position x="2955" y="2606"/>
		</cross>
		<cross name="RWorkz" pos="11459 2606" color="8 148 206">
			<position x="11459" y="2606"/>
		</cross>
		<cross name="LWorkz" pos="2955 2702" color="8 148 206">
			<position x="2955" y="2702"/>
		</cross>
		<cross name="RWorkz" pos="11459 2702" color="8 148 206">
			<position x="11459" y="2702"/>
		</cross>
		<cross name="LWorkz" pos="2955 2798" color="8 148 206">
			<position x="2955" y="2798"/>
		</cross>
		<cross name="RWorkz" pos="11459 2798" color="8 148 206">
			<position x="11459" y="2798"/>
		</cross>
		<cross name="LWorkz" pos="2955 2894" color="8 148 206">
			<position x="2955" y="2894"/>
		</cross>
		<cross name="RWorkz" pos="11459 2894" color="8 148 206">
			<position x="11459" y="2894"/>
		</cross>
		<cross name="LWorkz" pos="2955 2990" color="8 148 206">
			<position x="2955" y="2990"/>
		</cross>
		<cross name="RWorkz" pos="11459 2990" color="8 148 206">
			<position x="11459" y="2990"/>
		</cross>
		<cross name="LWorkz" pos="2955 3086" color="8 148 206">
			<position x="2955" y="3086"/>
		</cross>
		<cross name="RWorkz" pos="11459 3086" color="8 148 206">
			<position x="11459" y="3086"/>
		</cross>
		<cross name="LWorkz" pos="2955 3182" color="8 148 206">
			<position x="2955" y="3182"/>
		</cross>
		<cross name="RWorkz" pos="11459 3182" color="8 148 206">
			<position x="11459" y="3182"/>
		</cross>
		<cross name="LWorkz" pos="2955 3278" color="8 148 206">
			<position x="2955" y="3278"/>
		</cross>
		<cross name="RWorkz" pos="11459 3278" color="8 148 206">
			<position x="11459" y="3278"/>
		</cross>
		<cross name="LWorkz" pos="2955 3374" color="8 148 206">
			<position x="2955" y="3374"/>
		</cross>
		<cross name="RWorkz" pos="11459 3374" color="8 148 206">
			<position x="11459" y="3374"/>
		</cross>
		<cross name="LWorkz" pos="2955 3470" color="8 148 206">
			<position x="2955" y="3470"/>
		</cross>
		<cross name="RWorkz" pos="11459 3470" color="8 148 206">
			<position x="11459" y="3470"/>
		</cross>
		<cross name="LWorkz" pos="2955 3566" color="8 148 206">
			<position x="2955" y="3566"/>
		</cross>
		<cross name="RWorkz" pos="11459 3566" color="8 148 206">
			<position x="11459" y="3566"/>
		</cross>
		<cross name="LWorkz" pos="2955 3662" color="8 148 206">
			<position x="2955" y="3662"/>
		</cross>
		<cross name="RWorkz" pos="11459 3662" color="8 148 206">
			<position x="11459" y="3662"/>
		</cross>
		<cross name="LWorkz" pos="2955 3758" color="8 148 206">
			<position x="2955" y="3758"/>
		</cross>
		<cross name="RWorkz" pos="11459 3758" color="8 148 206">
			<position x="11459" y="3758"/>
		</cross>
		<cross name="LWorkz" pos="2955 3854" color="8 148 206">
			<position x="2955" y="3854"/>
		</cross>
		<cross name="RWorkz" pos="11459 3854" color="8 148 206">
			<position x="11459" y="3854"/>
		</cross>
		<cross name="LWorkz" pos="2955 3950" color="8 148 206">
			<position x="2955" y="3950"/>
		</cross>
		<cross name="RWorkz" pos="11459 3950" color="8 148 206">
			<position x="11459" y="3950"/>
		</cross>
		<cross name="LWorkz" pos="2955 4046" color="8 148 206">
			<position x="2955" y="4046"/>
		</cross>
		<cross name="RWorkz" pos="11459 4046" color="8 148 206">
			<position x="11459" y="4046"/>
		</cross>
		<cross name="LWorkz" pos="2955 4142" color="8 148 206">
			<position x="2955" y="4142"/>
		</cross>
		<cross name="RWorkz" pos="11459 4142" color="8 148 206">
			<position x="11459" y="4142"/>
		</cross>
		<cross name="LWorkz" pos="2955 4238" color="8 148 206">
			<position x="2955" y="4238"/>
		</cross>
		<cross name="RWorkz" pos="11459 4238" color="8 148 206">
			<position x="11459" y="4238"/>
		</cross>
		<cross name="LWorkz" pos="2955 4334" color="8 148 206">
			<position x="2955" y="4334"/>
		</cross>
		<cross name="RWorkz" pos="11459 4334" color="8 148 206">
			<position x="11459" y="4334"/>
		</cross>
		<cross name="LWorkz" pos="2955 4430" color="8 148 206">
			<position x="2955" y="4430"/>
		</cross>
		<cross name="RWorkz" pos="11459 4430" color="8 148 206">
			<position x="11459" y="4430"/>
		</cross>
		<cross name="LWorkz" pos="2955 4526" color="8 148 206">
			<position x="2955" y="4526"/>
		</cross>
		<cross name="RWorkz" pos="11459 4526" color="8 148 206">
			<position x="11459" y="4526"/>
		</cross>
		<cross name="LWorkz" pos="2955 4622" color="8 148 206">
			<position x="2955" y="4622"/>
		</cross>
		<cross name="RWorkz" pos="11459 4622" color="8 148 206">
			<position x="11459" y="4622"/>
		</cross>
		<cross name="LWorkz" pos="2955 4718" color="8 148 206">
			<position x="2955" y="4718"/>
		</cross>
		<cross name="RWorkz" pos="11459 4718" color="8 148 206">
			<position x="11459" y="4718"/>
		</cross>
	</image>
</camera>