<?xml version="1.0"?>
<camera name="BX1" company="SICK AG, AutoIdent" device="ICR890-4 CORE 12k" version="V2.13.0.17225" identifier=" ">
	<schema major="2" minor="8" patch="0"/>
	<image objectid="119">
		<trayindex>119</trayindex>
		<imageinfo type="JPEG">
			<quality>80</quality>
			<resolution>270</resolution>
			<size width="3392" length="4152"/>
			<origin x="6318" y="0"/>
			<increment start="53226" stop="53594"/>
			<captureline start="27327" stop="31478"/>
			<fvec>0x00000000</fvec>
			<fvectxt></fvectxt>
			<filename>20251211_Image102821_Bitunia_1_0000000119_0119.jpg</filename>
			<filesize>1032244</filesize>
		</imageinfo>
		<decoder version="8.1.0">
			<config>
				<Params1D>51 1 2 255 0 0 1 0 10 0 1 2147483647 2147483647 2147483647 2147483647 2147483647 0 0 0 0 500 0 120 0 0 1 0 1 0 2 1 1 0 1 0 1 0 255 0 3 100 4 0 0 0 0 0 0 1 1 90</Params1D>
				<CodeConf_0>1 0 3 0 0 0 0 0 0 0 0 0 0 1 8 50 0 0 0 0 1 0</CodeConf_0>
				<CodeConf_1>1 0 3 0 0 0 0 0 0 0 0 0 0 1 8 50 0 0 0 0 1 4103</CodeConf_1>
				<CodeConf_5>1 0 3 0 0 0 0 0 0 0 0 0 0 1 8 50 0 0 0 0 1 0</CodeConf_5>
				<Params2D>68 1 0 255 0 0 0 0 10 0 1 2147483647 2147483647 2147483647 2147483647 2147483647 0 0 0 0 500 0 120 0 0 1 0 0 0 0 0 0 0 1 0 0 0 255 1 11 100 4 0 0 0 0 0 0 1 1 90</Params2D>
				<DiagConfig>0 0 0 0 0 0 0 0 0 0 0 0 0 0 0 0 0 0 0 0 0</DiagConfig>
				<GlobalConfig>4 0 0 0 0 0 -1 1</GlobalConfig>
				</config>
			<info finish="true">
				<decoderCtrlTimeImage unit="ms" value="121"/>
				<decoderTimeImage unit="ms" value="87"/>
				<decoderDelayStart unit="ms" value="0"/>
				<decoderDelayEnd unit="ms" value="1"/>
				<blocks total="46" decoded="46"/>
				<decodedLine start="27072" stop="31487"/>
			</info>
		</decoder>
		<symbol type="C128" pos="8539 771 8539 1088 7915 1088 7915 771" groupid="0">
			<position>
				<coordinate x="8539" y="771"/>
				<coordinate x="8539" y="1088"/>
				<coordinate x="7915" y="1088"/>
				<coordinate x="7915" y="771"/>
			</position>
			<result length="11" coding="Ascii">spPBYYY9D8L</result>
			<symbolinfo>
				<width unit="pix">0.00</width>
				<height unit="pix">317.00</height>
			</symbolinfo>
			<status>2</status>
			<angle>180</angle>
			<decosrc>0</decosrc>
			<qualifier>
				<rq>5</rq>
				<fvec>0x00000000</fvec>
			</qualifier>
			<verifier>
				<sc grade="4.0" value="97"/>
				<defects grade="4.0" value="1"/>
				<v grade="4.0" value="67"/>
				<modsize value="4" unit="mm"/>
				<qz value="100" unit="%"/>
				<ecmin grade="4.0" value="54"/>
				<mod grade="4.0" value="55"/>
				<osg grade="4.0"/>
				<decode grade="4.0" value="100"/>
				<rmin grade="4.0" value="0"/>
			</verifier>
			<moduleinfo>
				<width unit="pix">4.00</width>
				<height unit="pix">317.00</height>
			</moduleinfo>
		</symbol>
		<box name="Roi1D" pos="8539 771 8539 1088 7915 1088 7915 771" color="0 255 0" groupid="0">
			<position>
				<coordinate x="8539" y="771"/>
				<coordinate x="8539" y="1088"/>
				<coordinate x="7915" y="1088"/>
				<coordinate x="7915" y="771"/>
			</position>
		</box>
		<box name="Box1D" pos="7851 707 8603 707 8603 1152 7851 1152" color="0 0 255" groupid="0">
			<position>
				<coordinate x="7851" y="707"/>
				<coordinate x="8603" y="707"/>
				<coordinate x="8603" y="1152"/>
				<coordinate x="7851" y="1152"/>
			</position>
		</box>
		<symbol type="C128" pos="7826 1871 7813 1945 7312 1859 7325 1786" groupid="1">
			<position>
				<coordinate x="7826" y="1871"/>
				<coordinate x="7813" y="1945"/>
				<coordinate x="7312" y="1859"/>
				<coordinate x="7325" y="1786"/>
			</position>
			<result length="13" coding="Ascii">RU0131212677Z</result>
			<symbolinfo>
				<width unit="pix">0.00</width>
				<height unit="pix">74.64</height>
			</symbolinfo>
			<status>2</status>
			<angle>190</angle>
			<decosrc>0</decosrc>
			<qualifier>
				<rq>100</rq>
				<fvec>0x00000000</fvec>
			</qualifier>
			<verifier>
				<sc grade="4.0" value="89"/>
				<defects grade="4.0" value="1"/>
				<v grade="2.0" value="38"/>
				<modsize value="4" unit="mm"/>
				<qz value="100" unit="%"/>
				<ecmin grade="4.0" value="32"/>
				<mod grade="3.0" value="36"/>
				<osg grade="3.0"/>
				<decode grade="4.0" value="100"/>
				<rmin grade="4.0" value="0"/>
			</verifier>
			<moduleinfo>
				<width unit="pix">3.51</width>
				<height unit="pix">74.64</height>
			</moduleinfo>
		</symbol>
		<box name="Roi1D" pos="7826 1871 7813 1945 7312 1859 7325 1786" color="0 255 0" groupid="1">
			<position>
				<coordinate x="7826" y="1871"/>
				<coordinate x="7813" y="1945"/>
				<coordinate x="7312" y="1859"/>
				<coordinate x="7325" y="1786"/>
			</position>
		</box>
		<box name="Box1D" pos="7248 1722 7890 1722 7890 2009 7248 2009" color="0 0 255" groupid="1">
			<position>
				<coordinate x="7248" y="1722"/>
				<coordinate x="7890" y="1722"/>
				<coordinate x="7890" y="2009"/>
				<coordinate x="7248" y="2009"/>
			</position>
		</box>
		<symbol type="C128" pos="9115 2839 9122 2954 8485 2974 8479 2859" groupid="2">
			<position>
				<coordinate x="9115" y="2839"/>
				<coordinate x="9122" y="2954"/>
				<coordinate x="8485" y="2974"/>
				<coordinate x="8479" y="2859"/>
			</position>
			<result length="11" coding="Ascii">spPBYWQQBKR</result>
			<symbolinfo>
				<width unit="pix">0.00</width>
				<height unit="pix">115.18</height>
			</symbolinfo>
			<status>2</status>
			<angle>178</angle>
			<decosrc>0</decosrc>
			<qualifier>
				<rq>100</rq>
				<fvec>0x00000000</fvec>
			</qualifier>
			<verifier>
				<sc grade="4.0" value="94"/>
				<defects grade="4.0" value="6"/>
				<v grade="4.0" value="62"/>
				<modsize value="4" unit="mm"/>
				<qz value="100" unit="%"/>
				<ecmin grade="4.0" value="51"/>
				<mod grade="4.0" value="54"/>
				<osg grade="4.0"/>
				<decode grade="4.0" value="100"/>
				<rmin grade="4.0" value="0"/>
			</verifier>
			<moduleinfo>
				<width unit="pix">4.08</width>
				<height unit="pix">115.18</height>
			</moduleinfo>
		</symbol>
		<box name="Roi1D" pos="9115 2839 9122 2954 8485 2974 8479 2859" color="0 255 0" groupid="2">
			<position>
				<coordinate x="9115" y="2839"/>
				<coordinate x="9122" y="2954"/>
				<coordinate x="8485" y="2974"/>
				<coordinate x="8479" y="2859"/>
			</position>
		</box>
		<box name="Box1D" pos="8415 2775 9186 2775 9186 3038 8415 3038" color="0 0 255" groupid="2">
			<position>
				<coordinate x="8415" y="2775"/>
				<coordinate x="9186" y="2775"/>
				<coordinate x="9186" y="3038"/>
				<coordinate x="8415" y="3038"/>
			</position>
		</box>
		<symbol type="C128" pos="8032 3955 7962 3949 7998 3458 8067 3463" groupid="3">
			<position>
				<coordinate x="8032" y="3955"/>
				<coordinate x="7962" y="3949"/>
				<coordinate x="7998" y="3458"/>
				<coordinate x="8067" y="3463"/>
			</position>
			<result length="13" coding="Ascii">RU0131189907Z</result>
			<symbolinfo>
				<width unit="pix">0.00</width>
				<height unit="pix">69.72</height>
			</symbolinfo>
			<status>2</status>
			<angle>274</angle>
			<decosrc>0</decosrc>
			<qualifier>
				<rq>8</rq>
				<fvec>0x00000000</fvec>
			</qualifier>
			<verifier>
				<sc grade="4.0" value="100"/>
				<defects grade="4.0" value="15"/>
				<v grade="0.0" value="1"/>
				<modsize value="3" unit="mm"/>
				<qz value="100" unit="%"/>
				<ecmin grade="4.0" value="40"/>
				<mod grade="3.0" value="40"/>
				<osg grade="3.0"/>
				<decode grade="4.0" value="100"/>
				<rmin grade="4.0" value="0"/>
			</verifier>
			<moduleinfo>
				<width unit="pix">3.40</width>
				<height unit="pix">69.72</height>
			</moduleinfo>
		</symbol>
		<box name="Roi1D" pos="8032 3955 7962 3949 7998 3458 8067 3463" color="0 255 0" groupid="3">
			<position>
				<coordinate x="8032" y="3955"/>
				<coordinate x="7962" y="3949"/>
				<coordinate x="7998" y="3458"/>
				<coordinate x="8067" y="3463"/>
			</position>
		</box>
		<box name="Box1D" pos="7898 3394 8131 3394 8131 4019 7898 4019" color="0 0 255" groupid="3">
			<position>
				<coordinate x="7898" y="3394"/>
				<coordinate x="8131" y="3394"/>
				<coordinate x="8131" y="4019"/>
				<coordinate x="7898" y="4019"/>
			</position>
		</box>
		<box name="Parcel" pos="9360 3983 6818 4046 6731 443 9295 394" color="255 128 0" groupid="4">
			<position>
				<coordinate x="9360" y="3983"/>
				<coordinate x="6818" y="4046"/>
				<coordinate x="6731" y="443"/>
				<coordinate x="9295" y="394"/>
			</position>
		</box>
		<parcel pos="9360 3983 6818 4046 6731 443 9295 394" groupid="4">
			<position>
				<coordinate x="9360" y="3983"/>
				<coordinate x="6818" y="4046"/>
				<coordinate x="6731" y="443"/>
				<coordinate x="9295" y="394"/>
			</position>
			<dimension unit="mm" height="136" width="236" length="324"/>
			<volume unit="cm3" value="10391"/>
			<angle>1.4</angle>
			<decosrc>4</decosrc>
			<fvec>0x00000000</fvec>
			<fvectxt></fvectxt>
			<quality>0</quality>
		</parcel>
		<text name="Info" string="SICK" fontsize="30" pos="60 4051" color="8 148 206" layout="1">
			<position x="60" y="4051"/>
		</text>
		<text name="Info" string="Device: ICR890" fontsize="30" pos="2932 50" color="255 0 0" layout="1">
			<position x="2932" y="50"/>
		</text>
		<text name="Info" string="ObjectId: 119" fontsize="30" pos="2932 4051" color="255 0 0" layout="1">
			<position x="2932" y="4051"/>
		</text>
		<line name="DirOfFlow" pos="198 40 336 870" color="255 0 0" layout="1">
			<position>
				<coordinate x="198" y="40"/>
				<coordinate x="336" y="870"/>
			</position>
		</line>
		<line name="DirOfFlow" pos="336 870 60 870" color="255 0 0" layout="1">
			<position>
				<coordinate x="336" y="870"/>
				<coordinate x="60" y="870"/>
			</position>
		</line>
		<line name="DirOfFlow" pos="60 870 198 40" color="255 0 0" layout="1">
			<position>
				<coordinate x="60" y="870"/>
				<coordinate x="198" y="40"/>
			</position>
		</line>
		<cross name="LWorkz" pos="2955 33" color="8 148 206">
			<position x="2955" y="33"/>
		</cross>
		<cross name="RWorkz" pos="11459 33" color="8 148 206">
			<position x="11459" y="33"/>
		</cross>
		<cross name="LWorkz" pos="2955 129" color="8 148 206">
			<position x="2955" y="129"/>
		</cross>
		<cross name="RWorkz" pos="11459 129" color="8 148 206">
			<position x="11459" y="129"/>
		</cross>
		<cross name="LWorkz" pos="2955 225" color="8 148 206">
			<position x="2955" y="225"/>
		</cross>
		<cross name="RWorkz" pos="11459 225" color="8 148 206">
			<position x="11459" y="225"/>
		</cross>
		<cross name="LWorkz" pos="2955 321" color="8 148 206">
			<position x="2955" y="321"/>
		</cross>
		<cross name="RWorkz" pos="11459 321" color="8 148 206">
			<position x="11459" y="321"/>
		</cross>
		<cross name="LWorkz" pos="2955 417" color="8 148 206">
			<position x="2955" y="417"/>
		</cross>
		<cross name="RWorkz" pos="11459 417" color="8 148 206">
			<position x="11459" y="417"/>
		</cross>
		<cross name="LWorkz" pos="2955 513" color="8 148 206">
			<position x="2955" y="513"/>
		</cross>
		<cross name="RWorkz" pos="11459 513" color="8 148 206">
			<position x="11459" y="513"/>
		</cross>
		<cross name="LWorkz" pos="2955 609" color="8 148 206">
			<position x="2955" y="609"/>
		</cross>
		<cross name="RWorkz" pos="11459 609" color="8 148 206">
			<position x="11459" y="609"/>
		</cross>
		<cross name="LWorkz" pos="2955 705" color="8 148 206">
			<position x="2955" y="705"/>
		</cross>
		<cross name="RWorkz" pos="11459 705" color="8 148 206">
			<position x="11459" y="705"/>
		</cross>
		<cross name="LWorkz" pos="2955 801" color="8 148 206">
			<position x="2955" y="801"/>
		</cross>
		<cross name="RWorkz" pos="11459 801" color="8 148 206">
			<position x="11459" y="801"/>
		</cross>
		<cross name="LWorkz" pos="2955 897" color="8 148 206">
			<position x="2955" y="897"/>
		</cross>
		<cross name="RWorkz" pos="11459 897" color="8 148 206">
			<position x="11459" y="897"/>
		</cross>
		<cross name="LWorkz" pos="2955 993" color="8 148 206">
			<position x="2955" y="993"/>
		</cross>
		<cross name="RWorkz" pos="11459 993" color="8 148 206">
			<position x="11459" y="993"/>
		</cross>
		<cross name="LWorkz" pos="2955 1089" color="8 148 206">
			<position x="2955" y="1089"/>
		</cross>
		<cross name="RWorkz" pos="11459 1089" color="8 148 206">
			<position x="11459" y="1089"/>
		</cross>
		<cross name="LWorkz" pos="2955 1185" color="8 148 206">
			<position x="2955" y="1185"/>
		</cross>
		<cross name="RWorkz" pos="11459 1185" color="8 148 206">
			<position x="11459" y="1185"/>
		</cross>
		<cross name="LWorkz" pos="2955 1281" color="8 148 206">
			<position x="2955" y="1281"/>
		</cross>
		<cross name="RWorkz" pos="11459 1281" color="8 148 206">
			<position x="11459" y="1281"/>
		</cross>
		<cross name="LWorkz" pos="2955 1377" color="8 148 206">
			<position x="2955" y="1377"/>
		</cross>
		<cross name="RWorkz" pos="11459 1377" color="8 148 206">
			<position x="11459" y="1377"/>
		</cross>
		<cross name="LWorkz" pos="2955 1473" color="8 148 206">
			<position x="2955" y="1473"/>
		</cross>
		<cross name="RWorkz" pos="11459 1473" color="8 148 206">
			<position x="11459" y="1473"/>
		</cross>
		<cross name="LWorkz" pos="2955 1569" color="8 148 206">
			<position x="2955" y="1569"/>
		</cross>
		<cross name="RWorkz" pos="11459 1569" color="8 148 206">
			<position x="11459" y="1569"/>
		</cross>
		<cross name="LWorkz" pos="2955 1665" color="8 148 206">
			<position x="2955" y="1665"/>
		</cross>
		<cross name="RWorkz" pos="11459 1665" color="8 148 206">
			<position x="11459" y="1665"/>
		</cross>
		<cross name="LWorkz" pos="2955 1761" color="8 148 206">
			<position x="2955" y="1761"/>
		</cross>
		<cross name="RWorkz" pos="11459 1761" color="8 148 206">
			<position x="11459" y="1761"/>
		</cross>
		<cross name="LWorkz" pos="2955 1857" color="8 148 206">
			<position x="2955" y="1857"/>
		</cross>
		<cross name="RWorkz" pos="11459 1857" color="8 148 206">
			<position x="11459" y="1857"/>
		</cross>
		<cross name="LWorkz" pos="2955 1953" color="8 148 206">
			<position x="2955" y="1953"/>
		</cross>
		<cross name="RWorkz" pos="11459 1953" color="8 148 206">
			<position x="11459" y="1953"/>
		</cross>
		<cross name="LWorkz" pos="2955 2049" color="8 148 206">
			<position x="2955" y="2049"/>
		</cross>
		<cross name="RWorkz" pos="11459 2049" color="8 148 206">
			<position x="11459" y="2049"/>
		</cross>
		<cross name="LWorkz" pos="2955 2145" color="8 148 206">
			<position x="2955" y="2145"/>
		</cross>
		<cross name="RWorkz" pos="11459 2145" color="8 148 206">
			<position x="11459" y="2145"/>
		</cross>
		<cross name="LWorkz" pos="2955 2241" color="8 148 206">
			<position x="2955" y="2241"/>
		</cross>
		<cross name="RWorkz" pos="11459 2241" color="8 148 206">
			<position x="11459" y="2241"/>
		</cross>
		<cross name="LWorkz" pos="2955 2337" color="8 148 206">
			<position x="2955" y="2337"/>
		</cross>
		<cross name="RWorkz" pos="11459 2337" color="8 148 206">
			<position x="11459" y="2337"/>
		</cross>
		<cross name="LWorkz" pos="2955 2433" color="8 148 206">
			<position x="2955" y="2433"/>
		</cross>
		<cross name="RWorkz" pos="11459 2433" color="8 148 206">
			<position x="11459" y="2433"/>
		</cross>
		<cross name="LWorkz" pos="2955 2529" color="8 148 206">
			<position x="2955" y="2529"/>
		</cross>
		<cross name="RWorkz" pos="11459 2529" color="8 148 206">
			<position x="11459" y="2529"/>
		</cross>
		<cross name="LWorkz" pos="2955 2625" color="8 148 206">
			<position x="2955" y="2625"/>
		</cross>
		<cross name="RWorkz" pos="11459 2625" color="8 148 206">
			<position x="11459" y="2625"/>
		</cross>
		<cross name="LWorkz" pos="2955 2721" color="8 148 206">
			<position x="2955" y="2721"/>
		</cross>
		<cross name="RWorkz" pos="11459 2721" color="8 148 206">
			<position x="11459" y="2721"/>
		</cross>
		<cross name="LWorkz" pos="2955 2817" color="8 148 206">
			<position x="2955" y="2817"/>
		</cross>
		<cross name="RWorkz" pos="11459 2817" color="8 148 206">
			<position x="11459" y="2817"/>
		</cross>
		<cross name="LWorkz" pos="2955 2913" color="8 148 206">
			<position x="2955" y="2913"/>
		</cross>
		<cross name="RWorkz" pos="11459 2913" color="8 148 206">
			<position x="11459" y="2913"/>
		</cross>
		<cross name="LWorkz" pos="2955 3009" color="8 148 206">
			<position x="2955" y="3009"/>
		</cross>
		<cross name="RWorkz" pos="11459 3009" color="8 148 206">
			<position x="11459" y="3009"/>
		</cross>
		<cross name="LWorkz" pos="2955 3105" color="8 148 206">
			<position x="2955" y="3105"/>
		</cross>
		<cross name="RWorkz" pos="11459 3105" color="8 148 206">
			<position x="11459" y="3105"/>
		</cross>
		<cross name="LWorkz" pos="2955 3201" color="8 148 206">
			<position x="2955" y="3201"/>
		</cross>
		<cross name="RWorkz" pos="11459 3201" color="8 148 206">
			<position x="11459" y="3201"/>
		</cross>
		<cross name="LWorkz" pos="2955 3297" color="8 148 206">
			<position x="2955" y="3297"/>
		</cross>
		<cross name="RWorkz" pos="11459 3297" color="8 148 206">
			<position x="11459" y="3297"/>
		</cross>
		<cross name="LWorkz" pos="2955 3393" color="8 148 206">
			<position x="2955" y="3393"/>
		</cross>
		<cross name="RWorkz" pos="11459 3393" color="8 148 206">
			<position x="11459" y="3393"/>
		</cross>
		<cross name="LWorkz" pos="2955 3489" color="8 148 206">
			<position x="2955" y="3489"/>
		</cross>
		<cross name="RWorkz" pos="11459 3489" color="8 148 206">
			<position x="11459" y="3489"/>
		</cross>
		<cross name="LWorkz" pos="2955 3585" color="8 148 206">
			<position x="2955" y="3585"/>
		</cross>
		<cross name="RWorkz" pos="11459 3585" color="8 148 206">
			<position x="11459" y="3585"/>
		</cross>
		<cross name="LWorkz" pos="2955 3681" color="8 148 206">
			<position x="2955" y="3681"/>
		</cross>
		<cross name="RWorkz" pos="11459 3681" color="8 148 206">
			<position x="11459" y="3681"/>
		</cross>
		<cross name="LWorkz" pos="2955 3777" color="8 148 206">
			<position x="2955" y="3777"/>
		</cross>
		<cross name="RWorkz" pos="11459 3777" color="8 148 206">
			<position x="11459" y="3777"/>
		</cross>
		<cross name="LWorkz" pos="2955 3873" color="8 148 206">
			<position x="2955" y="3873"/>
		</cross>
		<cross name="RWorkz" pos="11459 3873" color="8 148 206">
			<position x="11459" y="3873"/>
		</cross>
		<cross name="LWorkz" pos="2955 3969" color="8 148 206">
			<position x="2955" y="3969"/>
		</cross>
		<cross name="RWorkz" pos="11459 3969" color="8 148 206">
			<position x="11459" y="3969"/>
		</cross>
		<cross name="LWorkz" pos="2955 4065" color="8 148 206">
			<position x="2955" y="4065"/>
		</cross>
		<cross name="RWorkz" pos="11459 4065" color="8 148 206">
			<position x="11459" y="4065"/>
		</cross>
	</image>
</camera>