<?xml version="1.0"?>
<camera name="BX1" company="SICK AG, AutoIdent" device="ICR890-4 CORE 12k" version="V2.13.0.17225" identifier=" ">
	<schema major="2" minor="8" patch="0"/>
	<image objectid="130">
		<trayindex>130</trayindex>
		<imageinfo type="JPEG">
			<quality>80</quality>
			<resolution>270</resolution>
			<size width="6392" length="6544"/>
			<origin x="3256" y="0"/>
			<increment start="10239" stop="10776"/>
			<captureline start="275570" stop="282113"/>
			<fvec>0x00000000</fvec>
			<fvectxt></fvectxt>
			<filename>20251211_Image103923_Bitunia_1_0000000130_0130.jpg</filename>
			<filesize>1561060</filesize>
		</imageinfo>
		<decoder version="8.1.0">
			<config>
				<Params1D>51 1 2 255 0 0 1 0 10 0 1 2147483647 2147483647 2147483647 2147483647 2147483647 0 0 0 0 500 0 120 0 0 1 0 1 0 2 1 1 0 1 0 1 0 255 0 3 100 4 0 0 0 0 0 0 1 1 90</Params1D>
				<CodeConf_0>1 0 3 0 0 0 0 0 0 0 0 0 0 1 8 50 0 0 0 0 1 0</CodeConf_0>
				<CodeConf_1>1 0 3 0 0 0 0 0 0 0 0 0 0 1 8 50 0 0 0 0 1 4103</CodeConf_1>
				<CodeConf_5>1 0 3 0 0 0 0 0 0 0 0 0 0 1 8 50 0 0 0 0 1 0</CodeConf_5>
				<Params2D>68 1 0 255 0 0 0 0 10 0 1 2147483647 2147483647 2147483647 2147483647 2147483647 0 0 0 0 500 0 120 0 0 1 0 0 0 0 0 0 0 1 0 0 0 255 1 11 100 4 0 0 0 0 0 0 1 1 90</Params2D>
				<DiagConfig>0 0 0 0 0 0 0 0 0 0 0 0 0 0 0 0 0 0 0 0 0</DiagConfig>
				<GlobalConfig>4 0 0 0 0 0 -1 1</GlobalConfig>
				</config>
			<info finish="true">
				<decoderCtrlTimeImage unit="ms" value="156"/>
				<decoderTimeImage unit="ms" value="104"/>
				<decoderDelayStart unit="ms" value="0"/>
				<decoderDelayEnd unit="ms" value="1"/>
				<blocks total="73" decoded="73"/>
				<decodedLine start="275232" stop="282239"/>
			</info>
		</decoder>
		<symbol type="C128" pos="5672 3423 5645 3492 5236 3312 5263 3243" groupid="0">
			<position>
				<coordinate x="5672" y="3423"/>
				<coordinate x="5645" y="3492"/>
				<coordinate x="5236" y="3312"/>
				<coordinate x="5263" y="3243"/>
			</position>
			<result length="9" coding="Ascii">SN5943810</result>
			<symbolinfo>
				<width unit="pix">0.00</width>
				<height unit="pix">74.09</height>
			</symbolinfo>
			<status>2</status>
			<angle>204</angle>
			<decosrc>0</decosrc>
			<qualifier>
				<rq>100</rq>
				<fvec>0x00000000</fvec>
			</qualifier>
			<verifier>
				<sc grade="4.0" value="88"/>
				<defects grade="4.0" value="0"/>
				<v grade="0.0" value="3"/>
				<modsize value="4" unit="mm"/>
				<qz value="100" unit="%"/>
				<ecmin grade="0.0" value="9"/>
				<mod grade="1.0" value="10"/>
				<osg grade="0.0"/>
				<decode grade="4.0" value="100"/>
				<rmin grade="4.0" value="0"/>
			</verifier>
			<moduleinfo>
				<width unit="pix">3.63</width>
				<height unit="pix">74.09</height>
			</moduleinfo>
		</symbol>
		<box name="Roi1D" pos="5672 3423 5645 3492 5236 3312 5263 3243" color="0 255 0" groupid="0">
			<position>
				<coordinate x="5672" y="3423"/>
				<coordinate x="5645" y="3492"/>
				<coordinate x="5236" y="3312"/>
				<coordinate x="5263" y="3243"/>
			</position>
		</box>
		<box name="Box1D" pos="5172 3179 5736 3179 5736 3556 5172 3556" color="0 0 255" groupid="0">
			<position>
				<coordinate x="5172" y="3179"/>
				<coordinate x="5736" y="3179"/>
				<coordinate x="5736" y="3556"/>
				<coordinate x="5172" y="3556"/>
			</position>
		</box>
		<box name="Parcel" pos="9442 5869 4528 6681 3698 474 8820 -214" color="255 128 0" groupid="1">
			<position>
				<coordinate x="9442" y="5869"/>
				<coordinate x="4528" y="6681"/>
				<coordinate x="3698" y="474"/>
				<coordinate x="8820" y="-214"/>
			</position>
		</box>
		<parcel pos="9442 5869 4528 6681 3698 474 8820 -214" groupid="1">
			<position>
				<coordinate x="9442" y="5869"/>
				<coordinate x="4528" y="6681"/>
				<coordinate x="3698" y="474"/>
				<coordinate x="8820" y="-214"/>
			</position>
			<dimension unit="mm" height="184" width="457" length="524"/>
			<volume unit="cm3" value="43995"/>
			<angle>8.3</angle>
			<decosrc>4</decosrc>
			<fvec>0x00000000</fvec>
			<fvectxt></fvectxt>
			<quality>0</quality>
		</parcel>
		<text name="Info" string="SICK" fontsize="30" pos="60 6443" color="8 148 206" layout="1">
			<position x="60" y="6443"/>
		</text>
		<text name="Info" string="Device: ICR890" fontsize="30" pos="5932 50" color="255 0 0" layout="1">
			<position x="5932" y="50"/>
		</text>
		<text name="Info" string="ObjectId: 130" fontsize="30" pos="5932 6443" color="255 0 0" layout="1">
			<position x="5932" y="6443"/>
		</text>
		<line name="DirOfFlow" pos="278 40 496 1348" color="255 0 0" layout="1">
			<position>
				<coordinate x="278" y="40"/>
				<coordinate x="496" y="1348"/>
			</position>
		</line>
		<line name="DirOfFlow" pos="496 1348 60 1348" color="255 0 0" layout="1">
			<position>
				<coordinate x="496" y="1348"/>
				<coordinate x="60" y="1348"/>
			</position>
		</line>
		<line name="DirOfFlow" pos="60 1348 278 40" color="255 0 0" layout="1">
			<position>
				<coordinate x="60" y="1348"/>
				<coordinate x="278" y="40"/>
			</position>
		</line>
		<cross name="LWorkz" pos="2955 46" color="8 148 206">
			<position x="2955" y="46"/>
		</cross>
		<cross name="RWorkz" pos="11459 46" color="8 148 206">
			<position x="11459" y="46"/>
		</cross>
		<cross name="LWorkz" pos="2955 142" color="8 148 206">
			<position x="2955" y="142"/>
		</cross>
		<cross name="RWorkz" pos="11459 142" color="8 148 206">
			<position x="11459" y="142"/>
		</cross>
		<cross name="LWorkz" pos="2955 238" color="8 148 206">
			<position x="2955" y="238"/>
		</cross>
		<cross name="RWorkz" pos="11459 238" color="8 148 206">
			<position x="11459" y="238"/>
		</cross>
		<cross name="LWorkz" pos="2955 334" color="8 148 206">
			<position x="2955" y="334"/>
		</cross>
		<cross name="RWorkz" pos="11459 334" color="8 148 206">
			<position x="11459" y="334"/>
		</cross>
		<cross name="LWorkz" pos="2955 430" color="8 148 206">
			<position x="2955" y="430"/>
		</cross>
		<cross name="RWorkz" pos="11459 430" color="8 148 206">
			<position x="11459" y="430"/>
		</cross>
		<cross name="LWorkz" pos="2955 526" color="8 148 206">
			<position x="2955" y="526"/>
		</cross>
		<cross name="RWorkz" pos="11459 526" color="8 148 206">
			<position x="11459" y="526"/>
		</cross>
		<cross name="LWorkz" pos="2955 622" color="8 148 206">
			<position x="2955" y="622"/>
		</cross>
		<cross name="RWorkz" pos="11459 622" color="8 148 206">
			<position x="11459" y="622"/>
		</cross>
		<cross name="LWorkz" pos="2955 718" color="8 148 206">
			<position x="2955" y="718"/>
		</cross>
		<cross name="RWorkz" pos="11459 718" color="8 148 206">
			<position x="11459" y="718"/>
		</cross>
		<cross name="LWorkz" pos="2955 814" color="8 148 206">
			<position x="2955" y="814"/>
		</cross>
		<cross name="RWorkz" pos="11459 814" color="8 148 206">
			<position x="11459" y="814"/>
		</cross>
		<cross name="LWorkz" pos="2955 910" color="8 148 206">
			<position x="2955" y="910"/>
		</cross>
		<cross name="RWorkz" pos="11459 910" color="8 148 206">
			<position x="11459" y="910"/>
		</cross>
		<cross name="LWorkz" pos="2955 1006" color="8 148 206">
			<position x="2955" y="1006"/>
		</cross>
		<cross name="RWorkz" pos="11459 1006" color="8 148 206">
			<position x="11459" y="1006"/>
		</cross>
		<cross name="LWorkz" pos="2955 1102" color="8 148 206">
			<position x="2955" y="1102"/>
		</cross>
		<cross name="RWorkz" pos="11459 1102" color="8 148 206">
			<position x="11459" y="1102"/>
		</cross>
		<cross name="LWorkz" pos="2955 1198" color="8 148 206">
			<position x="2955" y="1198"/>
		</cross>
		<cross name="RWorkz" pos="11459 1198" color="8 148 206">
			<position x="11459" y="1198"/>
		</cross>
		<cross name="LWorkz" pos="2955 1294" color="8 148 206">
			<position x="2955" y="1294"/>
		</cross>
		<cross name="RWorkz" pos="11459 1294" color="8 148 206">
			<position x="11459" y="1294"/>
		</cross>
		<cross name="LWorkz" pos="2955 1390" color="8 148 206">
			<position x="2955" y="1390"/>
		</cross>
		<cross name="RWorkz" pos="11459 1390" color="8 148 206">
			<position x="11459" y="1390"/>
		</cross>
		<cross name="LWorkz" pos="2955 1486" color="8 148 206">
			<position x="2955" y="1486"/>
		</cross>
		<cross name="RWorkz" pos="11459 1486" color="8 148 206">
			<position x="11459" y="1486"/>
		</cross>
		<cross name="LWorkz" pos="2955 1582" color="8 148 206">
			<position x="2955" y="1582"/>
		</cross>
		<cross name="RWorkz" pos="11459 1582" color="8 148 206">
			<position x="11459" y="1582"/>
		</cross>
		<cross name="LWorkz" pos="2955 1678" color="8 148 206">
			<position x="2955" y="1678"/>
		</cross>
		<cross name="RWorkz" pos="11459 1678" color="8 148 206">
			<position x="11459" y="1678"/>
		</cross>
		<cross name="LWorkz" pos="2955 1774" color="8 148 206">
			<position x="2955" y="1774"/>
		</cross>
		<cross name="RWorkz" pos="11459 1774" color="8 148 206">
			<position x="11459" y="1774"/>
		</cross>
		<cross name="LWorkz" pos="2955 1870" color="8 148 206">
			<position x="2955" y="1870"/>
		</cross>
		<cross name="RWorkz" pos="11459 1870" color="8 148 206">
			<position x="11459" y="1870"/>
		</cross>
		<cross name="LWorkz" pos="2955 1966" color="8 148 206">
			<position x="2955" y="1966"/>
		</cross>
		<cross name="RWorkz" pos="11459 1966" color="8 148 206">
			<position x="11459" y="1966"/>
		</cross>
		<cross name="LWorkz" pos="2955 2062" color="8 148 206">
			<position x="2955" y="2062"/>
		</cross>
		<cross name="RWorkz" pos="11459 2062" color="8 148 206">
			<position x="11459" y="2062"/>
		</cross>
		<cross name="LWorkz" pos="2955 2158" color="8 148 206">
			<position x="2955" y="2158"/>
		</cross>
		<cross name="RWorkz" pos="11459 2158" color="8 148 206">
			<position x="11459" y="2158"/>
		</cross>
		<cross name="LWorkz" pos="2955 2254" color="8 148 206">
			<position x="2955" y="2254"/>
		</cross>
		<cross name="RWorkz" pos="11459 2254" color="8 148 206">
			<position x="11459" y="2254"/>
		</cross>
		<cross name="LWorkz" pos="2955 2350" color="8 148 206">
			<position x="2955" y="2350"/>
		</cross>
		<cross name="RWorkz" pos="11459 2350" color="8 148 206">
			<position x="11459" y="2350"/>
		</cross>
		<cross name="LWorkz" pos="2955 2446" color="8 148 206">
			<position x="2955" y="2446"/>
		</cross>
		<cross name="RWorkz" pos="11459 2446" color="8 148 206">
			<position x="11459" y="2446"/>
		</cross>
		<cross name="LWorkz" pos="2955 2542" color="8 148 206">
			<position x="2955" y="2542"/>
		</cross>
		<cross name="RWorkz" pos="11459 2542" color="8 148 206">
			<position x="11459" y="2542"/>
		</cross>
		<cross name="LWorkz" pos="2955 2638" color="8 148 206">
			<position x="2955" y="2638"/>
		</cross>
		<cross name="RWorkz" pos="11459 2638" color="8 148 206">
			<position x="11459" y="2638"/>
		</cross>
		<cross name="LWorkz" pos="2955 2734" color="8 148 206">
			<position x="2955" y="2734"/>
		</cross>
		<cross name="RWorkz" pos="11459 2734" color="8 148 206">
			<position x="11459" y="2734"/>
		</cross>
		<cross name="LWorkz" pos="2955 2830" color="8 148 206">
			<position x="2955" y="2830"/>
		</cross>
		<cross name="RWorkz" pos="11459 2830" color="8 148 206">
			<position x="11459" y="2830"/>
		</cross>
		<cross name="LWorkz" pos="2955 2926" color="8 148 206">
			<position x="2955" y="2926"/>
		</cross>
		<cross name="RWorkz" pos="11459 2926" color="8 148 206">
			<position x="11459" y="2926"/>
		</cross>
		<cross name="LWorkz" pos="2955 3022" color="8 148 206">
			<position x="2955" y="3022"/>
		</cross>
		<cross name="RWorkz" pos="11459 3022" color="8 148 206">
			<position x="11459" y="3022"/>
		</cross>
		<cross name="LWorkz" pos="2955 3118" color="8 148 206">
			<position x="2955" y="3118"/>
		</cross>
		<cross name="RWorkz" pos="11459 3118" color="8 148 206">
			<position x="11459" y="3118"/>
		</cross>
		<cross name="LWorkz" pos="2955 3214" color="8 148 206">
			<position x="2955" y="3214"/>
		</cross>
		<cross name="RWorkz" pos="11459 3214" color="8 148 206">
			<position x="11459" y="3214"/>
		</cross>
		<cross name="LWorkz" pos="2955 3310" color="8 148 206">
			<position x="2955" y="3310"/>
		</cross>
		<cross name="RWorkz" pos="11459 3310" color="8 148 206">
			<position x="11459" y="3310"/>
		</cross>
		<cross name="LWorkz" pos="2955 3406" color="8 148 206">
			<position x="2955" y="3406"/>
		</cross>
		<cross name="RWorkz" pos="11459 3406" color="8 148 206">
			<position x="11459" y="3406"/>
		</cross>
		<cross name="LWorkz" pos="2955 3502" color="8 148 206">
			<position x="2955" y="3502"/>
		</cross>
		<cross name="RWorkz" pos="11459 3502" color="8 148 206">
			<position x="11459" y="3502"/>
		</cross>
		<cross name="LWorkz" pos="2955 3598" color="8 148 206">
			<position x="2955" y="3598"/>
		</cross>
		<cross name="RWorkz" pos="11459 3598" color="8 148 206">
			<position x="11459" y="3598"/>
		</cross>
		<cross name="LWorkz" pos="2955 3694" color="8 148 206">
			<position x="2955" y="3694"/>
		</cross>
		<cross name="RWorkz" pos="11459 3694" color="8 148 206">
			<position x="11459" y="3694"/>
		</cross>
		<cross name="LWorkz" pos="2955 3790" color="8 148 206">
			<position x="2955" y="3790"/>
		</cross>
		<cross name="RWorkz" pos="11459 3790" color="8 148 206">
			<position x="11459" y="3790"/>
		</cross>
		<cross name="LWorkz" pos="2955 3886" color="8 148 206">
			<position x="2955" y="3886"/>
		</cross>
		<cross name="RWorkz" pos="11459 3886" color="8 148 206">
			<position x="11459" y="3886"/>
		</cross>
		<cross name="LWorkz" pos="2955 3982" color="8 148 206">
			<position x="2955" y="3982"/>
		</cross>
		<cross name="RWorkz" pos="11459 3982" color="8 148 206">
			<position x="11459" y="3982"/>
		</cross>
		<cross name="LWorkz" pos="2955 4078" color="8 148 206">
			<position x="2955" y="4078"/>
		</cross>
		<cross name="RWorkz" pos="11459 4078" color="8 148 206">
			<position x="11459" y="4078"/>
		</cross>
		<cross name="LWorkz" pos="2955 4174" color="8 148 206">
			<position x="2955" y="4174"/>
		</cross>
		<cross name="RWorkz" pos="11459 4174" color="8 148 206">
			<position x="11459" y="4174"/>
		</cross>
		<cross name="LWorkz" pos="2955 4270" color="8 148 206">
			<position x="2955" y="4270"/>
		</cross>
		<cross name="RWorkz" pos="11459 4270" color="8 148 206">
			<position x="11459" y="4270"/>
		</cross>
		<cross name="LWorkz" pos="2955 4366" color="8 148 206">
			<position x="2955" y="4366"/>
		</cross>
		<cross name="RWorkz" pos="11459 4366" color="8 148 206">
			<position x="11459" y="4366"/>
		</cross>
		<cross name="LWorkz" pos="2955 4462" color="8 148 206">
			<position x="2955" y="4462"/>
		</cross>
		<cross name="RWorkz" pos="11459 4462" color="8 148 206">
			<position x="11459" y="4462"/>
		</cross>
		<cross name="LWorkz" pos="2955 4558" color="8 148 206">
			<position x="2955" y="4558"/>
		</cross>
		<cross name="RWorkz" pos="11459 4558" color="8 148 206">
			<position x="11459" y="4558"/>
		</cross>
		<cross name="LWorkz" pos="2955 4654" color="8 148 206">
			<position x="2955" y="4654"/>
		</cross>
		<cross name="RWorkz" pos="11459 4654" color="8 148 206">
			<position x="11459" y="4654"/>
		</cross>
		<cross name="LWorkz" pos="2955 4750" color="8 148 206">
			<position x="2955" y="4750"/>
		</cross>
		<cross name="RWorkz" pos="11459 4750" color="8 148 206">
			<position x="11459" y="4750"/>
		</cross>
		<cross name="LWorkz" pos="2955 4846" color="8 148 206">
			<position x="2955" y="4846"/>
		</cross>
		<cross name="RWorkz" pos="11459 4846" color="8 148 206">
			<position x="11459" y="4846"/>
		</cross>
		<cross name="LWorkz" pos="2955 4942" color="8 148 206">
			<position x="2955" y="4942"/>
		</cross>
		<cross name="RWorkz" pos="11459 4942" color="8 148 206">
			<position x="11459" y="4942"/>
		</cross>
		<cross name="LWorkz" pos="2955 5038" color="8 148 206">
			<position x="2955" y="5038"/>
		</cross>
		<cross name="RWorkz" pos="11459 5038" color="8 148 206">
			<position x="11459" y="5038"/>
		</cross>
		<cross name="LWorkz" pos="2955 5134" color="8 148 206">
			<position x="2955" y="5134"/>
		</cross>
		<cross name="RWorkz" pos="11459 5134" color="8 148 206">
			<position x="11459" y="5134"/>
		</cross>
		<cross name="LWorkz" pos="2955 5230" color="8 148 206">
			<position x="2955" y="5230"/>
		</cross>
		<cross name="RWorkz" pos="11459 5230" color="8 148 206">
			<position x="11459" y="5230"/>
		</cross>
		<cross name="LWorkz" pos="2955 5326" color="8 148 206">
			<position x="2955" y="5326"/>
		</cross>
		<cross name="RWorkz" pos="11459 5326" color="8 148 206">
			<position x="11459" y="5326"/>
		</cross>
		<cross name="LWorkz" pos="2955 5422" color="8 148 206">
			<position x="2955" y="5422"/>
		</cross>
		<cross name="RWorkz" pos="11459 5422" color="8 148 206">
			<position x="11459" y="5422"/>
		</cross>
		<cross name="LWorkz" pos="2955 5518" color="8 148 206">
			<position x="2955" y="5518"/>
		</cross>
		<cross name="RWorkz" pos="11459 5518" color="8 148 206">
			<position x="11459" y="5518"/>
		</cross>
		<cross name="LWorkz" pos="2955 5614" color="8 148 206">
			<position x="2955" y="5614"/>
		</cross>
		<cross name="RWorkz" pos="11459 5614" color="8 148 206">
			<position x="11459" y="5614"/>
		</cross>
		<cross name="LWorkz" pos="2955 5710" color="8 148 206">
			<position x="2955" y="5710"/>
		</cross>
		<cross name="RWorkz" pos="11459 5710" color="8 148 206">
			<position x="11459" y="5710"/>
		</cross>
		<cross name="LWorkz" pos="2955 5806" color="8 148 206">
			<position x="2955" y="5806"/>
		</cross>
		<cross name="RWorkz" pos="11459 5806" color="8 148 206">
			<position x="11459" y="5806"/>
		</cross>
		<cross name="LWorkz" pos="2955 5902" color="8 148 206">
			<position x="2955" y="5902"/>
		</cross>
		<cross name="RWorkz" pos="11459 5902" color="8 148 206">
			<position x="11459" y="5902"/>
		</cross>
		<cross name="LWorkz" pos="2955 5998" color="8 148 206">
			<position x="2955" y="5998"/>
		</cross>
		<cross name="RWorkz" pos="11459 5998" color="8 148 206">
			<position x="11459" y="5998"/>
		</cross>
		<cross name="LWorkz" pos="2955 6094" color="8 148 206">
			<position x="2955" y="6094"/>
		</cross>
		<cross name="RWorkz" pos="11459 6094" color="8 148 206">
			<position x="11459" y="6094"/>
		</cross>
		<cross name="LWorkz" pos="2955 6190" color="8 148 206">
			<position x="2955" y="6190"/>
		</cross>
		<cross name="RWorkz" pos="11459 6190" color="8 148 206">
			<position x="11459" y="6190"/>
		</cross>
		<cross name="LWorkz" pos="2955 6286" color="8 148 206">
			<position x="2955" y="6286"/>
		</cross>
		<cross name="RWorkz" pos="11459 6286" color="8 148 206">
			<position x="11459" y="6286"/>
		</cross>
		<cross name="LWorkz" pos="2955 6382" color="8 148 206">
			<position x="2955" y="6382"/>
		</cross>
		<cross name="RWorkz" pos="11459 6382" color="8 148 206">
			<position x="11459" y="6382"/>
		</cross>
		<cross name="LWorkz" pos="2955 6478" color="8 148 206">
			<position x="2955" y="6478"/>
		</cross>
		<cross name="RWorkz" pos="11459 6478" color="8 148 206">
			<position x="11459" y="6478"/>
		</cross>
	</image>
</camera>