<?xml version="1.0"?>
<camera name="BX1" company="SICK AG, AutoIdent" device="ICR890-4 CORE 12k" version="V2.13.0.17225" identifier=" ">
	<schema major="2" minor="8" patch="0"/>
	<image objectid="128">
		<trayindex>128</trayindex>
		<imageinfo type="JPEG">
			<quality>80</quality>
			<resolution>270</resolution>
			<size width="6768" length="5105"/>
			<origin x="3464" y="0"/>
			<increment start="9256" stop="9735"/>
			<captureline start="264220" stop="269324"/>
			<fvec>0x00000000</fvec>
			<fvectxt></fvectxt>
			<filename>20251211_Image103918_Bitunia_1_0000000128_0128.jpg</filename>
			<filesize>1150104</filesize>
		</imageinfo>
		<decoder version="8.1.0">
			<config>
				<Params1D>51 1 2 255 0 0 1 0 10 0 1 2147483647 2147483647 2147483647 2147483647 2147483647 0 0 0 0 500 0 120 0 0 1 0 1 0 2 1 1 0 1 0 1 0 255 0 3 100 4 0 0 0 0 0 0 1 1 90</Params1D>
				<CodeConf_0>1 0 3 0 0 0 0 0 0 0 0 0 0 1 8 50 0 0 0 0 1 0</CodeConf_0>
				<CodeConf_1>1 0 3 0 0 0 0 0 0 0 0 0 0 1 8 50 0 0 0 0 1 4103</CodeConf_1>
				<CodeConf_5>1 0 3 0 0 0 0 0 0 0 0 0 0 1 8 50 0 0 0 0 1 0</CodeConf_5>
				<Params2D>68 1 0 255 0 0 0 0 10 0 1 2147483647 2147483647 2147483647 2147483647 2147483647 0 0 0 0 500 0 120 0 0 1 0 0 0 0 0 0 0 1 0 0 0 255 1 11 100 4 0 0 0 0 0 0 1 1 90</Params2D>
				<DiagConfig>0 0 0 0 0 0 0 0 0 0 0 0 0 0 0 0 0 0 0 0 0</DiagConfig>
				<GlobalConfig>4 0 0 0 0 0 -1 1</GlobalConfig>
				</config>
			<info finish="true">
				<decoderCtrlTimeImage unit="ms" value="116"/>
				<decoderTimeImage unit="ms" value="77"/>
				<decoderDelayStart unit="ms" value="0"/>
				<decoderDelayEnd unit="ms" value="2"/>
				<blocks total="58" decoded="58"/>
				<decodedLine start="263808" stop="269375"/>
			</info>
		</decoder>
		<symbol type="C128" pos="6283 2688 6326 2631 6733 2828 6690 2886" groupid="0">
			<position>
				<coordinate x="6283" y="2688"/>
				<coordinate x="6326" y="2631"/>
				<coordinate x="6733" y="2828"/>
				<coordinate x="6690" y="2886"/>
			</position>
			<result length="9" coding="Ascii">SN5939455</result>
			<symbolinfo>
				<width unit="pix">0.00</width>
				<height unit="pix">71.80</height>
			</symbolinfo>
			<status>2</status>
			<angle>26</angle>
			<decosrc>0</decosrc>
			<qualifier>
				<rq>83</rq>
				<fvec>0x00000000</fvec>
			</qualifier>
			<verifier>
				<sc grade="4.0" value="82"/>
				<defects grade="4.0" value="3"/>
				<v grade="0.0" value="3"/>
				<modsize value="4" unit="mm"/>
				<qz value="100" unit="%"/>
				<ecmin grade="4.0" value="48"/>
				<mod grade="4.0" value="59"/>
				<osg grade="4.0"/>
				<decode grade="4.0" value="100"/>
				<rmin grade="4.0" value="0"/>
			</verifier>
			<moduleinfo>
				<width unit="pix">3.68</width>
				<height unit="pix">71.80</height>
			</moduleinfo>
		</symbol>
		<box name="Roi1D" pos="6283 2688 6326 2631 6733 2828 6690 2886" color="0 255 0" groupid="0">
			<position>
				<coordinate x="6283" y="2688"/>
				<coordinate x="6326" y="2631"/>
				<coordinate x="6733" y="2828"/>
				<coordinate x="6690" y="2886"/>
			</position>
		</box>
		<box name="Box1D" pos="6219 2567 6797 2567 6797 2950 6219 2950" color="0 0 255" groupid="0">
			<position>
				<coordinate x="6219" y="2567"/>
				<coordinate x="6797" y="2567"/>
				<coordinate x="6797" y="2950"/>
				<coordinate x="6219" y="2950"/>
			</position>
		</box>
		<box name="Parcel" pos="10111 353 9916 5228 3803 4998 3998 124" color="255 128 0" groupid="1">
			<position>
				<coordinate x="10111" y="353"/>
				<coordinate x="9916" y="5228"/>
				<coordinate x="3803" y="4998"/>
				<coordinate x="3998" y="124"/>
			</position>
		</box>
		<parcel pos="10111 353 9916 5228 3803 4998 3998 124" groupid="1">
			<position>
				<coordinate x="10111" y="353"/>
				<coordinate x="9916" y="5228"/>
				<coordinate x="3803" y="4998"/>
				<coordinate x="3998" y="124"/>
			</position>
			<dimension unit="mm" height="278" width="469" length="564"/>
			<volume unit="cm3" value="73647"/>
			<angle>87.7</angle>
			<decosrc>4</decosrc>
			<fvec>0x00000000</fvec>
			<fvectxt></fvectxt>
			<quality>0</quality>
		</parcel>
		<text name="Info" string="SICK" fontsize="30" pos="60 5004" color="8 148 206" layout="1">
			<position x="60" y="5004"/>
		</text>
		<text name="Info" string="Device: ICR890" fontsize="30" pos="6308 50" color="255 0 0" layout="1">
			<position x="6308" y="50"/>
		</text>
		<text name="Info" string="ObjectId: 128" fontsize="30" pos="6308 5004" color="255 0 0" layout="1">
			<position x="6308" y="5004"/>
		</text>
		<line name="DirOfFlow" pos="230 40 400 1061" color="255 0 0" layout="1">
			<position>
				<coordinate x="230" y="40"/>
				<coordinate x="400" y="1061"/>
			</position>
		</line>
		<line name="DirOfFlow" pos="400 1061 60 1061" color="255 0 0" layout="1">
			<position>
				<coordinate x="400" y="1061"/>
				<coordinate x="60" y="1061"/>
			</position>
		</line>
		<line name="DirOfFlow" pos="60 1061 230 40" color="255 0 0" layout="1">
			<position>
				<coordinate x="60" y="1061"/>
				<coordinate x="230" y="40"/>
			</position>
		</line>
		<cross name="LWorkz" pos="2955 68" color="8 148 206">
			<position x="2955" y="68"/>
		</cross>
		<cross name="RWorkz" pos="11459 68" color="8 148 206">
			<position x="11459" y="68"/>
		</cross>
		<cross name="LWorkz" pos="2955 164" color="8 148 206">
			<position x="2955" y="164"/>
		</cross>
		<cross name="RWorkz" pos="11459 164" color="8 148 206">
			<position x="11459" y="164"/>
		</cross>
		<cross name="LWorkz" pos="2955 260" color="8 148 206">
			<position x="2955" y="260"/>
		</cross>
		<cross name="RWorkz" pos="11459 260" color="8 148 206">
			<position x="11459" y="260"/>
		</cross>
		<cross name="LWorkz" pos="2955 356" color="8 148 206">
			<position x="2955" y="356"/>
		</cross>
		<cross name="RWorkz" pos="11459 356" color="8 148 206">
			<position x="11459" y="356"/>
		</cross>
		<cross name="LWorkz" pos="2955 452" color="8 148 206">
			<position x="2955" y="452"/>
		</cross>
		<cross name="RWorkz" pos="11459 452" color="8 148 206">
			<position x="11459" y="452"/>
		</cross>
		<cross name="LWorkz" pos="2955 548" color="8 148 206">
			<position x="2955" y="548"/>
		</cross>
		<cross name="RWorkz" pos="11459 548" color="8 148 206">
			<position x="11459" y="548"/>
		</cross>
		<cross name="LWorkz" pos="2955 644" color="8 148 206">
			<position x="2955" y="644"/>
		</cross>
		<cross name="RWorkz" pos="11459 644" color="8 148 206">
			<position x="11459" y="644"/>
		</cross>
		<cross name="LWorkz" pos="2955 740" color="8 148 206">
			<position x="2955" y="740"/>
		</cross>
		<cross name="RWorkz" pos="11459 740" color="8 148 206">
			<position x="11459" y="740"/>
		</cross>
		<cross name="LWorkz" pos="2955 836" color="8 148 206">
			<position x="2955" y="836"/>
		</cross>
		<cross name="RWorkz" pos="11459 836" color="8 148 206">
			<position x="11459" y="836"/>
		</cross>
		<cross name="LWorkz" pos="2955 932" color="8 148 206">
			<position x="2955" y="932"/>
		</cross>
		<cross name="RWorkz" pos="11459 932" color="8 148 206">
			<position x="11459" y="932"/>
		</cross>
		<cross name="LWorkz" pos="2955 1028" color="8 148 206">
			<position x="2955" y="1028"/>
		</cross>
		<cross name="RWorkz" pos="11459 1028" color="8 148 206">
			<position x="11459" y="1028"/>
		</cross>
		<cross name="LWorkz" pos="2955 1124" color="8 148 206">
			<position x="2955" y="1124"/>
		</cross>
		<cross name="RWorkz" pos="11459 1124" color="8 148 206">
			<position x="11459" y="1124"/>
		</cross>
		<cross name="LWorkz" pos="2955 1220" color="8 148 206">
			<position x="2955" y="1220"/>
		</cross>
		<cross name="RWorkz" pos="11459 1220" color="8 148 206">
			<position x="11459" y="1220"/>
		</cross>
		<cross name="LWorkz" pos="2955 1316" color="8 148 206">
			<position x="2955" y="1316"/>
		</cross>
		<cross name="RWorkz" pos="11459 1316" color="8 148 206">
			<position x="11459" y="1316"/>
		</cross>
		<cross name="LWorkz" pos="2955 1412" color="8 148 206">
			<position x="2955" y="1412"/>
		</cross>
		<cross name="RWorkz" pos="11459 1412" color="8 148 206">
			<position x="11459" y="1412"/>
		</cross>
		<cross name="LWorkz" pos="2955 1508" color="8 148 206">
			<position x="2955" y="1508"/>
		</cross>
		<cross name="RWorkz" pos="11459 1508" color="8 148 206">
			<position x="11459" y="1508"/>
		</cross>
		<cross name="LWorkz" pos="2955 1604" color="8 148 206">
			<position x="2955" y="1604"/>
		</cross>
		<cross name="RWorkz" pos="11459 1604" color="8 148 206">
			<position x="11459" y="1604"/>
		</cross>
		<cross name="LWorkz" pos="2955 1700" color="8 148 206">
			<position x="2955" y="1700"/>
		</cross>
		<cross name="RWorkz" pos="11459 1700" color="8 148 206">
			<position x="11459" y="1700"/>
		</cross>
		<cross name="LWorkz" pos="2955 1796" color="8 148 206">
			<position x="2955" y="1796"/>
		</cross>
		<cross name="RWorkz" pos="11459 1796" color="8 148 206">
			<position x="11459" y="1796"/>
		</cross>
		<cross name="LWorkz" pos="2955 1892" color="8 148 206">
			<position x="2955" y="1892"/>
		</cross>
		<cross name="RWorkz" pos="11459 1892" color="8 148 206">
			<position x="11459" y="1892"/>
		</cross>
		<cross name="LWorkz" pos="2955 1988" color="8 148 206">
			<position x="2955" y="1988"/>
		</cross>
		<cross name="RWorkz" pos="11459 1988" color="8 148 206">
			<position x="11459" y="1988"/>
		</cross>
		<cross name="LWorkz" pos="2955 2084" color="8 148 206">
			<position x="2955" y="2084"/>
		</cross>
		<cross name="RWorkz" pos="11459 2084" color="8 148 206">
			<position x="11459" y="2084"/>
		</cross>
		<cross name="LWorkz" pos="2955 2180" color="8 148 206">
			<position x="2955" y="2180"/>
		</cross>
		<cross name="RWorkz" pos="11459 2180" color="8 148 206">
			<position x="11459" y="2180"/>
		</cross>
		<cross name="LWorkz" pos="2955 2276" color="8 148 206">
			<position x="2955" y="2276"/>
		</cross>
		<cross name="RWorkz" pos="11459 2276" color="8 148 206">
			<position x="11459" y="2276"/>
		</cross>
		<cross name="LWorkz" pos="2955 2372" color="8 148 206">
			<position x="2955" y="2372"/>
		</cross>
		<cross name="RWorkz" pos="11459 2372" color="8 148 206">
			<position x="11459" y="2372"/>
		</cross>
		<cross name="LWorkz" pos="2955 2468" color="8 148 206">
			<position x="2955" y="2468"/>
		</cross>
		<cross name="RWorkz" pos="11459 2468" color="8 148 206">
			<position x="11459" y="2468"/>
		</cross>
		<cross name="LWorkz" pos="2955 2564" color="8 148 206">
			<position x="2955" y="2564"/>
		</cross>
		<cross name="RWorkz" pos="11459 2564" color="8 148 206">
			<position x="11459" y="2564"/>
		</cross>
		<cross name="LWorkz" pos="2955 2660" color="8 148 206">
			<position x="2955" y="2660"/>
		</cross>
		<cross name="RWorkz" pos="11459 2660" color="8 148 206">
			<position x="11459" y="2660"/>
		</cross>
		<cross name="LWorkz" pos="2955 2756" color="8 148 206">
			<position x="2955" y="2756"/>
		</cross>
		<cross name="RWorkz" pos="11459 2756" color="8 148 206">
			<position x="11459" y="2756"/>
		</cross>
		<cross name="LWorkz" pos="2955 2852" color="8 148 206">
			<position x="2955" y="2852"/>
		</cross>
		<cross name="RWorkz" pos="11459 2852" color="8 148 206">
			<position x="11459" y="2852"/>
		</cross>
		<cross name="LWorkz" pos="2955 2948" color="8 148 206">
			<position x="2955" y="2948"/>
		</cross>
		<cross name="RWorkz" pos="11459 2948" color="8 148 206">
			<position x="11459" y="2948"/>
		</cross>
		<cross name="LWorkz" pos="2955 3044" color="8 148 206">
			<position x="2955" y="3044"/>
		</cross>
		<cross name="RWorkz" pos="11459 3044" color="8 148 206">
			<position x="11459" y="3044"/>
		</cross>
		<cross name="LWorkz" pos="2955 3140" color="8 148 206">
			<position x="2955" y="3140"/>
		</cross>
		<cross name="RWorkz" pos="11459 3140" color="8 148 206">
			<position x="11459" y="3140"/>
		</cross>
		<cross name="LWorkz" pos="2955 3236" color="8 148 206">
			<position x="2955" y="3236"/>
		</cross>
		<cross name="RWorkz" pos="11459 3236" color="8 148 206">
			<position x="11459" y="3236"/>
		</cross>
		<cross name="LWorkz" pos="2955 3332" color="8 148 206">
			<position x="2955" y="3332"/>
		</cross>
		<cross name="RWorkz" pos="11459 3332" color="8 148 206">
			<position x="11459" y="3332"/>
		</cross>
		<cross name="LWorkz" pos="2955 3428" color="8 148 206">
			<position x="2955" y="3428"/>
		</cross>
		<cross name="RWorkz" pos="11459 3428" color="8 148 206">
			<position x="11459" y="3428"/>
		</cross>
		<cross name="LWorkz" pos="2955 3524" color="8 148 206">
			<position x="2955" y="3524"/>
		</cross>
		<cross name="RWorkz" pos="11459 3524" color="8 148 206">
			<position x="11459" y="3524"/>
		</cross>
		<cross name="LWorkz" pos="2955 3620" color="8 148 206">
			<position x="2955" y="3620"/>
		</cross>
		<cross name="RWorkz" pos="11459 3620" color="8 148 206">
			<position x="11459" y="3620"/>
		</cross>
		<cross name="LWorkz" pos="2955 3716" color="8 148 206">
			<position x="2955" y="3716"/>
		</cross>
		<cross name="RWorkz" pos="11459 3716" color="8 148 206">
			<position x="11459" y="3716"/>
		</cross>
		<cross name="LWorkz" pos="2955 3812" color="8 148 206">
			<position x="2955" y="3812"/>
		</cross>
		<cross name="RWorkz" pos="11459 3812" color="8 148 206">
			<position x="11459" y="3812"/>
		</cross>
		<cross name="LWorkz" pos="2955 3908" color="8 148 206">
			<position x="2955" y="3908"/>
		</cross>
		<cross name="RWorkz" pos="11459 3908" color="8 148 206">
			<position x="11459" y="3908"/>
		</cross>
		<cross name="LWorkz" pos="2955 4004" color="8 148 206">
			<position x="2955" y="4004"/>
		</cross>
		<cross name="RWorkz" pos="11459 4004" color="8 148 206">
			<position x="11459" y="4004"/>
		</cross>
		<cross name="LWorkz" pos="2955 4100" color="8 148 206">
			<position x="2955" y="4100"/>
		</cross>
		<cross name="RWorkz" pos="11459 4100" color="8 148 206">
			<position x="11459" y="4100"/>
		</cross>
		<cross name="LWorkz" pos="2955 4196" color="8 148 206">
			<position x="2955" y="4196"/>
		</cross>
		<cross name="RWorkz" pos="11459 4196" color="8 148 206">
			<position x="11459" y="4196"/>
		</cross>
		<cross name="LWorkz" pos="2955 4292" color="8 148 206">
			<position x="2955" y="4292"/>
		</cross>
		<cross name="RWorkz" pos="11459 4292" color="8 148 206">
			<position x="11459" y="4292"/>
		</cross>
		<cross name="LWorkz" pos="2955 4388" color="8 148 206">
			<position x="2955" y="4388"/>
		</cross>
		<cross name="RWorkz" pos="11459 4388" color="8 148 206">
			<position x="11459" y="4388"/>
		</cross>
		<cross name="LWorkz" pos="2955 4484" color="8 148 206">
			<position x="2955" y="4484"/>
		</cross>
		<cross name="RWorkz" pos="11459 4484" color="8 148 206">
			<position x="11459" y="4484"/>
		</cross>
		<cross name="LWorkz" pos="2955 4580" color="8 148 206">
			<position x="2955" y="4580"/>
		</cross>
		<cross name="RWorkz" pos="11459 4580" color="8 148 206">
			<position x="11459" y="4580"/>
		</cross>
		<cross name="LWorkz" pos="2955 4676" color="8 148 206">
			<position x="2955" y="4676"/>
		</cross>
		<cross name="RWorkz" pos="11459 4676" color="8 148 206">
			<position x="11459" y="4676"/>
		</cross>
		<cross name="LWorkz" pos="2955 4772" color="8 148 206">
			<position x="2955" y="4772"/>
		</cross>
		<cross name="RWorkz" pos="11459 4772" color="8 148 206">
			<position x="11459" y="4772"/>
		</cross>
		<cross name="LWorkz" pos="2955 4868" color="8 148 206">
			<position x="2955" y="4868"/>
		</cross>
		<cross name="RWorkz" pos="11459 4868" color="8 148 206">
			<position x="11459" y="4868"/>
		</cross>
		<cross name="LWorkz" pos="2955 4964" color="8 148 206">
			<position x="2955" y="4964"/>
		</cross>
		<cross name="RWorkz" pos="11459 4964" color="8 148 206">
			<position x="11459" y="4964"/>
		</cross>
		<cross name="LWorkz" pos="2955 5060" color="8 148 206">
			<position x="2955" y="5060"/>
		</cross>
		<cross name="RWorkz" pos="11459 5060" color="8 148 206">
			<position x="11459" y="5060"/>
		</cross>
	</image>
</camera>