<?xml version="1.0"?>
<camera name="BX1" company="SICK AG, AutoIdent" device="ICR890-4 CORE 12k" version="V2.13.0.17225" identifier=" ">
	<schema major="2" minor="8" patch="0"/>
	<image objectid="133">
		<trayindex>133</trayindex>
		<imageinfo type="JPEG">
			<quality>80</quality>
			<resolution>270</resolution>
			<size width="5992" length="5317"/>
			<origin x="4476" y="0"/>
			<increment start="13474" stop="13948"/>
			<captureline start="311868" stop="317184"/>
			<fvec>0x00000000</fvec>
			<fvectxt></fvectxt>
			<filename>20251211_Image103940_Bitunia_1_0000000133_0133.jpg</filename>
			<filesize>1239520</filesize>
		</imageinfo>
		<decoder version="8.1.0">
			<config>
				<Params1D>51 1 2 255 0 0 1 0 10 0 1 2147483647 2147483647 2147483647 2147483647 2147483647 0 0 0 0 500 0 120 0 0 1 0 1 0 2 1 1 0 1 0 1 0 255 0 3 100 4 0 0 0 0 0 0 1 1 90</Params1D>
				<CodeConf_0>1 0 3 0 0 0 0 0 0 0 0 0 0 1 8 50 0 0 0 0 1 0</CodeConf_0>
				<CodeConf_1>1 0 3 0 0 0 0 0 0 0 0 0 0 1 8 50 0 0 0 0 1 4103</CodeConf_1>
				<CodeConf_5>1 0 3 0 0 0 0 0 0 0 0 0 0 1 8 50 0 0 0 0 1 0</CodeConf_5>
				<Params2D>68 1 0 255 0 0 0 0 10 0 1 2147483647 2147483647 2147483647 2147483647 2147483647 0 0 0 0 500 0 120 0 0 1 0 0 0 0 0 0 0 1 0 0 0 255 1 11 100 4 0 0 0 0 0 0 1 1 90</Params2D>
				<DiagConfig>0 0 0 0 0 0 0 0 0 0 0 0 0 0 0 0 0 0 0 0 0</DiagConfig>
				<GlobalConfig>4 0 0 0 0 0 -1 1</GlobalConfig>
				</config>
			<info finish="true">
				<decoderCtrlTimeImage unit="ms" value="136"/>
				<decoderTimeImage unit="ms" value="91"/>
				<decoderDelayStart unit="ms" value="0"/>
				<decoderDelayEnd unit="ms" value="2"/>
				<blocks total="63" decoded="63"/>
				<decodedLine start="311520" stop="317567"/>
			</info>
		</decoder>
		<symbol type="C128" pos="8387 2703 8446 2730 8354 3199 8297 3173" groupid="0">
			<position>
				<coordinate x="8387" y="2703"/>
				<coordinate x="8446" y="2730"/>
				<coordinate x="8354" y="3199"/>
				<coordinate x="8297" y="3173"/>
			</position>
			<result length="9" coding="Ascii">SN5938505</result>
			<symbolinfo>
				<width unit="pix">0.00</width>
				<height unit="pix">63.77</height>
			</symbolinfo>
			<status>2</status>
			<angle>101</angle>
			<decosrc>0</decosrc>
			<qualifier>
				<rq>100</rq>
				<fvec>0x00000000</fvec>
			</qualifier>
			<verifier>
				<sc grade="4.0" value="83"/>
				<defects grade="4.0" value="0"/>
				<v grade="0.0" value="3"/>
				<modsize value="4" unit="mm"/>
				<qz value="100" unit="%"/>
				<ecmin grade="4.0" value="29"/>
				<mod grade="3.0" value="35"/>
				<osg grade="3.0"/>
				<decode grade="4.0" value="100"/>
				<rmin grade="4.0" value="0"/>
			</verifier>
			<moduleinfo>
				<width unit="pix">3.85</width>
				<height unit="pix">63.77</height>
			</moduleinfo>
		</symbol>
		<box name="Roi1D" pos="8387 2703 8446 2730 8354 3199 8297 3173" color="0 255 0" groupid="0">
			<position>
				<coordinate x="8387" y="2703"/>
				<coordinate x="8446" y="2730"/>
				<coordinate x="8354" y="3199"/>
				<coordinate x="8297" y="3173"/>
			</position>
		</box>
		<box name="Box1D" pos="8233 2639 8510 2639 8510 3263 8233 3263" color="0 0 255" groupid="0">
			<position>
				<coordinate x="8233" y="2639"/>
				<coordinate x="8510" y="2639"/>
				<coordinate x="8510" y="3263"/>
				<coordinate x="8233" y="3263"/>
			</position>
		</box>
		<box name="Parcel" pos="10188 5523 5317 5878 5003 922 9899 515" color="255 128 0" groupid="1">
			<position>
				<coordinate x="10188" y="5523"/>
				<coordinate x="5317" y="5878"/>
				<coordinate x="5003" y="922"/>
				<coordinate x="9899" y="515"/>
			</position>
		</box>
		<parcel pos="10188 5523 5317 5878 5003 922 9899 515" groupid="1">
			<position>
				<coordinate x="10188" y="5523"/>
				<coordinate x="5317" y="5878"/>
				<coordinate x="5003" y="922"/>
				<coordinate x="9899" y="515"/>
			</position>
			<dimension unit="mm" height="200" width="443" length="458"/>
			<volume unit="cm3" value="40623"/>
			<angle>4.5</angle>
			<decosrc>4</decosrc>
			<fvec>0x00000000</fvec>
			<fvectxt></fvectxt>
			<quality>0</quality>
		</parcel>
		<text name="Info" string="SICK" fontsize="30" pos="60 5216" color="8 148 206" layout="1">
			<position x="60" y="5216"/>
		</text>
		<text name="Info" string="Device: ICR890" fontsize="30" pos="5532 50" color="255 0 0" layout="1">
			<position x="5532" y="50"/>
		</text>
		<text name="Info" string="ObjectId: 133" fontsize="30" pos="5532 5216" color="255 0 0" layout="1">
			<position x="5532" y="5216"/>
		</text>
		<line name="DirOfFlow" pos="237 40 414 1103" color="255 0 0" layout="1">
			<position>
				<coordinate x="237" y="40"/>
				<coordinate x="414" y="1103"/>
			</position>
		</line>
		<line name="DirOfFlow" pos="414 1103 60 1103" color="255 0 0" layout="1">
			<position>
				<coordinate x="414" y="1103"/>
				<coordinate x="60" y="1103"/>
			</position>
		</line>
		<line name="DirOfFlow" pos="60 1103 237 40" color="255 0 0" layout="1">
			<position>
				<coordinate x="60" y="1103"/>
				<coordinate x="237" y="40"/>
			</position>
		</line>
		<cross name="LWorkz" pos="2955 36" color="8 148 206">
			<position x="2955" y="36"/>
		</cross>
		<cross name="RWorkz" pos="11459 36" color="8 148 206">
			<position x="11459" y="36"/>
		</cross>
		<cross name="LWorkz" pos="2955 132" color="8 148 206">
			<position x="2955" y="132"/>
		</cross>
		<cross name="RWorkz" pos="11459 132" color="8 148 206">
			<position x="11459" y="132"/>
		</cross>
		<cross name="LWorkz" pos="2955 228" color="8 148 206">
			<position x="2955" y="228"/>
		</cross>
		<cross name="RWorkz" pos="11459 228" color="8 148 206">
			<position x="11459" y="228"/>
		</cross>
		<cross name="LWorkz" pos="2955 324" color="8 148 206">
			<position x="2955" y="324"/>
		</cross>
		<cross name="RWorkz" pos="11459 324" color="8 148 206">
			<position x="11459" y="324"/>
		</cross>
		<cross name="LWorkz" pos="2955 420" color="8 148 206">
			<position x="2955" y="420"/>
		</cross>
		<cross name="RWorkz" pos="11459 420" color="8 148 206">
			<position x="11459" y="420"/>
		</cross>
		<cross name="LWorkz" pos="2955 516" color="8 148 206">
			<position x="2955" y="516"/>
		</cross>
		<cross name="RWorkz" pos="11459 516" color="8 148 206">
			<position x="11459" y="516"/>
		</cross>
		<cross name="LWorkz" pos="2955 612" color="8 148 206">
			<position x="2955" y="612"/>
		</cross>
		<cross name="RWorkz" pos="11459 612" color="8 148 206">
			<position x="11459" y="612"/>
		</cross>
		<cross name="LWorkz" pos="2955 708" color="8 148 206">
			<position x="2955" y="708"/>
		</cross>
		<cross name="RWorkz" pos="11459 708" color="8 148 206">
			<position x="11459" y="708"/>
		</cross>
		<cross name="LWorkz" pos="2955 804" color="8 148 206">
			<position x="2955" y="804"/>
		</cross>
		<cross name="RWorkz" pos="11459 804" color="8 148 206">
			<position x="11459" y="804"/>
		</cross>
		<cross name="LWorkz" pos="2955 900" color="8 148 206">
			<position x="2955" y="900"/>
		</cross>
		<cross name="RWorkz" pos="11459 900" color="8 148 206">
			<position x="11459" y="900"/>
		</cross>
		<cross name="LWorkz" pos="2955 996" color="8 148 206">
			<position x="2955" y="996"/>
		</cross>
		<cross name="RWorkz" pos="11459 996" color="8 148 206">
			<position x="11459" y="996"/>
		</cross>
		<cross name="LWorkz" pos="2955 1092" color="8 148 206">
			<position x="2955" y="1092"/>
		</cross>
		<cross name="RWorkz" pos="11459 1092" color="8 148 206">
			<position x="11459" y="1092"/>
		</cross>
		<cross name="LWorkz" pos="2955 1188" color="8 148 206">
			<position x="2955" y="1188"/>
		</cross>
		<cross name="RWorkz" pos="11459 1188" color="8 148 206">
			<position x="11459" y="1188"/>
		</cross>
		<cross name="LWorkz" pos="2955 1284" color="8 148 206">
			<position x="2955" y="1284"/>
		</cross>
		<cross name="RWorkz" pos="11459 1284" color="8 148 206">
			<position x="11459" y="1284"/>
		</cross>
		<cross name="LWorkz" pos="2955 1380" color="8 148 206">
			<position x="2955" y="1380"/>
		</cross>
		<cross name="RWorkz" pos="11459 1380" color="8 148 206">
			<position x="11459" y="1380"/>
		</cross>
		<cross name="LWorkz" pos="2955 1476" color="8 148 206">
			<position x="2955" y="1476"/>
		</cross>
		<cross name="RWorkz" pos="11459 1476" color="8 148 206">
			<position x="11459" y="1476"/>
		</cross>
		<cross name="LWorkz" pos="2955 1572" color="8 148 206">
			<position x="2955" y="1572"/>
		</cross>
		<cross name="RWorkz" pos="11459 1572" color="8 148 206">
			<position x="11459" y="1572"/>
		</cross>
		<cross name="LWorkz" pos="2955 1668" color="8 148 206">
			<position x="2955" y="1668"/>
		</cross>
		<cross name="RWorkz" pos="11459 1668" color="8 148 206">
			<position x="11459" y="1668"/>
		</cross>
		<cross name="LWorkz" pos="2955 1764" color="8 148 206">
			<position x="2955" y="1764"/>
		</cross>
		<cross name="RWorkz" pos="11459 1764" color="8 148 206">
			<position x="11459" y="1764"/>
		</cross>
		<cross name="LWorkz" pos="2955 1860" color="8 148 206">
			<position x="2955" y="1860"/>
		</cross>
		<cross name="RWorkz" pos="11459 1860" color="8 148 206">
			<position x="11459" y="1860"/>
		</cross>
		<cross name="LWorkz" pos="2955 1956" color="8 148 206">
			<position x="2955" y="1956"/>
		</cross>
		<cross name="RWorkz" pos="11459 1956" color="8 148 206">
			<position x="11459" y="1956"/>
		</cross>
		<cross name="LWorkz" pos="2955 2052" color="8 148 206">
			<position x="2955" y="2052"/>
		</cross>
		<cross name="RWorkz" pos="11459 2052" color="8 148 206">
			<position x="11459" y="2052"/>
		</cross>
		<cross name="LWorkz" pos="2955 2148" color="8 148 206">
			<position x="2955" y="2148"/>
		</cross>
		<cross name="RWorkz" pos="11459 2148" color="8 148 206">
			<position x="11459" y="2148"/>
		</cross>
		<cross name="LWorkz" pos="2955 2244" color="8 148 206">
			<position x="2955" y="2244"/>
		</cross>
		<cross name="RWorkz" pos="11459 2244" color="8 148 206">
			<position x="11459" y="2244"/>
		</cross>
		<cross name="LWorkz" pos="2955 2340" color="8 148 206">
			<position x="2955" y="2340"/>
		</cross>
		<cross name="RWorkz" pos="11459 2340" color="8 148 206">
			<position x="11459" y="2340"/>
		</cross>
		<cross name="LWorkz" pos="2955 2436" color="8 148 206">
			<position x="2955" y="2436"/>
		</cross>
		<cross name="RWorkz" pos="11459 2436" color="8 148 206">
			<position x="11459" y="2436"/>
		</cross>
		<cross name="LWorkz" pos="2955 2532" color="8 148 206">
			<position x="2955" y="2532"/>
		</cross>
		<cross name="RWorkz" pos="11459 2532" color="8 148 206">
			<position x="11459" y="2532"/>
		</cross>
		<cross name="LWorkz" pos="2955 2628" color="8 148 206">
			<position x="2955" y="2628"/>
		</cross>
		<cross name="RWorkz" pos="11459 2628" color="8 148 206">
			<position x="11459" y="2628"/>
		</cross>
		<cross name="LWorkz" pos="2955 2724" color="8 148 206">
			<position x="2955" y="2724"/>
		</cross>
		<cross name="RWorkz" pos="11459 2724" color="8 148 206">
			<position x="11459" y="2724"/>
		</cross>
		<cross name="LWorkz" pos="2955 2820" color="8 148 206">
			<position x="2955" y="2820"/>
		</cross>
		<cross name="RWorkz" pos="11459 2820" color="8 148 206">
			<position x="11459" y="2820"/>
		</cross>
		<cross name="LWorkz" pos="2955 2916" color="8 148 206">
			<position x="2955" y="2916"/>
		</cross>
		<cross name="RWorkz" pos="11459 2916" color="8 148 206">
			<position x="11459" y="2916"/>
		</cross>
		<cross name="LWorkz" pos="2955 3012" color="8 148 206">
			<position x="2955" y="3012"/>
		</cross>
		<cross name="RWorkz" pos="11459 3012" color="8 148 206">
			<position x="11459" y="3012"/>
		</cross>
		<cross name="LWorkz" pos="2955 3108" color="8 148 206">
			<position x="2955" y="3108"/>
		</cross>
		<cross name="RWorkz" pos="11459 3108" color="8 148 206">
			<position x="11459" y="3108"/>
		</cross>
		<cross name="LWorkz" pos="2955 3204" color="8 148 206">
			<position x="2955" y="3204"/>
		</cross>
		<cross name="RWorkz" pos="11459 3204" color="8 148 206">
			<position x="11459" y="3204"/>
		</cross>
		<cross name="LWorkz" pos="2955 3300" color="8 148 206">
			<position x="2955" y="3300"/>
		</cross>
		<cross name="RWorkz" pos="11459 3300" color="8 148 206">
			<position x="11459" y="3300"/>
		</cross>
		<cross name="LWorkz" pos="2955 3396" color="8 148 206">
			<position x="2955" y="3396"/>
		</cross>
		<cross name="RWorkz" pos="11459 3396" color="8 148 206">
			<position x="11459" y="3396"/>
		</cross>
		<cross name="LWorkz" pos="2955 3492" color="8 148 206">
			<position x="2955" y="3492"/>
		</cross>
		<cross name="RWorkz" pos="11459 3492" color="8 148 206">
			<position x="11459" y="3492"/>
		</cross>
		<cross name="LWorkz" pos="2955 3588" color="8 148 206">
			<position x="2955" y="3588"/>
		</cross>
		<cross name="RWorkz" pos="11459 3588" color="8 148 206">
			<position x="11459" y="3588"/>
		</cross>
		<cross name="LWorkz" pos="2955 3684" color="8 148 206">
			<position x="2955" y="3684"/>
		</cross>
		<cross name="RWorkz" pos="11459 3684" color="8 148 206">
			<position x="11459" y="3684"/>
		</cross>
		<cross name="LWorkz" pos="2955 3780" color="8 148 206">
			<position x="2955" y="3780"/>
		</cross>
		<cross name="RWorkz" pos="11459 3780" color="8 148 206">
			<position x="11459" y="3780"/>
		</cross>
		<cross name="LWorkz" pos="2955 3876" color="8 148 206">
			<position x="2955" y="3876"/>
		</cross>
		<cross name="RWorkz" pos="11459 3876" color="8 148 206">
			<position x="11459" y="3876"/>
		</cross>
		<cross name="LWorkz" pos="2955 3972" color="8 148 206">
			<position x="2955" y="3972"/>
		</cross>
		<cross name="RWorkz" pos="11459 3972" color="8 148 206">
			<position x="11459" y="3972"/>
		</cross>
		<cross name="LWorkz" pos="2955 4068" color="8 148 206">
			<position x="2955" y="4068"/>
		</cross>
		<cross name="RWorkz" pos="11459 4068" color="8 148 206">
			<position x="11459" y="4068"/>
		</cross>
		<cross name="LWorkz" pos="2955 4164" color="8 148 206">
			<position x="2955" y="4164"/>
		</cross>
		<cross name="RWorkz" pos="11459 4164" color="8 148 206">
			<position x="11459" y="4164"/>
		</cross>
		<cross name="LWorkz" pos="2955 4260" color="8 148 206">
			<position x="2955" y="4260"/>
		</cross>
		<cross name="RWorkz" pos="11459 4260" color="8 148 206">
			<position x="11459" y="4260"/>
		</cross>
		<cross name="LWorkz" pos="2955 4356" color="8 148 206">
			<position x="2955" y="4356"/>
		</cross>
		<cross name="RWorkz" pos="11459 4356" color="8 148 206">
			<position x="11459" y="4356"/>
		</cross>
		<cross name="LWorkz" pos="2955 4452" color="8 148 206">
			<position x="2955" y="4452"/>
		</cross>
		<cross name="RWorkz" pos="11459 4452" color="8 148 206">
			<position x="11459" y="4452"/>
		</cross>
		<cross name="LWorkz" pos="2955 4548" color="8 148 206">
			<position x="2955" y="4548"/>
		</cross>
		<cross name="RWorkz" pos="11459 4548" color="8 148 206">
			<position x="11459" y="4548"/>
		</cross>
		<cross name="LWorkz" pos="2955 4644" color="8 148 206">
			<position x="2955" y="4644"/>
		</cross>
		<cross name="RWorkz" pos="11459 4644" color="8 148 206">
			<position x="11459" y="4644"/>
		</cross>
		<cross name="LWorkz" pos="2955 4740" color="8 148 206">
			<position x="2955" y="4740"/>
		</cross>
		<cross name="RWorkz" pos="11459 4740" color="8 148 206">
			<position x="11459" y="4740"/>
		</cross>
		<cross name="LWorkz" pos="2955 4836" color="8 148 206">
			<position x="2955" y="4836"/>
		</cross>
		<cross name="RWorkz" pos="11459 4836" color="8 148 206">
			<position x="11459" y="4836"/>
		</cross>
		<cross name="LWorkz" pos="2955 4932" color="8 148 206">
			<position x="2955" y="4932"/>
		</cross>
		<cross name="RWorkz" pos="11459 4932" color="8 148 206">
			<position x="11459" y="4932"/>
		</cross>
		<cross name="LWorkz" pos="2955 5028" color="8 148 206">
			<position x="2955" y="5028"/>
		</cross>
		<cross name="RWorkz" pos="11459 5028" color="8 148 206">
			<position x="11459" y="5028"/>
		</cross>
		<cross name="LWorkz" pos="2955 5124" color="8 148 206">
			<position x="2955" y="5124"/>
		</cross>
		<cross name="RWorkz" pos="11459 5124" color="8 148 206">
			<position x="11459" y="5124"/>
		</cross>
		<cross name="LWorkz" pos="2955 5220" color="8 148 206">
			<position x="2955" y="5220"/>
		</cross>
		<cross name="RWorkz" pos="11459 5220" color="8 148 206">
			<position x="11459" y="5220"/>
		</cross>
		<cross name="LWorkz" pos="2955 5316" color="8 148 206">
			<position x="2955" y="5316"/>
		</cross>
		<cross name="RWorkz" pos="11459 5316" color="8 148 206">
			<position x="11459" y="5316"/>
		</cross>
	</image>
</camera>