<?xml version="1.0"?>
<camera name="BX1" company="SICK AG, AutoIdent" device="ICR890-4 CORE 12k" version="V2.13.0.17225" identifier=" ">
	<schema major="2" minor="8" patch="0"/>
	<image objectid="129">
		<trayindex>129</trayindex>
		<imageinfo type="JPEG">
			<quality>80</quality>
			<resolution>270</resolution>
			<size width="5136" length="5287"/>
			<origin x="4056" y="0"/>
			<increment start="9739" stop="10154"/>
			<captureline start="269365" stop="274651"/>
			<fvec>0x00000000</fvec>
			<fvectxt></fvectxt>
			<filename>20251211_Image103921_Bitunia_1_0000000129_0129.jpg</filename>
			<filesize>1149594</filesize>
		</imageinfo>
		<decoder version="8.1.0">
			<config>
				<Params1D>51 1 2 255 0 0 1 0 10 0 1 2147483647 2147483647 2147483647 2147483647 2147483647 0 0 0 0 500 0 120 0 0 1 0 1 0 2 1 1 0 1 0 1 0 255 0 3 100 4 0 0 0 0 0 0 1 1 90</Params1D>
				<CodeConf_0>1 0 3 0 0 0 0 0 0 0 0 0 0 1 8 50 0 0 0 0 1 0</CodeConf_0>
				<CodeConf_1>1 0 3 0 0 0 0 0 0 0 0 0 0 1 8 50 0 0 0 0 1 4103</CodeConf_1>
				<CodeConf_5>1 0 3 0 0 0 0 0 0 0 0 0 0 1 8 50 0 0 0 0 1 0</CodeConf_5>
				<Params2D>68 1 0 255 0 0 0 0 10 0 1 2147483647 2147483647 2147483647 2147483647 2147483647 0 0 0 0 500 0 120 0 0 1 0 0 0 0 0 0 0 1 0 0 0 255 1 11 100 4 0 0 0 0 0 0 1 1 90</Params2D>
				<DiagConfig>0 0 0 0 0 0 0 0 0 0 0 0 0 0 0 0 0 0 0 0 0</DiagConfig>
				<GlobalConfig>4 0 0 0 0 0 -1 1</GlobalConfig>
				</config>
			<info finish="true">
				<decoderCtrlTimeImage unit="ms" value="124"/>
				<decoderTimeImage unit="ms" value="79"/>
				<decoderDelayStart unit="ms" value="43"/>
				<decoderDelayEnd unit="ms" value="2"/>
				<blocks total="56" decoded="56"/>
				<decodedLine start="269280" stop="274655"/>
			</info>
		</decoder>
		<symbol type="C128" pos="6474 2596 6460 2534 6910 2478 6924 2539" groupid="0">
			<position>
				<coordinate x="6474" y="2596"/>
				<coordinate x="6460" y="2534"/>
				<coordinate x="6910" y="2478"/>
				<coordinate x="6924" y="2539"/>
			</position>
			<result length="9" coding="Ascii">SN5954889</result>
			<symbolinfo>
				<width unit="pix">0.00</width>
				<height unit="pix">63.07</height>
			</symbolinfo>
			<status>2</status>
			<angle>353</angle>
			<decosrc>0</decosrc>
			<qualifier>
				<rq>66</rq>
				<fvec>0x00000000</fvec>
			</qualifier>
			<verifier>
				<sc grade="4.0" value="99"/>
				<defects grade="4.0" value="1"/>
				<v grade="0.0" value="18"/>
				<modsize value="4" unit="mm"/>
				<qz value="100" unit="%"/>
				<ecmin grade="4.0" value="48"/>
				<mod grade="4.0" value="49"/>
				<osg grade="4.0"/>
				<decode grade="4.0" value="100"/>
				<rmin grade="4.0" value="0"/>
			</verifier>
			<moduleinfo>
				<width unit="pix">3.69</width>
				<height unit="pix">63.07</height>
			</moduleinfo>
		</symbol>
		<box name="Roi1D" pos="6474 2596 6460 2534 6910 2478 6924 2539" color="0 255 0" groupid="0">
			<position>
				<coordinate x="6474" y="2596"/>
				<coordinate x="6460" y="2534"/>
				<coordinate x="6910" y="2478"/>
				<coordinate x="6924" y="2539"/>
			</position>
		</box>
		<box name="Box1D" pos="6396 2414 6988 2414 6988 2660 6396 2660" color="0 0 255" groupid="0">
			<position>
				<coordinate x="6396" y="2414"/>
				<coordinate x="6988" y="2414"/>
				<coordinate x="6988" y="2660"/>
				<coordinate x="6396" y="2660"/>
			</position>
		</box>
		<box name="Parcel" pos="8924 971 8552 5376 4539 5139 4698 652" color="255 128 0" groupid="1">
			<position>
				<coordinate x="8924" y="971"/>
				<coordinate x="8552" y="5376"/>
				<coordinate x="4539" y="5139"/>
				<coordinate x="4698" y="652"/>
			</position>
		</box>
		<parcel pos="8924 971 8552 5376 4539 5139 4698 652" groupid="1">
			<position>
				<coordinate x="8924" y="971"/>
				<coordinate x="8552" y="5376"/>
				<coordinate x="4539" y="5139"/>
				<coordinate x="4698" y="652"/>
			</position>
			<dimension unit="mm" height="168" width="358" length="381"/>
			<volume unit="cm3" value="22898"/>
			<angle>86.6</angle>
			<decosrc>4</decosrc>
			<fvec>0x00000000</fvec>
			<fvectxt></fvectxt>
			<quality>0</quality>
		</parcel>
		<text name="Info" string="SICK" fontsize="30" pos="60 5186" color="8 148 206" layout="1">
			<position x="60" y="5186"/>
		</text>
		<text name="Info" string="Device: ICR890" fontsize="30" pos="4676 50" color="255 0 0" layout="1">
			<position x="4676" y="50"/>
		</text>
		<text name="Info" string="ObjectId: 129" fontsize="30" pos="4676 5186" color="255 0 0" layout="1">
			<position x="4676" y="5186"/>
		</text>
		<line name="DirOfFlow" pos="236 40 412 1097" color="255 0 0" layout="1">
			<position>
				<coordinate x="236" y="40"/>
				<coordinate x="412" y="1097"/>
			</position>
		</line>
		<line name="DirOfFlow" pos="412 1097 60 1097" color="255 0 0" layout="1">
			<position>
				<coordinate x="412" y="1097"/>
				<coordinate x="60" y="1097"/>
			</position>
		</line>
		<line name="DirOfFlow" pos="60 1097 236 40" color="255 0 0" layout="1">
			<position>
				<coordinate x="60" y="1097"/>
				<coordinate x="236" y="40"/>
			</position>
		</line>
		<cross name="LWorkz" pos="2955 107" color="8 148 206">
			<position x="2955" y="107"/>
		</cross>
		<cross name="RWorkz" pos="11459 107" color="8 148 206">
			<position x="11459" y="107"/>
		</cross>
		<cross name="LWorkz" pos="2955 203" color="8 148 206">
			<position x="2955" y="203"/>
		</cross>
		<cross name="RWorkz" pos="11459 203" color="8 148 206">
			<position x="11459" y="203"/>
		</cross>
		<cross name="LWorkz" pos="2955 299" color="8 148 206">
			<position x="2955" y="299"/>
		</cross>
		<cross name="RWorkz" pos="11459 299" color="8 148 206">
			<position x="11459" y="299"/>
		</cross>
		<cross name="LWorkz" pos="2955 395" color="8 148 206">
			<position x="2955" y="395"/>
		</cross>
		<cross name="RWorkz" pos="11459 395" color="8 148 206">
			<position x="11459" y="395"/>
		</cross>
		<cross name="LWorkz" pos="2955 491" color="8 148 206">
			<position x="2955" y="491"/>
		</cross>
		<cross name="RWorkz" pos="11459 491" color="8 148 206">
			<position x="11459" y="491"/>
		</cross>
		<cross name="LWorkz" pos="2955 587" color="8 148 206">
			<position x="2955" y="587"/>
		</cross>
		<cross name="RWorkz" pos="11459 587" color="8 148 206">
			<position x="11459" y="587"/>
		</cross>
		<cross name="LWorkz" pos="2955 683" color="8 148 206">
			<position x="2955" y="683"/>
		</cross>
		<cross name="RWorkz" pos="11459 683" color="8 148 206">
			<position x="11459" y="683"/>
		</cross>
		<cross name="LWorkz" pos="2955 779" color="8 148 206">
			<position x="2955" y="779"/>
		</cross>
		<cross name="RWorkz" pos="11459 779" color="8 148 206">
			<position x="11459" y="779"/>
		</cross>
		<cross name="LWorkz" pos="2955 875" color="8 148 206">
			<position x="2955" y="875"/>
		</cross>
		<cross name="RWorkz" pos="11459 875" color="8 148 206">
			<position x="11459" y="875"/>
		</cross>
		<cross name="LWorkz" pos="2955 971" color="8 148 206">
			<position x="2955" y="971"/>
		</cross>
		<cross name="RWorkz" pos="11459 971" color="8 148 206">
			<position x="11459" y="971"/>
		</cross>
		<cross name="LWorkz" pos="2955 1067" color="8 148 206">
			<position x="2955" y="1067"/>
		</cross>
		<cross name="RWorkz" pos="11459 1067" color="8 148 206">
			<position x="11459" y="1067"/>
		</cross>
		<cross name="LWorkz" pos="2955 1163" color="8 148 206">
			<position x="2955" y="1163"/>
		</cross>
		<cross name="RWorkz" pos="11459 1163" color="8 148 206">
			<position x="11459" y="1163"/>
		</cross>
		<cross name="LWorkz" pos="2955 1259" color="8 148 206">
			<position x="2955" y="1259"/>
		</cross>
		<cross name="RWorkz" pos="11459 1259" color="8 148 206">
			<position x="11459" y="1259"/>
		</cross>
		<cross name="LWorkz" pos="2955 1355" color="8 148 206">
			<position x="2955" y="1355"/>
		</cross>
		<cross name="RWorkz" pos="11459 1355" color="8 148 206">
			<position x="11459" y="1355"/>
		</cross>
		<cross name="LWorkz" pos="2955 1451" color="8 148 206">
			<position x="2955" y="1451"/>
		</cross>
		<cross name="RWorkz" pos="11459 1451" color="8 148 206">
			<position x="11459" y="1451"/>
		</cross>
		<cross name="LWorkz" pos="2955 1547" color="8 148 206">
			<position x="2955" y="1547"/>
		</cross>
		<cross name="RWorkz" pos="11459 1547" color="8 148 206">
			<position x="11459" y="1547"/>
		</cross>
		<cross name="LWorkz" pos="2955 1643" color="8 148 206">
			<position x="2955" y="1643"/>
		</cross>
		<cross name="RWorkz" pos="11459 1643" color="8 148 206">
			<position x="11459" y="1643"/>
		</cross>
		<cross name="LWorkz" pos="2955 1739" color="8 148 206">
			<position x="2955" y="1739"/>
		</cross>
		<cross name="RWorkz" pos="11459 1739" color="8 148 206">
			<position x="11459" y="1739"/>
		</cross>
		<cross name="LWorkz" pos="2955 1835" color="8 148 206">
			<position x="2955" y="1835"/>
		</cross>
		<cross name="RWorkz" pos="11459 1835" color="8 148 206">
			<position x="11459" y="1835"/>
		</cross>
		<cross name="LWorkz" pos="2955 1931" color="8 148 206">
			<position x="2955" y="1931"/>
		</cross>
		<cross name="RWorkz" pos="11459 1931" color="8 148 206">
			<position x="11459" y="1931"/>
		</cross>
		<cross name="LWorkz" pos="2955 2027" color="8 148 206">
			<position x="2955" y="2027"/>
		</cross>
		<cross name="RWorkz" pos="11459 2027" color="8 148 206">
			<position x="11459" y="2027"/>
		</cross>
		<cross name="LWorkz" pos="2955 2123" color="8 148 206">
			<position x="2955" y="2123"/>
		</cross>
		<cross name="RWorkz" pos="11459 2123" color="8 148 206">
			<position x="11459" y="2123"/>
		</cross>
		<cross name="LWorkz" pos="2955 2219" color="8 148 206">
			<position x="2955" y="2219"/>
		</cross>
		<cross name="RWorkz" pos="11459 2219" color="8 148 206">
			<position x="11459" y="2219"/>
		</cross>
		<cross name="LWorkz" pos="2955 2315" color="8 148 206">
			<position x="2955" y="2315"/>
		</cross>
		<cross name="RWorkz" pos="11459 2315" color="8 148 206">
			<position x="11459" y="2315"/>
		</cross>
		<cross name="LWorkz" pos="2955 2411" color="8 148 206">
			<position x="2955" y="2411"/>
		</cross>
		<cross name="RWorkz" pos="11459 2411" color="8 148 206">
			<position x="11459" y="2411"/>
		</cross>
		<cross name="LWorkz" pos="2955 2507" color="8 148 206">
			<position x="2955" y="2507"/>
		</cross>
		<cross name="RWorkz" pos="11459 2507" color="8 148 206">
			<position x="11459" y="2507"/>
		</cross>
		<cross name="LWorkz" pos="2955 2603" color="8 148 206">
			<position x="2955" y="2603"/>
		</cross>
		<cross name="RWorkz" pos="11459 2603" color="8 148 206">
			<position x="11459" y="2603"/>
		</cross>
		<cross name="LWorkz" pos="2955 2699" color="8 148 206">
			<position x="2955" y="2699"/>
		</cross>
		<cross name="RWorkz" pos="11459 2699" color="8 148 206">
			<position x="11459" y="2699"/>
		</cross>
		<cross name="LWorkz" pos="2955 2795" color="8 148 206">
			<position x="2955" y="2795"/>
		</cross>
		<cross name="RWorkz" pos="11459 2795" color="8 148 206">
			<position x="11459" y="2795"/>
		</cross>
		<cross name="LWorkz" pos="2955 2891" color="8 148 206">
			<position x="2955" y="2891"/>
		</cross>
		<cross name="RWorkz" pos="11459 2891" color="8 148 206">
			<position x="11459" y="2891"/>
		</cross>
		<cross name="LWorkz" pos="2955 2987" color="8 148 206">
			<position x="2955" y="2987"/>
		</cross>
		<cross name="RWorkz" pos="11459 2987" color="8 148 206">
			<position x="11459" y="2987"/>
		</cross>
		<cross name="LWorkz" pos="2955 3083" color="8 148 206">
			<position x="2955" y="3083"/>
		</cross>
		<cross name="RWorkz" pos="11459 3083" color="8 148 206">
			<position x="11459" y="3083"/>
		</cross>
		<cross name="LWorkz" pos="2955 3179" color="8 148 206">
			<position x="2955" y="3179"/>
		</cross>
		<cross name="RWorkz" pos="11459 3179" color="8 148 206">
			<position x="11459" y="3179"/>
		</cross>
		<cross name="LWorkz" pos="2955 3275" color="8 148 206">
			<position x="2955" y="3275"/>
		</cross>
		<cross name="RWorkz" pos="11459 3275" color="8 148 206">
			<position x="11459" y="3275"/>
		</cross>
		<cross name="LWorkz" pos="2955 3371" color="8 148 206">
			<position x="2955" y="3371"/>
		</cross>
		<cross name="RWorkz" pos="11459 3371" color="8 148 206">
			<position x="11459" y="3371"/>
		</cross>
		<cross name="LWorkz" pos="2955 3467" color="8 148 206">
			<position x="2955" y="3467"/>
		</cross>
		<cross name="RWorkz" pos="11459 3467" color="8 148 206">
			<position x="11459" y="3467"/>
		</cross>
		<cross name="LWorkz" pos="2955 3563" color="8 148 206">
			<position x="2955" y="3563"/>
		</cross>
		<cross name="RWorkz" pos="11459 3563" color="8 148 206">
			<position x="11459" y="3563"/>
		</cross>
		<cross name="LWorkz" pos="2955 3659" color="8 148 206">
			<position x="2955" y="3659"/>
		</cross>
		<cross name="RWorkz" pos="11459 3659" color="8 148 206">
			<position x="11459" y="3659"/>
		</cross>
		<cross name="LWorkz" pos="2955 3755" color="8 148 206">
			<position x="2955" y="3755"/>
		</cross>
		<cross name="RWorkz" pos="11459 3755" color="8 148 206">
			<position x="11459" y="3755"/>
		</cross>
		<cross name="LWorkz" pos="2955 3851" color="8 148 206">
			<position x="2955" y="3851"/>
		</cross>
		<cross name="RWorkz" pos="11459 3851" color="8 148 206">
			<position x="11459" y="3851"/>
		</cross>
		<cross name="LWorkz" pos="2955 3947" color="8 148 206">
			<position x="2955" y="3947"/>
		</cross>
		<cross name="RWorkz" pos="11459 3947" color="8 148 206">
			<position x="11459" y="3947"/>
		</cross>
		<cross name="LWorkz" pos="2955 4043" color="8 148 206">
			<position x="2955" y="4043"/>
		</cross>
		<cross name="RWorkz" pos="11459 4043" color="8 148 206">
			<position x="11459" y="4043"/>
		</cross>
		<cross name="LWorkz" pos="2955 4139" color="8 148 206">
			<position x="2955" y="4139"/>
		</cross>
		<cross name="RWorkz" pos="11459 4139" color="8 148 206">
			<position x="11459" y="4139"/>
		</cross>
		<cross name="LWorkz" pos="2955 4235" color="8 148 206">
			<position x="2955" y="4235"/>
		</cross>
		<cross name="RWorkz" pos="11459 4235" color="8 148 206">
			<position x="11459" y="4235"/>
		</cross>
		<cross name="LWorkz" pos="2955 4331" color="8 148 206">
			<position x="2955" y="4331"/>
		</cross>
		<cross name="RWorkz" pos="11459 4331" color="8 148 206">
			<position x="11459" y="4331"/>
		</cross>
		<cross name="LWorkz" pos="2955 4427" color="8 148 206">
			<position x="2955" y="4427"/>
		</cross>
		<cross name="RWorkz" pos="11459 4427" color="8 148 206">
			<position x="11459" y="4427"/>
		</cross>
		<cross name="LWorkz" pos="2955 4523" color="8 148 206">
			<position x="2955" y="4523"/>
		</cross>
		<cross name="RWorkz" pos="11459 4523" color="8 148 206">
			<position x="11459" y="4523"/>
		</cross>
		<cross name="LWorkz" pos="2955 4619" color="8 148 206">
			<position x="2955" y="4619"/>
		</cross>
		<cross name="RWorkz" pos="11459 4619" color="8 148 206">
			<position x="11459" y="4619"/>
		</cross>
		<cross name="LWorkz" pos="2955 4715" color="8 148 206">
			<position x="2955" y="4715"/>
		</cross>
		<cross name="RWorkz" pos="11459 4715" color="8 148 206">
			<position x="11459" y="4715"/>
		</cross>
		<cross name="LWorkz" pos="2955 4811" color="8 148 206">
			<position x="2955" y="4811"/>
		</cross>
		<cross name="RWorkz" pos="11459 4811" color="8 148 206">
			<position x="11459" y="4811"/>
		</cross>
		<cross name="LWorkz" pos="2955 4907" color="8 148 206">
			<position x="2955" y="4907"/>
		</cross>
		<cross name="RWorkz" pos="11459 4907" color="8 148 206">
			<position x="11459" y="4907"/>
		</cross>
		<cross name="LWorkz" pos="2955 5003" color="8 148 206">
			<position x="2955" y="5003"/>
		</cross>
		<cross name="RWorkz" pos="11459 5003" color="8 148 206">
			<position x="11459" y="5003"/>
		</cross>
		<cross name="LWorkz" pos="2955 5099" color="8 148 206">
			<position x="2955" y="5099"/>
		</cross>
		<cross name="RWorkz" pos="11459 5099" color="8 148 206">
			<position x="11459" y="5099"/>
		</cross>
		<cross name="LWorkz" pos="2955 5195" color="8 148 206">
			<position x="2955" y="5195"/>
		</cross>
		<cross name="RWorkz" pos="11459 5195" color="8 148 206">
			<position x="11459" y="5195"/>
		</cross>
	</image>
</camera>