<?xml version="1.0"?>
<camera name="BX1" company="SICK AG, AutoIdent" device="ICR890-4 CORE 12k" version="V2.13.0.17225" identifier=" ">
	<schema major="2" minor="8" patch="0"/>
	<image objectid="118">
		<trayindex>118</trayindex>
		<imageinfo type="JPEG">
			<quality>80</quality>
			<resolution>270</resolution>
			<size width="5728" length="3367"/>
			<origin x="4392" y="0"/>
			<increment start="52847" stop="53159"/>
			<captureline start="23231" stop="26597"/>
			<fvec>0x00000000</fvec>
			<fvectxt></fvectxt>
			<filename>20251211_Image102819_Bitunia_1_0000000118_0118.jpg</filename>
			<filesize>1392420</filesize>
		</imageinfo>
		<decoder version="8.1.0">
			<config>
				<Params1D>51 1 2 255 0 0 1 0 10 0 1 2147483647 2147483647 2147483647 2147483647 2147483647 0 0 0 0 500 0 120 0 0 1 0 1 0 2 1 1 0 1 0 1 0 255 0 3 100 4 0 0 0 0 0 0 1 1 90</Params1D>
				<CodeConf_0>1 0 3 0 0 0 0 0 0 0 0 0 0 1 8 50 0 0 0 0 1 0</CodeConf_0>
				<CodeConf_1>1 0 3 0 0 0 0 0 0 0 0 0 0 1 8 50 0 0 0 0 1 4103</CodeConf_1>
				<CodeConf_5>1 0 3 0 0 0 0 0 0 0 0 0 0 1 8 50 0 0 0 0 1 0</CodeConf_5>
				<Params2D>68 1 0 255 0 0 0 0 10 0 1 2147483647 2147483647 2147483647 2147483647 2147483647 0 0 0 0 500 0 120 0 0 1 0 0 0 0 0 0 0 1 0 0 0 255 1 11 100 4 0 0 0 0 0 0 1 1 90</Params2D>
				<DiagConfig>0 0 0 0 0 0 0 0 0 0 0 0 0 0 0 0 0 0 0 0 0</DiagConfig>
				<GlobalConfig>4 0 0 0 0 0 -1 1</GlobalConfig>
				</config>
			<info finish="true">
				<decoderCtrlTimeImage unit="ms" value="119"/>
				<decoderTimeImage unit="ms" value="86"/>
				<decoderDelayStart unit="ms" value="1"/>
				<decoderDelayEnd unit="ms" value="1"/>
				<blocks total="43" decoded="43"/>
				<decodedLine start="22656" stop="26783"/>
			</info>
		</decoder>
		<symbol type="C128" pos="8151 1509 8077 1509 8079 1005 8153 1004" groupid="0">
			<position>
				<coordinate x="8151" y="1509"/>
				<coordinate x="8077" y="1509"/>
				<coordinate x="8079" y="1005"/>
				<coordinate x="8153" y="1004"/>
			</position>
			<result length="13" coding="Ascii">RU0131248847Z</result>
			<symbolinfo>
				<width unit="pix">0.00</width>
				<height unit="pix">74.00</height>
			</symbolinfo>
			<status>2</status>
			<angle>270</angle>
			<decosrc>0</decosrc>
			<qualifier>
				<rq>100</rq>
				<fvec>0x00000000</fvec>
			</qualifier>
			<verifier>
				<sc grade="4.0" value="92"/>
				<defects grade="4.0" value="5"/>
				<v grade="3.0" value="54"/>
				<modsize value="3" unit="mm"/>
				<qz value="100" unit="%"/>
				<ecmin grade="4.0" value="37"/>
				<mod grade="3.0" value="40"/>
				<osg grade="3.0"/>
				<decode grade="4.0" value="100"/>
				<rmin grade="4.0" value="0"/>
			</verifier>
			<moduleinfo>
				<width unit="pix">3.46</width>
				<height unit="pix">74.00</height>
			</moduleinfo>
		</symbol>
		<box name="Roi1D" pos="8151 1509 8077 1509 8079 1005 8153 1004" color="0 255 0" groupid="0">
			<position>
				<coordinate x="8151" y="1509"/>
				<coordinate x="8077" y="1509"/>
				<coordinate x="8079" y="1005"/>
				<coordinate x="8153" y="1004"/>
			</position>
		</box>
		<box name="Box1D" pos="8013 940 8217 940 8217 1573 8013 1573" color="0 0 255" groupid="0">
			<position>
				<coordinate x="8013" y="940"/>
				<coordinate x="8217" y="940"/>
				<coordinate x="8217" y="1573"/>
				<coordinate x="8013" y="1573"/>
			</position>
		</box>
		<symbol type="C128" pos="6226 2926 6244 2769 6866 2833 6849 2986" groupid="1">
			<position>
				<coordinate x="6226" y="2926"/>
				<coordinate x="6244" y="2769"/>
				<coordinate x="6866" y="2833"/>
				<coordinate x="6849" y="2986"/>
			</position>
			<result length="11" coding="Ascii">spPBYX6X7LX</result>
			<symbolinfo>
				<width unit="pix">0.00</width>
				<height unit="pix">155.99</height>
			</symbolinfo>
			<status>2</status>
			<angle>6</angle>
			<decosrc>0</decosrc>
			<qualifier>
				<rq>100</rq>
				<fvec>0x00000000</fvec>
			</qualifier>
			<verifier>
				<sc grade="4.0" value="94"/>
				<defects grade="4.0" value="1"/>
				<v grade="3.0" value="54"/>
				<modsize value="4" unit="mm"/>
				<qz value="100" unit="%"/>
				<ecmin grade="4.0" value="57"/>
				<mod grade="4.0" value="61"/>
				<osg grade="4.0"/>
				<decode grade="4.0" value="100"/>
				<rmin grade="4.0" value="0"/>
			</verifier>
			<moduleinfo>
				<width unit="pix">4.01</width>
				<height unit="pix">155.99</height>
			</moduleinfo>
		</symbol>
		<box name="Roi1D" pos="6226 2926 6244 2769 6866 2833 6849 2986" color="0 255 0" groupid="1">
			<position>
				<coordinate x="6226" y="2926"/>
				<coordinate x="6244" y="2769"/>
				<coordinate x="6866" y="2833"/>
				<coordinate x="6849" y="2986"/>
			</position>
		</box>
		<box name="Box1D" pos="6162 2705 6930 2705 6930 3050 6162 3050" color="0 0 255" groupid="1">
			<position>
				<coordinate x="6162" y="2705"/>
				<coordinate x="6930" y="2705"/>
				<coordinate x="6930" y="3050"/>
				<coordinate x="6162" y="3050"/>
			</position>
		</box>
		<box name="Parcel" pos="10250 3511 4782 3552 4782 145 10229 124" color="255 128 0" groupid="2">
			<position>
				<coordinate x="10250" y="3511"/>
				<coordinate x="4782" y="3552"/>
				<coordinate x="4782" y="145"/>
				<coordinate x="10229" y="124"/>
			</position>
		</box>
		<parcel pos="10250 3511 4782 3552 4782 145 10229 124" groupid="2">
			<position>
				<coordinate x="10250" y="3511"/>
				<coordinate x="4782" y="3552"/>
				<coordinate x="4782" y="145"/>
				<coordinate x="10229" y="124"/>
			</position>
			<dimension unit="mm" height="158" width="322" length="514"/>
			<volume unit="cm3" value="26113"/>
			<angle>-89.8</angle>
			<decosrc>4</decosrc>
			<fvec>0x00000000</fvec>
			<fvectxt></fvectxt>
			<quality>0</quality>
		</parcel>
		<text name="Info" string="SICK" fontsize="30" pos="60 3266" color="8 148 206" layout="1">
			<position x="60" y="3266"/>
		</text>
		<text name="Info" string="Device: ICR890" fontsize="30" pos="5268 50" color="255 0 0" layout="1">
			<position x="5268" y="50"/>
		</text>
		<text name="Info" string="ObjectId: 118" fontsize="30" pos="5268 3266" color="255 0 0" layout="1">
			<position x="5268" y="3266"/>
		</text>
		<line name="DirOfFlow" pos="172 40 284 713" color="255 0 0" layout="1">
			<position>
				<coordinate x="172" y="40"/>
				<coordinate x="284" y="713"/>
			</position>
		</line>
		<line name="DirOfFlow" pos="284 713 60 713" color="255 0 0" layout="1">
			<position>
				<coordinate x="284" y="713"/>
				<coordinate x="60" y="713"/>
			</position>
		</line>
		<line name="DirOfFlow" pos="60 713 172 40" color="255 0 0" layout="1">
			<position>
				<coordinate x="60" y="713"/>
				<coordinate x="172" y="40"/>
			</position>
		</line>
		<cross name="LWorkz" pos="2955 1" color="8 148 206">
			<position x="2955" y="1"/>
		</cross>
		<cross name="RWorkz" pos="11459 1" color="8 148 206">
			<position x="11459" y="1"/>
		</cross>
		<cross name="LWorkz" pos="2955 97" color="8 148 206">
			<position x="2955" y="97"/>
		</cross>
		<cross name="RWorkz" pos="11459 97" color="8 148 206">
			<position x="11459" y="97"/>
		</cross>
		<cross name="LWorkz" pos="2955 193" color="8 148 206">
			<position x="2955" y="193"/>
		</cross>
		<cross name="RWorkz" pos="11459 193" color="8 148 206">
			<position x="11459" y="193"/>
		</cross>
		<cross name="LWorkz" pos="2955 289" color="8 148 206">
			<position x="2955" y="289"/>
		</cross>
		<cross name="RWorkz" pos="11459 289" color="8 148 206">
			<position x="11459" y="289"/>
		</cross>
		<cross name="LWorkz" pos="2955 385" color="8 148 206">
			<position x="2955" y="385"/>
		</cross>
		<cross name="RWorkz" pos="11459 385" color="8 148 206">
			<position x="11459" y="385"/>
		</cross>
		<cross name="LWorkz" pos="2955 481" color="8 148 206">
			<position x="2955" y="481"/>
		</cross>
		<cross name="RWorkz" pos="11459 481" color="8 148 206">
			<position x="11459" y="481"/>
		</cross>
		<cross name="LWorkz" pos="2955 577" color="8 148 206">
			<position x="2955" y="577"/>
		</cross>
		<cross name="RWorkz" pos="11459 577" color="8 148 206">
			<position x="11459" y="577"/>
		</cross>
		<cross name="LWorkz" pos="2955 673" color="8 148 206">
			<position x="2955" y="673"/>
		</cross>
		<cross name="RWorkz" pos="11459 673" color="8 148 206">
			<position x="11459" y="673"/>
		</cross>
		<cross name="LWorkz" pos="2955 769" color="8 148 206">
			<position x="2955" y="769"/>
		</cross>
		<cross name="RWorkz" pos="11459 769" color="8 148 206">
			<position x="11459" y="769"/>
		</cross>
		<cross name="LWorkz" pos="2955 865" color="8 148 206">
			<position x="2955" y="865"/>
		</cross>
		<cross name="RWorkz" pos="11459 865" color="8 148 206">
			<position x="11459" y="865"/>
		</cross>
		<cross name="LWorkz" pos="2955 961" color="8 148 206">
			<position x="2955" y="961"/>
		</cross>
		<cross name="RWorkz" pos="11459 961" color="8 148 206">
			<position x="11459" y="961"/>
		</cross>
		<cross name="LWorkz" pos="2955 1057" color="8 148 206">
			<position x="2955" y="1057"/>
		</cross>
		<cross name="RWorkz" pos="11459 1057" color="8 148 206">
			<position x="11459" y="1057"/>
		</cross>
		<cross name="LWorkz" pos="2955 1153" color="8 148 206">
			<position x="2955" y="1153"/>
		</cross>
		<cross name="RWorkz" pos="11459 1153" color="8 148 206">
			<position x="11459" y="1153"/>
		</cross>
		<cross name="LWorkz" pos="2955 1249" color="8 148 206">
			<position x="2955" y="1249"/>
		</cross>
		<cross name="RWorkz" pos="11459 1249" color="8 148 206">
			<position x="11459" y="1249"/>
		</cross>
		<cross name="LWorkz" pos="2955 1345" color="8 148 206">
			<position x="2955" y="1345"/>
		</cross>
		<cross name="RWorkz" pos="11459 1345" color="8 148 206">
			<position x="11459" y="1345"/>
		</cross>
		<cross name="LWorkz" pos="2955 1441" color="8 148 206">
			<position x="2955" y="1441"/>
		</cross>
		<cross name="RWorkz" pos="11459 1441" color="8 148 206">
			<position x="11459" y="1441"/>
		</cross>
		<cross name="LWorkz" pos="2955 1537" color="8 148 206">
			<position x="2955" y="1537"/>
		</cross>
		<cross name="RWorkz" pos="11459 1537" color="8 148 206">
			<position x="11459" y="1537"/>
		</cross>
		<cross name="LWorkz" pos="2955 1633" color="8 148 206">
			<position x="2955" y="1633"/>
		</cross>
		<cross name="RWorkz" pos="11459 1633" color="8 148 206">
			<position x="11459" y="1633"/>
		</cross>
		<cross name="LWorkz" pos="2955 1729" color="8 148 206">
			<position x="2955" y="1729"/>
		</cross>
		<cross name="RWorkz" pos="11459 1729" color="8 148 206">
			<position x="11459" y="1729"/>
		</cross>
		<cross name="LWorkz" pos="2955 1825" color="8 148 206">
			<position x="2955" y="1825"/>
		</cross>
		<cross name="RWorkz" pos="11459 1825" color="8 148 206">
			<position x="11459" y="1825"/>
		</cross>
		<cross name="LWorkz" pos="2955 1921" color="8 148 206">
			<position x="2955" y="1921"/>
		</cross>
		<cross name="RWorkz" pos="11459 1921" color="8 148 206">
			<position x="11459" y="1921"/>
		</cross>
		<cross name="LWorkz" pos="2955 2017" color="8 148 206">
			<position x="2955" y="2017"/>
		</cross>
		<cross name="RWorkz" pos="11459 2017" color="8 148 206">
			<position x="11459" y="2017"/>
		</cross>
		<cross name="LWorkz" pos="2955 2113" color="8 148 206">
			<position x="2955" y="2113"/>
		</cross>
		<cross name="RWorkz" pos="11459 2113" color="8 148 206">
			<position x="11459" y="2113"/>
		</cross>
		<cross name="LWorkz" pos="2955 2209" color="8 148 206">
			<position x="2955" y="2209"/>
		</cross>
		<cross name="RWorkz" pos="11459 2209" color="8 148 206">
			<position x="11459" y="2209"/>
		</cross>
		<cross name="LWorkz" pos="2955 2305" color="8 148 206">
			<position x="2955" y="2305"/>
		</cross>
		<cross name="RWorkz" pos="11459 2305" color="8 148 206">
			<position x="11459" y="2305"/>
		</cross>
		<cross name="LWorkz" pos="2955 2401" color="8 148 206">
			<position x="2955" y="2401"/>
		</cross>
		<cross name="RWorkz" pos="11459 2401" color="8 148 206">
			<position x="11459" y="2401"/>
		</cross>
		<cross name="LWorkz" pos="2955 2497" color="8 148 206">
			<position x="2955" y="2497"/>
		</cross>
		<cross name="RWorkz" pos="11459 2497" color="8 148 206">
			<position x="11459" y="2497"/>
		</cross>
		<cross name="LWorkz" pos="2955 2593" color="8 148 206">
			<position x="2955" y="2593"/>
		</cross>
		<cross name="RWorkz" pos="11459 2593" color="8 148 206">
			<position x="11459" y="2593"/>
		</cross>
		<cross name="LWorkz" pos="2955 2689" color="8 148 206">
			<position x="2955" y="2689"/>
		</cross>
		<cross name="RWorkz" pos="11459 2689" color="8 148 206">
			<position x="11459" y="2689"/>
		</cross>
		<cross name="LWorkz" pos="2955 2785" color="8 148 206">
			<position x="2955" y="2785"/>
		</cross>
		<cross name="RWorkz" pos="11459 2785" color="8 148 206">
			<position x="11459" y="2785"/>
		</cross>
		<cross name="LWorkz" pos="2955 2881" color="8 148 206">
			<position x="2955" y="2881"/>
		</cross>
		<cross name="RWorkz" pos="11459 2881" color="8 148 206">
			<position x="11459" y="2881"/>
		</cross>
		<cross name="LWorkz" pos="2955 2977" color="8 148 206">
			<position x="2955" y="2977"/>
		</cross>
		<cross name="RWorkz" pos="11459 2977" color="8 148 206">
			<position x="11459" y="2977"/>
		</cross>
		<cross name="LWorkz" pos="2955 3073" color="8 148 206">
			<position x="2955" y="3073"/>
		</cross>
		<cross name="RWorkz" pos="11459 3073" color="8 148 206">
			<position x="11459" y="3073"/>
		</cross>
		<cross name="LWorkz" pos="2955 3169" color="8 148 206">
			<position x="2955" y="3169"/>
		</cross>
		<cross name="RWorkz" pos="11459 3169" color="8 148 206">
			<position x="11459" y="3169"/>
		</cross>
		<cross name="LWorkz" pos="2955 3265" color="8 148 206">
			<position x="2955" y="3265"/>
		</cross>
		<cross name="RWorkz" pos="11459 3265" color="8 148 206">
			<position x="11459" y="3265"/>
		</cross>
		<cross name="LWorkz" pos="2955 3361" color="8 148 206">
			<position x="2955" y="3361"/>
		</cross>
		<cross name="RWorkz" pos="11459 3361" color="8 148 206">
			<position x="11459" y="3361"/>
		</cross>
	</image>
</camera>