<?xml version="1.0"?>
<camera name="BX1" company="SICK AG, AutoIdent" device="ICR890-4 CORE 12k" version="V2.13.0.17225" identifier=" ">
	<schema major="2" minor="8" patch="0"/>
	<image objectid="123">
		<trayindex>123</trayindex>
		<imageinfo type="JPEG">
			<quality>80</quality>
			<resolution>270</resolution>
			<size width="5816" length="4589"/>
			<origin x="3976" y="0"/>
			<increment start="56869" stop="57293"/>
			<captureline start="67243" stop="71831"/>
			<fvec>0x00000000</fvec>
			<fvectxt></fvectxt>
			<filename>20251211_Image102840_Bitunia_1_0000000123_0123.jpg</filename>
			<filesize>1615012</filesize>
		</imageinfo>
		<decoder version="8.1.0">
			<config>
				<Params1D>51 1 2 255 0 0 1 0 10 0 1 2147483647 2147483647 2147483647 2147483647 2147483647 0 0 0 0 500 0 120 0 0 1 0 1 0 2 1 1 0 1 0 1 0 255 0 3 100 4 0 0 0 0 0 0 1 1 90</Params1D>
				<CodeConf_0>1 0 3 0 0 0 0 0 0 0 0 0 0 1 8 50 0 0 0 0 1 0</CodeConf_0>
				<CodeConf_1>1 0 3 0 0 0 0 0 0 0 0 0 0 1 8 50 0 0 0 0 1 4103</CodeConf_1>
				<CodeConf_5>1 0 3 0 0 0 0 0 0 0 0 0 0 1 8 50 0 0 0 0 1 0</CodeConf_5>
				<Params2D>68 1 0 255 0 0 0 0 10 0 1 2147483647 2147483647 2147483647 2147483647 2147483647 0 0 0 0 500 0 120 0 0 1 0 0 0 0 0 0 0 1 0 0 0 255 1 11 100 4 0 0 0 0 0 0 1 1 90</Params2D>
				<DiagConfig>0 0 0 0 0 0 0 0 0 0 0 0 0 0 0 0 0 0 0 0 0</DiagConfig>
				<GlobalConfig>4 0 0 0 0 0 -1 1</GlobalConfig>
				</config>
			<info finish="true">
				<decoderCtrlTimeImage unit="ms" value="144"/>
				<decoderTimeImage unit="ms" value="92"/>
				<decoderDelayStart unit="ms" value="0"/>
				<decoderDelayEnd unit="ms" value="2"/>
				<blocks total="62" decoded="62"/>
				<decodedLine start="66048" stop="71999"/>
			</info>
		</decoder>
		<symbol type="C128" pos="5003 1516 4932 1512 4936 704 5008 708" groupid="0">
			<position>
				<coordinate x="5003" y="1516"/>
				<coordinate x="4932" y="1512"/>
				<coordinate x="4936" y="704"/>
				<coordinate x="5008" y="708"/>
			</position>
			<result length="9" coding="Ascii">SN5978164</result>
			<symbolinfo>
				<width unit="pix">0.00</width>
				<height unit="pix">71.61</height>
			</symbolinfo>
			<status>2</status>
			<angle>270</angle>
			<decosrc>0</decosrc>
			<qualifier>
				<rq>100</rq>
				<fvec>0x00080002</fvec>
			</qualifier>
			<verifier>
				<sc grade="4.0" value="96"/>
				<defects grade="4.0" value="1"/>
				<v grade="0.0" value="4"/>
				<modsize value="7" unit="mm"/>
				<qz value="100" unit="%"/>
				<ecmin grade="4.0" value="41"/>
				<mod grade="4.0" value="43"/>
				<osg grade="4.0"/>
				<decode grade="4.0" value="100"/>
				<rmin grade="4.0" value="0"/>
			</verifier>
			<moduleinfo>
				<width unit="pix">6.56</width>
				<height unit="pix">71.61</height>
			</moduleinfo>
		</symbol>
		<box name="Roi1D" pos="5003 1516 4932 1512 4936 704 5008 708" color="0 255 0" groupid="0">
			<position>
				<coordinate x="5003" y="1516"/>
				<coordinate x="4932" y="1512"/>
				<coordinate x="4936" y="704"/>
				<coordinate x="5008" y="708"/>
			</position>
		</box>
		<box name="Box1D" pos="4868 640 5072 640 5072 1580 4868 1580" color="0 0 255" groupid="0">
			<position>
				<coordinate x="4868" y="640"/>
				<coordinate x="5072" y="640"/>
				<coordinate x="5072" y="1580"/>
				<coordinate x="4868" y="1580"/>
			</position>
		</box>
		<symbol type="C128" pos="6166 1551 6102 1550 6106 736 6170 737" groupid="1">
			<position>
				<coordinate x="6166" y="1551"/>
				<coordinate x="6102" y="1550"/>
				<coordinate x="6106" y="736"/>
				<coordinate x="6170" y="737"/>
			</position>
			<result length="9" coding="Ascii">SN5978164</result>
			<symbolinfo>
				<width unit="pix">0.00</width>
				<height unit="pix">64.01</height>
			</symbolinfo>
			<status>2</status>
			<angle>270</angle>
			<decosrc>0</decosrc>
			<qualifier>
				<rq>100</rq>
				<fvec>0x00000000</fvec>
			</qualifier>
			<verifier>
				<sc grade="4.0" value="94"/>
				<defects grade="4.0" value="1"/>
				<v grade="0.0" value="7"/>
				<modsize value="7" unit="mm"/>
				<qz value="100" unit="%"/>
				<ecmin grade="4.0" value="45"/>
				<mod grade="4.0" value="47"/>
				<osg grade="4.0"/>
				<decode grade="4.0" value="100"/>
				<rmin grade="4.0" value="0"/>
			</verifier>
			<moduleinfo>
				<width unit="pix">6.62</width>
				<height unit="pix">64.01</height>
			</moduleinfo>
		</symbol>
		<box name="Roi1D" pos="6166 1551 6102 1550 6106 736 6170 737" color="0 255 0" groupid="1">
			<position>
				<coordinate x="6166" y="1551"/>
				<coordinate x="6102" y="1550"/>
				<coordinate x="6106" y="736"/>
				<coordinate x="6170" y="737"/>
			</position>
		</box>
		<box name="Box1D" pos="6038 672 6234 672 6234 1615 6038 1615" color="0 0 255" groupid="1">
			<position>
				<coordinate x="6038" y="672"/>
				<coordinate x="6234" y="672"/>
				<coordinate x="6234" y="1615"/>
				<coordinate x="6038" y="1615"/>
			</position>
		</box>
		<symbol type="C128" pos="7071 2145 7140 2103 7391 2483 7322 2526" groupid="2">
			<position>
				<coordinate x="7071" y="2145"/>
				<coordinate x="7140" y="2103"/>
				<coordinate x="7391" y="2483"/>
				<coordinate x="7322" y="2526"/>
			</position>
			<result length="9" coding="Ascii">SN5978164</result>
			<symbolinfo>
				<width unit="pix">0.00</width>
				<height unit="pix">81.04</height>
			</symbolinfo>
			<status>2</status>
			<angle>57</angle>
			<decosrc>0</decosrc>
			<qualifier>
				<rq>97</rq>
				<fvec>0x00000000</fvec>
			</qualifier>
			<verifier>
				<sc grade="4.0" value="94"/>
				<defects grade="4.0" value="3"/>
				<v grade="1.0" value="28"/>
				<modsize value="4" unit="mm"/>
				<qz value="100" unit="%"/>
				<ecmin grade="4.0" value="57"/>
				<mod grade="4.0" value="61"/>
				<osg grade="4.0"/>
				<decode grade="4.0" value="100"/>
				<rmin grade="4.0" value="0"/>
			</verifier>
			<moduleinfo>
				<width unit="pix">3.71</width>
				<height unit="pix">81.04</height>
			</moduleinfo>
		</symbol>
		<box name="Roi1D" pos="7071 2145 7140 2103 7391 2483 7322 2526" color="0 255 0" groupid="2">
			<position>
				<coordinate x="7071" y="2145"/>
				<coordinate x="7140" y="2103"/>
				<coordinate x="7391" y="2483"/>
				<coordinate x="7322" y="2526"/>
			</position>
		</box>
		<box name="Box1D" pos="7007 2039 7455 2039 7455 2590 7007 2590" color="0 0 255" groupid="2">
			<position>
				<coordinate x="7007" y="2039"/>
				<coordinate x="7455" y="2039"/>
				<coordinate x="7455" y="2590"/>
				<coordinate x="7007" y="2590"/>
			</position>
		</box>
		<symbol type="C128" pos="7279 1732 7101 1712 7195 762 7373 782" groupid="3">
			<position>
				<coordinate x="7279" y="1732"/>
				<coordinate x="7101" y="1712"/>
				<coordinate x="7195" y="762"/>
				<coordinate x="7373" y="782"/>
			</position>
			<result length="16" coding="Ascii">GSJ2512020636405</result>
			<symbolinfo>
				<width unit="pix">0.00</width>
				<height unit="pix">179.12</height>
			</symbolinfo>
			<status>2</status>
			<angle>276</angle>
			<decosrc>0</decosrc>
			<qualifier>
				<rq>100</rq>
				<fvec>0x00000000</fvec>
			</qualifier>
			<verifier>
				<sc grade="4.0" value="96"/>
				<defects grade="3.0" value="17"/>
				<v grade="1.0" value="28"/>
				<modsize value="6" unit="mm"/>
				<qz value="100" unit="%"/>
				<ecmin grade="4.0" value="36"/>
				<mod grade="3.0" value="37"/>
				<osg grade="3.0"/>
				<decode grade="4.0" value="100"/>
				<rmin grade="4.0" value="0"/>
			</verifier>
			<moduleinfo>
				<width unit="pix">5.70</width>
				<height unit="pix">179.12</height>
			</moduleinfo>
		</symbol>
		<box name="Roi1D" pos="7279 1732 7101 1712 7195 762 7373 782" color="0 255 0" groupid="3">
			<position>
				<coordinate x="7279" y="1732"/>
				<coordinate x="7101" y="1712"/>
				<coordinate x="7195" y="762"/>
				<coordinate x="7373" y="782"/>
			</position>
		</box>
		<box name="Box1D" pos="7037 698 7437 698 7437 1796 7037 1796" color="0 0 255" groupid="3">
			<position>
				<coordinate x="7037" y="698"/>
				<coordinate x="7437" y="698"/>
				<coordinate x="7437" y="1796"/>
				<coordinate x="7037" y="1796"/>
			</position>
		</box>
		<symbol type="C128" pos="6807 3257 6771 3186 7219 2990 7254 3061" groupid="4">
			<position>
				<coordinate x="6807" y="3257"/>
				<coordinate x="6771" y="3186"/>
				<coordinate x="7219" y="2990"/>
				<coordinate x="7254" y="3061"/>
			</position>
			<result length="15" coding="Ascii">C25120102222974</result>
			<symbolinfo>
				<width unit="pix">0.00</width>
				<height unit="pix">79.38</height>
			</symbolinfo>
			<status>2</status>
			<angle>336</angle>
			<decosrc>0</decosrc>
			<qualifier>
				<rq>2</rq>
				<fvec>0x00000000</fvec>
			</qualifier>
			<verifier>
				<sc grade="4.0" value="89"/>
				<defects grade="0.0" value="42"/>
				<v grade="0.0" value="17"/>
				<modsize value="4" unit="mm"/>
				<qz value="100" unit="%"/>
				<ecmin grade="4.0" value="27"/>
				<mod grade="3.0" value="30"/>
				<osg grade="0.0"/>
				<decode grade="4.0" value="100"/>
				<rmin grade="4.0" value="0"/>
			</verifier>
			<moduleinfo>
				<width unit="pix">3.65</width>
				<height unit="pix">79.38</height>
			</moduleinfo>
		</symbol>
		<box name="Roi1D" pos="6807 3257 6771 3186 7219 2990 7254 3061" color="0 255 0" groupid="4">
			<position>
				<coordinate x="6807" y="3257"/>
				<coordinate x="6771" y="3186"/>
				<coordinate x="7219" y="2990"/>
				<coordinate x="7254" y="3061"/>
			</position>
		</box>
		<box name="Box1D" pos="6707 2926 7318 2926 7318 3321 6707 3321" color="0 0 255" groupid="4">
			<position>
				<coordinate x="6707" y="2926"/>
				<coordinate x="7318" y="2926"/>
				<coordinate x="7318" y="3321"/>
				<coordinate x="6707" y="3321"/>
			</position>
		</box>
		<symbol type="C128" pos="7619 3325 7544 3307 7638 2792 7710 2810" groupid="5">
			<position>
				<coordinate x="7619" y="3325"/>
				<coordinate x="7544" y="3307"/>
				<coordinate x="7638" y="2792"/>
				<coordinate x="7710" y="2810"/>
			</position>
			<result length="15" coding="Ascii">752301251960001</result>
			<symbolinfo>
				<width unit="pix">0.00</width>
				<height unit="pix">75.67</height>
			</symbolinfo>
			<status>2</status>
			<angle>280</angle>
			<decosrc>0</decosrc>
			<qualifier>
				<rq>50</rq>
				<fvec>0x00000000</fvec>
			</qualifier>
			<verifier>
				<sc grade="4.0" value="88"/>
				<defects grade="2.0" value="22"/>
				<v grade="0.0" value="1"/>
				<modsize value="4" unit="mm"/>
				<qz value="100" unit="%"/>
				<ecmin grade="4.0" value="41"/>
				<mod grade="4.0" value="46"/>
				<osg grade="2.0"/>
				<decode grade="4.0" value="100"/>
				<rmin grade="4.0" value="0"/>
			</verifier>
			<moduleinfo>
				<width unit="pix">3.91</width>
				<height unit="pix">75.67</height>
			</moduleinfo>
		</symbol>
		<box name="Roi1D" pos="7619 3325 7544 3307 7638 2792 7710 2810" color="0 255 0" groupid="5">
			<position>
				<coordinate x="7619" y="3325"/>
				<coordinate x="7544" y="3307"/>
				<coordinate x="7638" y="2792"/>
				<coordinate x="7710" y="2810"/>
			</position>
		</box>
		<box name="Box1D" pos="7480 2728 7774 2728 7774 3389 7480 3389" color="0 0 255" groupid="5">
			<position>
				<coordinate x="7480" y="2728"/>
				<coordinate x="7774" y="2728"/>
				<coordinate x="7774" y="3389"/>
				<coordinate x="7480" y="3389"/>
			</position>
		</box>
		<box name="Parcel" pos="9377 438 9271 4252 4400 4106 4506 300" color="255 128 0" groupid="6">
			<position>
				<coordinate x="9377" y="438"/>
				<coordinate x="9271" y="4252"/>
				<coordinate x="4400" y="4106"/>
				<coordinate x="4506" y="300"/>
			</position>
		</box>
		<parcel pos="9377 438 9271 4252 4400 4106 4506 300" groupid="6">
			<position>
				<coordinate x="9377" y="438"/>
				<coordinate x="9271" y="4252"/>
				<coordinate x="4400" y="4106"/>
				<coordinate x="4506" y="300"/>
			</position>
			<dimension unit="mm" height="436" width="361" length="458"/>
			<volume unit="cm3" value="72035"/>
			<angle>88.3</angle>
			<decosrc>4</decosrc>
			<fvec>0x00000000</fvec>
			<fvectxt></fvectxt>
			<quality>0</quality>
		</parcel>
		<text name="Info" string="SICK" fontsize="30" pos="60 4488" color="8 148 206" layout="1">
			<position x="60" y="4488"/>
		</text>
		<text name="Info" string="Device: ICR890" fontsize="30" pos="5356 50" color="255 0 0" layout="1">
			<position x="5356" y="50"/>
		</text>
		<text name="Info" string="ObjectId: 123" fontsize="30" pos="5356 4488" color="255 0 0" layout="1">
			<position x="5356" y="4488"/>
		</text>
		<line name="DirOfFlow" pos="212 40 365 957" color="255 0 0" layout="1">
			<position>
				<coordinate x="212" y="40"/>
				<coordinate x="365" y="957"/>
			</position>
		</line>
		<line name="DirOfFlow" pos="365 957 60 957" color="255 0 0" layout="1">
			<position>
				<coordinate x="365" y="957"/>
				<coordinate x="60" y="957"/>
			</position>
		</line>
		<line name="DirOfFlow" pos="60 957 212 40" color="255 0 0" layout="1">
			<position>
				<coordinate x="60" y="957"/>
				<coordinate x="212" y="40"/>
			</position>
		</line>
		<cross name="LWorkz" pos="2955 53" color="8 148 206">
			<position x="2955" y="53"/>
		</cross>
		<cross name="RWorkz" pos="11459 53" color="8 148 206">
			<position x="11459" y="53"/>
		</cross>
		<cross name="LWorkz" pos="2955 149" color="8 148 206">
			<position x="2955" y="149"/>
		</cross>
		<cross name="RWorkz" pos="11459 149" color="8 148 206">
			<position x="11459" y="149"/>
		</cross>
		<cross name="LWorkz" pos="2955 245" color="8 148 206">
			<position x="2955" y="245"/>
		</cross>
		<cross name="RWorkz" pos="11459 245" color="8 148 206">
			<position x="11459" y="245"/>
		</cross>
		<cross name="LWorkz" pos="2955 341" color="8 148 206">
			<position x="2955" y="341"/>
		</cross>
		<cross name="RWorkz" pos="11459 341" color="8 148 206">
			<position x="11459" y="341"/>
		</cross>
		<cross name="LWorkz" pos="2955 437" color="8 148 206">
			<position x="2955" y="437"/>
		</cross>
		<cross name="RWorkz" pos="11459 437" color="8 148 206">
			<position x="11459" y="437"/>
		</cross>
		<cross name="LWorkz" pos="2955 533" color="8 148 206">
			<position x="2955" y="533"/>
		</cross>
		<cross name="RWorkz" pos="11459 533" color="8 148 206">
			<position x="11459" y="533"/>
		</cross>
		<cross name="LWorkz" pos="2955 629" color="8 148 206">
			<position x="2955" y="629"/>
		</cross>
		<cross name="RWorkz" pos="11459 629" color="8 148 206">
			<position x="11459" y="629"/>
		</cross>
		<cross name="LWorkz" pos="2955 725" color="8 148 206">
			<position x="2955" y="725"/>
		</cross>
		<cross name="RWorkz" pos="11459 725" color="8 148 206">
			<position x="11459" y="725"/>
		</cross>
		<cross name="LWorkz" pos="2955 821" color="8 148 206">
			<position x="2955" y="821"/>
		</cross>
		<cross name="RWorkz" pos="11459 821" color="8 148 206">
			<position x="11459" y="821"/>
		</cross>
		<cross name="LWorkz" pos="2955 917" color="8 148 206">
			<position x="2955" y="917"/>
		</cross>
		<cross name="RWorkz" pos="11459 917" color="8 148 206">
			<position x="11459" y="917"/>
		</cross>
		<cross name="LWorkz" pos="2955 1013" color="8 148 206">
			<position x="2955" y="1013"/>
		</cross>
		<cross name="RWorkz" pos="11459 1013" color="8 148 206">
			<position x="11459" y="1013"/>
		</cross>
		<cross name="LWorkz" pos="2955 1109" color="8 148 206">
			<position x="2955" y="1109"/>
		</cross>
		<cross name="RWorkz" pos="11459 1109" color="8 148 206">
			<position x="11459" y="1109"/>
		</cross>
		<cross name="LWorkz" pos="2955 1205" color="8 148 206">
			<position x="2955" y="1205"/>
		</cross>
		<cross name="RWorkz" pos="11459 1205" color="8 148 206">
			<position x="11459" y="1205"/>
		</cross>
		<cross name="LWorkz" pos="2955 1301" color="8 148 206">
			<position x="2955" y="1301"/>
		</cross>
		<cross name="RWorkz" pos="11459 1301" color="8 148 206">
			<position x="11459" y="1301"/>
		</cross>
		<cross name="LWorkz" pos="2955 1397" color="8 148 206">
			<position x="2955" y="1397"/>
		</cross>
		<cross name="RWorkz" pos="11459 1397" color="8 148 206">
			<position x="11459" y="1397"/>
		</cross>
		<cross name="LWorkz" pos="2955 1493" color="8 148 206">
			<position x="2955" y="1493"/>
		</cross>
		<cross name="RWorkz" pos="11459 1493" color="8 148 206">
			<position x="11459" y="1493"/>
		</cross>
		<cross name="LWorkz" pos="2955 1589" color="8 148 206">
			<position x="2955" y="1589"/>
		</cross>
		<cross name="RWorkz" pos="11459 1589" color="8 148 206">
			<position x="11459" y="1589"/>
		</cross>
		<cross name="LWorkz" pos="2955 1685" color="8 148 206">
			<position x="2955" y="1685"/>
		</cross>
		<cross name="RWorkz" pos="11459 1685" color="8 148 206">
			<position x="11459" y="1685"/>
		</cross>
		<cross name="LWorkz" pos="2955 1781" color="8 148 206">
			<position x="2955" y="1781"/>
		</cross>
		<cross name="RWorkz" pos="11459 1781" color="8 148 206">
			<position x="11459" y="1781"/>
		</cross>
		<cross name="LWorkz" pos="2955 1877" color="8 148 206">
			<position x="2955" y="1877"/>
		</cross>
		<cross name="RWorkz" pos="11459 1877" color="8 148 206">
			<position x="11459" y="1877"/>
		</cross>
		<cross name="LWorkz" pos="2955 1973" color="8 148 206">
			<position x="2955" y="1973"/>
		</cross>
		<cross name="RWorkz" pos="11459 1973" color="8 148 206">
			<position x="11459" y="1973"/>
		</cross>
		<cross name="LWorkz" pos="2955 2069" color="8 148 206">
			<position x="2955" y="2069"/>
		</cross>
		<cross name="RWorkz" pos="11459 2069" color="8 148 206">
			<position x="11459" y="2069"/>
		</cross>
		<cross name="LWorkz" pos="2955 2165" color="8 148 206">
			<position x="2955" y="2165"/>
		</cross>
		<cross name="RWorkz" pos="11459 2165" color="8 148 206">
			<position x="11459" y="2165"/>
		</cross>
		<cross name="LWorkz" pos="2955 2261" color="8 148 206">
			<position x="2955" y="2261"/>
		</cross>
		<cross name="RWorkz" pos="11459 2261" color="8 148 206">
			<position x="11459" y="2261"/>
		</cross>
		<cross name="LWorkz" pos="2955 2357" color="8 148 206">
			<position x="2955" y="2357"/>
		</cross>
		<cross name="RWorkz" pos="11459 2357" color="8 148 206">
			<position x="11459" y="2357"/>
		</cross>
		<cross name="LWorkz" pos="2955 2453" color="8 148 206">
			<position x="2955" y="2453"/>
		</cross>
		<cross name="RWorkz" pos="11459 2453" color="8 148 206">
			<position x="11459" y="2453"/>
		</cross>
		<cross name="LWorkz" pos="2955 2549" color="8 148 206">
			<position x="2955" y="2549"/>
		</cross>
		<cross name="RWorkz" pos="11459 2549" color="8 148 206">
			<position x="11459" y="2549"/>
		</cross>
		<cross name="LWorkz" pos="2955 2645" color="8 148 206">
			<position x="2955" y="2645"/>
		</cross>
		<cross name="RWorkz" pos="11459 2645" color="8 148 206">
			<position x="11459" y="2645"/>
		</cross>
		<cross name="LWorkz" pos="2955 2741" color="8 148 206">
			<position x="2955" y="2741"/>
		</cross>
		<cross name="RWorkz" pos="11459 2741" color="8 148 206">
			<position x="11459" y="2741"/>
		</cross>
		<cross name="LWorkz" pos="2955 2837" color="8 148 206">
			<position x="2955" y="2837"/>
		</cross>
		<cross name="RWorkz" pos="11459 2837" color="8 148 206">
			<position x="11459" y="2837"/>
		</cross>
		<cross name="LWorkz" pos="2955 2933" color="8 148 206">
			<position x="2955" y="2933"/>
		</cross>
		<cross name="RWorkz" pos="11459 2933" color="8 148 206">
			<position x="11459" y="2933"/>
		</cross>
		<cross name="LWorkz" pos="2955 3029" color="8 148 206">
			<position x="2955" y="3029"/>
		</cross>
		<cross name="RWorkz" pos="11459 3029" color="8 148 206">
			<position x="11459" y="3029"/>
		</cross>
		<cross name="LWorkz" pos="2955 3125" color="8 148 206">
			<position x="2955" y="3125"/>
		</cross>
		<cross name="RWorkz" pos="11459 3125" color="8 148 206">
			<position x="11459" y="3125"/>
		</cross>
		<cross name="LWorkz" pos="2955 3221" color="8 148 206">
			<position x="2955" y="3221"/>
		</cross>
		<cross name="RWorkz" pos="11459 3221" color="8 148 206">
			<position x="11459" y="3221"/>
		</cross>
		<cross name="LWorkz" pos="2955 3317" color="8 148 206">
			<position x="2955" y="3317"/>
		</cross>
		<cross name="RWorkz" pos="11459 3317" color="8 148 206">
			<position x="11459" y="3317"/>
		</cross>
		<cross name="LWorkz" pos="2955 3413" color="8 148 206">
			<position x="2955" y="3413"/>
		</cross>
		<cross name="RWorkz" pos="11459 3413" color="8 148 206">
			<position x="11459" y="3413"/>
		</cross>
		<cross name="LWorkz" pos="2955 3509" color="8 148 206">
			<position x="2955" y="3509"/>
		</cross>
		<cross name="RWorkz" pos="11459 3509" color="8 148 206">
			<position x="11459" y="3509"/>
		</cross>
		<cross name="LWorkz" pos="2955 3605" color="8 148 206">
			<position x="2955" y="3605"/>
		</cross>
		<cross name="RWorkz" pos="11459 3605" color="8 148 206">
			<position x="11459" y="3605"/>
		</cross>
		<cross name="LWorkz" pos="2955 3701" color="8 148 206">
			<position x="2955" y="3701"/>
		</cross>
		<cross name="RWorkz" pos="11459 3701" color="8 148 206">
			<position x="11459" y="3701"/>
		</cross>
		<cross name="LWorkz" pos="2955 3797" color="8 148 206">
			<position x="2955" y="3797"/>
		</cross>
		<cross name="RWorkz" pos="11459 3797" color="8 148 206">
			<position x="11459" y="3797"/>
		</cross>
		<cross name="LWorkz" pos="2955 3893" color="8 148 206">
			<position x="2955" y="3893"/>
		</cross>
		<cross name="RWorkz" pos="11459 3893" color="8 148 206">
			<position x="11459" y="3893"/>
		</cross>
		<cross name="LWorkz" pos="2955 3989" color="8 148 206">
			<position x="2955" y="3989"/>
		</cross>
		<cross name="RWorkz" pos="11459 3989" color="8 148 206">
			<position x="11459" y="3989"/>
		</cross>
		<cross name="LWorkz" pos="2955 4085" color="8 148 206">
			<position x="2955" y="4085"/>
		</cross>
		<cross name="RWorkz" pos="11459 4085" color="8 148 206">
			<position x="11459" y="4085"/>
		</cross>
		<cross name="LWorkz" pos="2955 4181" color="8 148 206">
			<position x="2955" y="4181"/>
		</cross>
		<cross name="RWorkz" pos="11459 4181" color="8 148 206">
			<position x="11459" y="4181"/>
		</cross>
		<cross name="LWorkz" pos="2955 4277" color="8 148 206">
			<position x="2955" y="4277"/>
		</cross>
		<cross name="RWorkz" pos="11459 4277" color="8 148 206">
			<position x="11459" y="4277"/>
		</cross>
		<cross name="LWorkz" pos="2955 4373" color="8 148 206">
			<position x="2955" y="4373"/>
		</cross>
		<cross name="RWorkz" pos="11459 4373" color="8 148 206">
			<position x="11459" y="4373"/>
		</cross>
		<cross name="LWorkz" pos="2955 4469" color="8 148 206">
			<position x="2955" y="4469"/>
		</cross>
		<cross name="RWorkz" pos="11459 4469" color="8 148 206">
			<position x="11459" y="4469"/>
		</cross>
		<cross name="LWorkz" pos="2955 4565" color="8 148 206">
			<position x="2955" y="4565"/>
		</cross>
		<cross name="RWorkz" pos="11459 4565" color="8 148 206">
			<position x="11459" y="4565"/>
		</cross>
	</image>
</camera>