<?xml version="1.0"?>
<camera name="BX1" company="SICK AG, AutoIdent" device="ICR890-4 CORE 12k" version="V2.13.0.17225" identifier=" ">
	<schema major="2" minor="8" patch="0"/>
	<image objectid="121">
		<trayindex>121</trayindex>
		<imageinfo type="JPEG">
			<quality>80</quality>
			<resolution>270</resolution>
			<size width="6744" length="4959"/>
			<origin x="3096" y="0"/>
			<increment start="54468" stop="54912"/>
			<captureline start="41050" stop="46008"/>
			<fvec>0x00000000</fvec>
			<fvectxt></fvectxt>
			<filename>20251211_Image102828_Bitunia_1_0000000121_0121.jpg</filename>
			<filesize>1491688</filesize>
		</imageinfo>
		<decoder version="8.1.0">
			<config>
				<Params1D>51 1 2 255 0 0 1 0 10 0 1 2147483647 2147483647 2147483647 2147483647 2147483647 0 0 0 0 500 0 120 0 0 1 0 1 0 2 1 1 0 1 0 1 0 255 0 3 100 4 0 0 0 0 0 0 1 1 90</Params1D>
				<CodeConf_0>1 0 3 0 0 0 0 0 0 0 0 0 0 1 8 50 0 0 0 0 1 0</CodeConf_0>
				<CodeConf_1>1 0 3 0 0 0 0 0 0 0 0 0 0 1 8 50 0 0 0 0 1 4103</CodeConf_1>
				<CodeConf_5>1 0 3 0 0 0 0 0 0 0 0 0 0 1 8 50 0 0 0 0 1 0</CodeConf_5>
				<Params2D>68 1 0 255 0 0 0 0 10 0 1 2147483647 2147483647 2147483647 2147483647 2147483647 0 0 0 0 500 0 120 0 0 1 0 0 0 0 0 0 0 1 0 0 0 255 1 11 100 4 0 0 0 0 0 0 1 1 90</Params2D>
				<DiagConfig>0 0 0 0 0 0 0 0 0 0 0 0 0 0 0 0 0 0 0 0 0</DiagConfig>
				<GlobalConfig>4 0 0 0 0 0 -1 1</GlobalConfig>
				</config>
			<info finish="true">
				<decoderCtrlTimeImage unit="ms" value="141"/>
				<decoderTimeImage unit="ms" value="98"/>
				<decoderDelayStart unit="ms" value="0"/>
				<decoderDelayEnd unit="ms" value="2"/>
				<blocks total="61" decoded="61"/>
				<decodedLine start="40800" stop="46655"/>
			</info>
		</decoder>
		<symbol type="C128" pos="6322 1981 6340 2129 5562 2203 5544 2059" groupid="0">
			<position>
				<coordinate x="6322" y="1981"/>
				<coordinate x="6340" y="2129"/>
				<coordinate x="5562" y="2203"/>
				<coordinate x="5544" y="2059"/>
			</position>
			<result length="9" coding="Ascii">SN5939638</result>
			<symbolinfo>
				<width unit="pix">0.00</width>
				<height unit="pix">147.11</height>
			</symbolinfo>
			<status>2</status>
			<angle>174</angle>
			<decosrc>0</decosrc>
			<qualifier>
				<rq>70</rq>
				<fvec>0x00000000</fvec>
			</qualifier>
			<verifier>
				<sc grade="4.0" value="100"/>
				<defects grade="4.0" value="1"/>
				<v grade="0.0" value="17"/>
				<modsize value="6" unit="mm"/>
				<qz value="100" unit="%"/>
				<ecmin grade="4.0" value="46"/>
				<mod grade="4.0" value="46"/>
				<osg grade="4.0"/>
				<decode grade="4.0" value="100"/>
				<rmin grade="4.0" value="0"/>
			</verifier>
			<moduleinfo>
				<width unit="pix">6.34</width>
				<height unit="pix">147.11</height>
			</moduleinfo>
		</symbol>
		<box name="Roi1D" pos="6322 1981 6340 2129 5562 2203 5544 2059" color="0 255 0" groupid="0">
			<position>
				<coordinate x="6322" y="1981"/>
				<coordinate x="6340" y="2129"/>
				<coordinate x="5562" y="2203"/>
				<coordinate x="5544" y="2059"/>
			</position>
		</box>
		<box name="Box1D" pos="5480 1917 6404 1917 6404 2267 5480 2267" color="0 0 255" groupid="0">
			<position>
				<coordinate x="5480" y="1917"/>
				<coordinate x="6404" y="1917"/>
				<coordinate x="6404" y="2267"/>
				<coordinate x="5480" y="2267"/>
			</position>
		</box>
		<symbol type="C128" pos="7292 2443 7277 2363 7730 2283 7745 2363" groupid="1">
			<position>
				<coordinate x="7292" y="2443"/>
				<coordinate x="7277" y="2363"/>
				<coordinate x="7730" y="2283"/>
				<coordinate x="7745" y="2363"/>
			</position>
			<result length="9" coding="Ascii">SN5939638</result>
			<symbolinfo>
				<width unit="pix">0.00</width>
				<height unit="pix">81.39</height>
			</symbolinfo>
			<status>2</status>
			<angle>350</angle>
			<decosrc>0</decosrc>
			<qualifier>
				<rq>100</rq>
				<fvec>0x00000000</fvec>
			</qualifier>
			<verifier>
				<sc grade="4.0" value="99"/>
				<defects grade="4.0" value="3"/>
				<v grade="0.0" value="0"/>
				<modsize value="4" unit="mm"/>
				<qz value="100" unit="%"/>
				<ecmin grade="4.0" value="56"/>
				<mod grade="4.0" value="56"/>
				<osg grade="4.0"/>
				<decode grade="4.0" value="100"/>
				<rmin grade="4.0" value="0"/>
			</verifier>
			<moduleinfo>
				<width unit="pix">3.74</width>
				<height unit="pix">81.39</height>
			</moduleinfo>
		</symbol>
		<box name="Roi1D" pos="7292 2443 7277 2363 7730 2283 7745 2363" color="0 255 0" groupid="1">
			<position>
				<coordinate x="7292" y="2443"/>
				<coordinate x="7277" y="2363"/>
				<coordinate x="7730" y="2283"/>
				<coordinate x="7745" y="2363"/>
			</position>
		</box>
		<box name="Box1D" pos="7213 2219 7809 2219 7809 2507 7213 2507" color="0 0 255" groupid="1">
			<position>
				<coordinate x="7213" y="2219"/>
				<coordinate x="7809" y="2219"/>
				<coordinate x="7809" y="2507"/>
				<coordinate x="7213" y="2507"/>
			</position>
		</box>
		<symbol type="C128" pos="6439 3210 6439 3309 5698 3333 5698 3234" groupid="2">
			<position>
				<coordinate x="6439" y="3210"/>
				<coordinate x="6439" y="3309"/>
				<coordinate x="5698" y="3333"/>
				<coordinate x="5698" y="3234"/>
			</position>
			<result length="9" coding="Ascii">SN5939638</result>
			<symbolinfo>
				<width unit="pix">0.00</width>
				<height unit="pix">99.00</height>
			</symbolinfo>
			<status>2</status>
			<angle>178</angle>
			<decosrc>0</decosrc>
			<qualifier>
				<rq>40</rq>
				<fvec>0x00000000</fvec>
			</qualifier>
			<verifier>
				<sc grade="4.0" value="100"/>
				<defects grade="4.0" value="3"/>
				<v grade="2.0" value="37"/>
				<modsize value="6" unit="mm"/>
				<qz value="100" unit="%"/>
				<ecmin grade="0.0" value="0"/>
				<mod grade="0.0" value="0"/>
				<osg grade="0.0"/>
				<decode grade="4.0" value="100"/>
				<rmin grade="4.0" value="0"/>
			</verifier>
			<moduleinfo>
				<width unit="pix">6.02</width>
				<height unit="pix">99.00</height>
			</moduleinfo>
		</symbol>
		<box name="Roi1D" pos="6439 3210 6439 3309 5698 3333 5698 3234" color="0 255 0" groupid="2">
			<position>
				<coordinate x="6439" y="3210"/>
				<coordinate x="6439" y="3309"/>
				<coordinate x="5698" y="3333"/>
				<coordinate x="5698" y="3234"/>
			</position>
		</box>
		<box name="Box1D" pos="5634 3146 6503 3146 6503 3397 5634 3397" color="0 0 255" groupid="2">
			<position>
				<coordinate x="5634" y="3146"/>
				<coordinate x="6503" y="3146"/>
				<coordinate x="6503" y="3397"/>
				<coordinate x="5634" y="3397"/>
			</position>
		</box>
		<box name="Parcel" pos="9847 613 10139 5640 2811 5312 3541 270" color="255 128 0" groupid="3">
			<position>
				<coordinate x="9847" y="613"/>
				<coordinate x="10139" y="5640"/>
				<coordinate x="2811" y="5312"/>
				<coordinate x="3541" y="270"/>
			</position>
		</box>
		<parcel pos="9847 613 10139 5640 2811 5312 3541 270" groupid="3">
			<position>
				<coordinate x="9847" y="613"/>
				<coordinate x="10139" y="5640"/>
				<coordinate x="2811" y="5312"/>
				<coordinate x="3541" y="270"/>
			</position>
			<dimension unit="mm" height="214" width="464" length="599"/>
			<volume unit="cm3" value="59408"/>
			<angle>87.0</angle>
			<decosrc>4</decosrc>
			<fvec>0x00000000</fvec>
			<fvectxt></fvectxt>
			<quality>0</quality>
		</parcel>
		<text name="Info" string="SICK" fontsize="30" pos="60 4858" color="8 148 206" layout="1">
			<position x="60" y="4858"/>
		</text>
		<text name="Info" string="Device: ICR890" fontsize="30" pos="6284 50" color="255 0 0" layout="1">
			<position x="6284" y="50"/>
		</text>
		<text name="Info" string="ObjectId: 121" fontsize="30" pos="6284 4858" color="255 0 0" layout="1">
			<position x="6284" y="4858"/>
		</text>
		<line name="DirOfFlow" pos="225 40 390 1031" color="255 0 0" layout="1">
			<position>
				<coordinate x="225" y="40"/>
				<coordinate x="390" y="1031"/>
			</position>
		</line>
		<line name="DirOfFlow" pos="390 1031 60 1031" color="255 0 0" layout="1">
			<position>
				<coordinate x="390" y="1031"/>
				<coordinate x="60" y="1031"/>
			</position>
		</line>
		<line name="DirOfFlow" pos="60 1031 225 40" color="255 0 0" layout="1">
			<position>
				<coordinate x="60" y="1031"/>
				<coordinate x="225" y="40"/>
			</position>
		</line>
		<cross name="LWorkz" pos="2955 38" color="8 148 206">
			<position x="2955" y="38"/>
		</cross>
		<cross name="RWorkz" pos="11459 38" color="8 148 206">
			<position x="11459" y="38"/>
		</cross>
		<cross name="LWorkz" pos="2955 134" color="8 148 206">
			<position x="2955" y="134"/>
		</cross>
		<cross name="RWorkz" pos="11459 134" color="8 148 206">
			<position x="11459" y="134"/>
		</cross>
		<cross name="LWorkz" pos="2955 230" color="8 148 206">
			<position x="2955" y="230"/>
		</cross>
		<cross name="RWorkz" pos="11459 230" color="8 148 206">
			<position x="11459" y="230"/>
		</cross>
		<cross name="LWorkz" pos="2955 326" color="8 148 206">
			<position x="2955" y="326"/>
		</cross>
		<cross name="RWorkz" pos="11459 326" color="8 148 206">
			<position x="11459" y="326"/>
		</cross>
		<cross name="LWorkz" pos="2955 422" color="8 148 206">
			<position x="2955" y="422"/>
		</cross>
		<cross name="RWorkz" pos="11459 422" color="8 148 206">
			<position x="11459" y="422"/>
		</cross>
		<cross name="LWorkz" pos="2955 518" color="8 148 206">
			<position x="2955" y="518"/>
		</cross>
		<cross name="RWorkz" pos="11459 518" color="8 148 206">
			<position x="11459" y="518"/>
		</cross>
		<cross name="LWorkz" pos="2955 614" color="8 148 206">
			<position x="2955" y="614"/>
		</cross>
		<cross name="RWorkz" pos="11459 614" color="8 148 206">
			<position x="11459" y="614"/>
		</cross>
		<cross name="LWorkz" pos="2955 710" color="8 148 206">
			<position x="2955" y="710"/>
		</cross>
		<cross name="RWorkz" pos="11459 710" color="8 148 206">
			<position x="11459" y="710"/>
		</cross>
		<cross name="LWorkz" pos="2955 806" color="8 148 206">
			<position x="2955" y="806"/>
		</cross>
		<cross name="RWorkz" pos="11459 806" color="8 148 206">
			<position x="11459" y="806"/>
		</cross>
		<cross name="LWorkz" pos="2955 902" color="8 148 206">
			<position x="2955" y="902"/>
		</cross>
		<cross name="RWorkz" pos="11459 902" color="8 148 206">
			<position x="11459" y="902"/>
		</cross>
		<cross name="LWorkz" pos="2955 998" color="8 148 206">
			<position x="2955" y="998"/>
		</cross>
		<cross name="RWorkz" pos="11459 998" color="8 148 206">
			<position x="11459" y="998"/>
		</cross>
		<cross name="LWorkz" pos="2955 1094" color="8 148 206">
			<position x="2955" y="1094"/>
		</cross>
		<cross name="RWorkz" pos="11459 1094" color="8 148 206">
			<position x="11459" y="1094"/>
		</cross>
		<cross name="LWorkz" pos="2955 1190" color="8 148 206">
			<position x="2955" y="1190"/>
		</cross>
		<cross name="RWorkz" pos="11459 1190" color="8 148 206">
			<position x="11459" y="1190"/>
		</cross>
		<cross name="LWorkz" pos="2955 1286" color="8 148 206">
			<position x="2955" y="1286"/>
		</cross>
		<cross name="RWorkz" pos="11459 1286" color="8 148 206">
			<position x="11459" y="1286"/>
		</cross>
		<cross name="LWorkz" pos="2955 1382" color="8 148 206">
			<position x="2955" y="1382"/>
		</cross>
		<cross name="RWorkz" pos="11459 1382" color="8 148 206">
			<position x="11459" y="1382"/>
		</cross>
		<cross name="LWorkz" pos="2955 1478" color="8 148 206">
			<position x="2955" y="1478"/>
		</cross>
		<cross name="RWorkz" pos="11459 1478" color="8 148 206">
			<position x="11459" y="1478"/>
		</cross>
		<cross name="LWorkz" pos="2955 1574" color="8 148 206">
			<position x="2955" y="1574"/>
		</cross>
		<cross name="RWorkz" pos="11459 1574" color="8 148 206">
			<position x="11459" y="1574"/>
		</cross>
		<cross name="LWorkz" pos="2955 1670" color="8 148 206">
			<position x="2955" y="1670"/>
		</cross>
		<cross name="RWorkz" pos="11459 1670" color="8 148 206">
			<position x="11459" y="1670"/>
		</cross>
		<cross name="LWorkz" pos="2955 1766" color="8 148 206">
			<position x="2955" y="1766"/>
		</cross>
		<cross name="RWorkz" pos="11459 1766" color="8 148 206">
			<position x="11459" y="1766"/>
		</cross>
		<cross name="LWorkz" pos="2955 1862" color="8 148 206">
			<position x="2955" y="1862"/>
		</cross>
		<cross name="RWorkz" pos="11459 1862" color="8 148 206">
			<position x="11459" y="1862"/>
		</cross>
		<cross name="LWorkz" pos="2955 1958" color="8 148 206">
			<position x="2955" y="1958"/>
		</cross>
		<cross name="RWorkz" pos="11459 1958" color="8 148 206">
			<position x="11459" y="1958"/>
		</cross>
		<cross name="LWorkz" pos="2955 2054" color="8 148 206">
			<position x="2955" y="2054"/>
		</cross>
		<cross name="RWorkz" pos="11459 2054" color="8 148 206">
			<position x="11459" y="2054"/>
		</cross>
		<cross name="LWorkz" pos="2955 2150" color="8 148 206">
			<position x="2955" y="2150"/>
		</cross>
		<cross name="RWorkz" pos="11459 2150" color="8 148 206">
			<position x="11459" y="2150"/>
		</cross>
		<cross name="LWorkz" pos="2955 2246" color="8 148 206">
			<position x="2955" y="2246"/>
		</cross>
		<cross name="RWorkz" pos="11459 2246" color="8 148 206">
			<position x="11459" y="2246"/>
		</cross>
		<cross name="LWorkz" pos="2955 2342" color="8 148 206">
			<position x="2955" y="2342"/>
		</cross>
		<cross name="RWorkz" pos="11459 2342" color="8 148 206">
			<position x="11459" y="2342"/>
		</cross>
		<cross name="LWorkz" pos="2955 2438" color="8 148 206">
			<position x="2955" y="2438"/>
		</cross>
		<cross name="RWorkz" pos="11459 2438" color="8 148 206">
			<position x="11459" y="2438"/>
		</cross>
		<cross name="LWorkz" pos="2955 2534" color="8 148 206">
			<position x="2955" y="2534"/>
		</cross>
		<cross name="RWorkz" pos="11459 2534" color="8 148 206">
			<position x="11459" y="2534"/>
		</cross>
		<cross name="LWorkz" pos="2955 2630" color="8 148 206">
			<position x="2955" y="2630"/>
		</cross>
		<cross name="RWorkz" pos="11459 2630" color="8 148 206">
			<position x="11459" y="2630"/>
		</cross>
		<cross name="LWorkz" pos="2955 2726" color="8 148 206">
			<position x="2955" y="2726"/>
		</cross>
		<cross name="RWorkz" pos="11459 2726" color="8 148 206">
			<position x="11459" y="2726"/>
		</cross>
		<cross name="LWorkz" pos="2955 2822" color="8 148 206">
			<position x="2955" y="2822"/>
		</cross>
		<cross name="RWorkz" pos="11459 2822" color="8 148 206">
			<position x="11459" y="2822"/>
		</cross>
		<cross name="LWorkz" pos="2955 2918" color="8 148 206">
			<position x="2955" y="2918"/>
		</cross>
		<cross name="RWorkz" pos="11459 2918" color="8 148 206">
			<position x="11459" y="2918"/>
		</cross>
		<cross name="LWorkz" pos="2955 3014" color="8 148 206">
			<position x="2955" y="3014"/>
		</cross>
		<cross name="RWorkz" pos="11459 3014" color="8 148 206">
			<position x="11459" y="3014"/>
		</cross>
		<cross name="LWorkz" pos="2955 3110" color="8 148 206">
			<position x="2955" y="3110"/>
		</cross>
		<cross name="RWorkz" pos="11459 3110" color="8 148 206">
			<position x="11459" y="3110"/>
		</cross>
		<cross name="LWorkz" pos="2955 3206" color="8 148 206">
			<position x="2955" y="3206"/>
		</cross>
		<cross name="RWorkz" pos="11459 3206" color="8 148 206">
			<position x="11459" y="3206"/>
		</cross>
		<cross name="LWorkz" pos="2955 3302" color="8 148 206">
			<position x="2955" y="3302"/>
		</cross>
		<cross name="RWorkz" pos="11459 3302" color="8 148 206">
			<position x="11459" y="3302"/>
		</cross>
		<cross name="LWorkz" pos="2955 3398" color="8 148 206">
			<position x="2955" y="3398"/>
		</cross>
		<cross name="RWorkz" pos="11459 3398" color="8 148 206">
			<position x="11459" y="3398"/>
		</cross>
		<cross name="LWorkz" pos="2955 3494" color="8 148 206">
			<position x="2955" y="3494"/>
		</cross>
		<cross name="RWorkz" pos="11459 3494" color="8 148 206">
			<position x="11459" y="3494"/>
		</cross>
		<cross name="LWorkz" pos="2955 3590" color="8 148 206">
			<position x="2955" y="3590"/>
		</cross>
		<cross name="RWorkz" pos="11459 3590" color="8 148 206">
			<position x="11459" y="3590"/>
		</cross>
		<cross name="LWorkz" pos="2955 3686" color="8 148 206">
			<position x="2955" y="3686"/>
		</cross>
		<cross name="RWorkz" pos="11459 3686" color="8 148 206">
			<position x="11459" y="3686"/>
		</cross>
		<cross name="LWorkz" pos="2955 3782" color="8 148 206">
			<position x="2955" y="3782"/>
		</cross>
		<cross name="RWorkz" pos="11459 3782" color="8 148 206">
			<position x="11459" y="3782"/>
		</cross>
		<cross name="LWorkz" pos="2955 3878" color="8 148 206">
			<position x="2955" y="3878"/>
		</cross>
		<cross name="RWorkz" pos="11459 3878" color="8 148 206">
			<position x="11459" y="3878"/>
		</cross>
		<cross name="LWorkz" pos="2955 3974" color="8 148 206">
			<position x="2955" y="3974"/>
		</cross>
		<cross name="RWorkz" pos="11459 3974" color="8 148 206">
			<position x="11459" y="3974"/>
		</cross>
		<cross name="LWorkz" pos="2955 4070" color="8 148 206">
			<position x="2955" y="4070"/>
		</cross>
		<cross name="RWorkz" pos="11459 4070" color="8 148 206">
			<position x="11459" y="4070"/>
		</cross>
		<cross name="LWorkz" pos="2955 4166" color="8 148 206">
			<position x="2955" y="4166"/>
		</cross>
		<cross name="RWorkz" pos="11459 4166" color="8 148 206">
			<position x="11459" y="4166"/>
		</cross>
		<cross name="LWorkz" pos="2955 4262" color="8 148 206">
			<position x="2955" y="4262"/>
		</cross>
		<cross name="RWorkz" pos="11459 4262" color="8 148 206">
			<position x="11459" y="4262"/>
		</cross>
		<cross name="LWorkz" pos="2955 4358" color="8 148 206">
			<position x="2955" y="4358"/>
		</cross>
		<cross name="RWorkz" pos="11459 4358" color="8 148 206">
			<position x="11459" y="4358"/>
		</cross>
		<cross name="LWorkz" pos="2955 4454" color="8 148 206">
			<position x="2955" y="4454"/>
		</cross>
		<cross name="RWorkz" pos="11459 4454" color="8 148 206">
			<position x="11459" y="4454"/>
		</cross>
		<cross name="LWorkz" pos="2955 4550" color="8 148 206">
			<position x="2955" y="4550"/>
		</cross>
		<cross name="RWorkz" pos="11459 4550" color="8 148 206">
			<position x="11459" y="4550"/>
		</cross>
		<cross name="LWorkz" pos="2955 4646" color="8 148 206">
			<position x="2955" y="4646"/>
		</cross>
		<cross name="RWorkz" pos="11459 4646" color="8 148 206">
			<position x="11459" y="4646"/>
		</cross>
		<cross name="LWorkz" pos="2955 4742" color="8 148 206">
			<position x="2955" y="4742"/>
		</cross>
		<cross name="RWorkz" pos="11459 4742" color="8 148 206">
			<position x="11459" y="4742"/>
		</cross>
		<cross name="LWorkz" pos="2955 4838" color="8 148 206">
			<position x="2955" y="4838"/>
		</cross>
		<cross name="RWorkz" pos="11459 4838" color="8 148 206">
			<position x="11459" y="4838"/>
		</cross>
		<cross name="LWorkz" pos="2955 4934" color="8 148 206">
			<position x="2955" y="4934"/>
		</cross>
		<cross name="RWorkz" pos="11459 4934" color="8 148 206">
			<position x="11459" y="4934"/>
		</cross>
	</image>
</camera>