<?xml version="1.0"?>
<camera name="BX1" company="SICK AG, AutoIdent" device="ICR890-4 CORE 12k" version="V2.13.0.17225" identifier=" ">
	<schema major="2" minor="8" patch="0"/>
	<image objectid="125">
		<trayindex>125</trayindex>
		<imageinfo type="JPEG">
			<quality>80</quality>
			<resolution>270</resolution>
			<size width="8016" length="2348"/>
			<origin x="2952" y="0"/>
			<increment start="60134" stop="60350"/>
			<captureline start="102665" stop="105012"/>
			<fvec>0x00000000</fvec>
			<fvectxt></fvectxt>
			<filename>20251211_Image102857_Bitunia_1_0000000125_0125.jpg</filename>
			<filesize>379308</filesize>
		</imageinfo>
		<decoder version="8.1.0">
			<config>
				<Params1D>51 1 2 255 0 0 1 0 10 0 1 2147483647 2147483647 2147483647 2147483647 2147483647 0 0 0 0 500 0 120 0 0 1 0 1 0 2 1 1 0 1 0 1 0 255 0 3 100 4 0 0 0 0 0 0 1 1 90</Params1D>
				<CodeConf_0>1 0 3 0 0 0 0 0 0 0 0 0 0 1 8 50 0 0 0 0 1 0</CodeConf_0>
				<CodeConf_1>1 0 3 0 0 0 0 0 0 0 0 0 0 1 8 50 0 0 0 0 1 4103</CodeConf_1>
				<CodeConf_5>1 0 3 0 0 0 0 0 0 0 0 0 0 1 8 50 0 0 0 0 1 0</CodeConf_5>
				<Params2D>68 1 0 255 0 0 0 0 10 0 1 2147483647 2147483647 2147483647 2147483647 2147483647 0 0 0 0 500 0 120 0 0 1 0 0 0 0 0 0 0 1 0 0 0 255 1 11 100 4 0 0 0 0 0 0 1 1 90</Params2D>
				<DiagConfig>0 0 0 0 0 0 0 0 0 0 0 0 0 0 0 0 0 0 0 0 0</DiagConfig>
				<GlobalConfig>4 0 0 0 0 0 -1 1</GlobalConfig>
				</config>
			<info finish="true">
				<decoderCtrlTimeImage unit="ms" value="51"/>
				<decoderTimeImage unit="ms" value="32"/>
				<decoderDelayStart unit="ms" value="0"/>
				<decoderDelayEnd unit="ms" value="2"/>
				<blocks total="27" decoded="27"/>
				<decodedLine start="102432" stop="105023"/>
			</info>
		</decoder>
		<box name="Parcel" pos="10493 1654 2877 2053 2792 689 10429 270" color="255 128 0" groupid="0">
			<position>
				<coordinate x="10493" y="1654"/>
				<coordinate x="2877" y="2053"/>
				<coordinate x="2792" y="689"/>
				<coordinate x="10429" y="270"/>
			</position>
		</box>
		<parcel pos="10493 1654 2877 2053 2792 689 10429 270" groupid="0">
			<position>
				<coordinate x="10493" y="1654"/>
				<coordinate x="2877" y="2053"/>
				<coordinate x="2792" y="689"/>
				<coordinate x="10429" y="270"/>
			</position>
			<dimension unit="mm" height="122" width="130" length="721"/>
			<volume unit="cm3" value="11462"/>
			<angle>-86.9</angle>
			<decosrc>4</decosrc>
			<fvec>0x00000000</fvec>
			<fvectxt></fvectxt>
			<quality>0</quality>
		</parcel>
		<text name="Info" string="SICK" fontsize="30" pos="60 2247" color="8 148 206" layout="1">
			<position x="60" y="2247"/>
		</text>
		<text name="Info" string="Device: ICR890" fontsize="30" pos="7556 50" color="255 0 0" layout="1">
			<position x="7556" y="50"/>
		</text>
		<text name="Info" string="ObjectId: 125" fontsize="30" pos="7556 2247" color="255 0 0" layout="1">
			<position x="7556" y="2247"/>
		</text>
		<line name="DirOfFlow" pos="138 40 216 509" color="255 0 0" layout="1">
			<position>
				<coordinate x="138" y="40"/>
				<coordinate x="216" y="509"/>
			</position>
		</line>
		<line name="DirOfFlow" pos="216 509 60 509" color="255 0 0" layout="1">
			<position>
				<coordinate x="216" y="509"/>
				<coordinate x="60" y="509"/>
			</position>
		</line>
		<line name="DirOfFlow" pos="60 509 138 40" color="255 0 0" layout="1">
			<position>
				<coordinate x="60" y="509"/>
				<coordinate x="138" y="40"/>
			</position>
		</line>
		<cross name="LWorkz" pos="2955 55" color="8 148 206">
			<position x="2955" y="55"/>
		</cross>
		<cross name="RWorkz" pos="11459 55" color="8 148 206">
			<position x="11459" y="55"/>
		</cross>
		<cross name="LWorkz" pos="2955 151" color="8 148 206">
			<position x="2955" y="151"/>
		</cross>
		<cross name="RWorkz" pos="11459 151" color="8 148 206">
			<position x="11459" y="151"/>
		</cross>
		<cross name="LWorkz" pos="2955 247" color="8 148 206">
			<position x="2955" y="247"/>
		</cross>
		<cross name="RWorkz" pos="11459 247" color="8 148 206">
			<position x="11459" y="247"/>
		</cross>
		<cross name="LWorkz" pos="2955 343" color="8 148 206">
			<position x="2955" y="343"/>
		</cross>
		<cross name="RWorkz" pos="11459 343" color="8 148 206">
			<position x="11459" y="343"/>
		</cross>
		<cross name="LWorkz" pos="2955 439" color="8 148 206">
			<position x="2955" y="439"/>
		</cross>
		<cross name="RWorkz" pos="11459 439" color="8 148 206">
			<position x="11459" y="439"/>
		</cross>
		<cross name="LWorkz" pos="2955 535" color="8 148 206">
			<position x="2955" y="535"/>
		</cross>
		<cross name="RWorkz" pos="11459 535" color="8 148 206">
			<position x="11459" y="535"/>
		</cross>
		<cross name="LWorkz" pos="2955 631" color="8 148 206">
			<position x="2955" y="631"/>
		</cross>
		<cross name="RWorkz" pos="11459 631" color="8 148 206">
			<position x="11459" y="631"/>
		</cross>
		<cross name="LWorkz" pos="2955 727" color="8 148 206">
			<position x="2955" y="727"/>
		</cross>
		<cross name="RWorkz" pos="11459 727" color="8 148 206">
			<position x="11459" y="727"/>
		</cross>
		<cross name="LWorkz" pos="2955 823" color="8 148 206">
			<position x="2955" y="823"/>
		</cross>
		<cross name="RWorkz" pos="11459 823" color="8 148 206">
			<position x="11459" y="823"/>
		</cross>
		<cross name="LWorkz" pos="2955 919" color="8 148 206">
			<position x="2955" y="919"/>
		</cross>
		<cross name="RWorkz" pos="11459 919" color="8 148 206">
			<position x="11459" y="919"/>
		</cross>
		<cross name="LWorkz" pos="2955 1015" color="8 148 206">
			<position x="2955" y="1015"/>
		</cross>
		<cross name="RWorkz" pos="11459 1015" color="8 148 206">
			<position x="11459" y="1015"/>
		</cross>
		<cross name="LWorkz" pos="2955 1111" color="8 148 206">
			<position x="2955" y="1111"/>
		</cross>
		<cross name="RWorkz" pos="11459 1111" color="8 148 206">
			<position x="11459" y="1111"/>
		</cross>
		<cross name="LWorkz" pos="2955 1207" color="8 148 206">
			<position x="2955" y="1207"/>
		</cross>
		<cross name="RWorkz" pos="11459 1207" color="8 148 206">
			<position x="11459" y="1207"/>
		</cross>
		<cross name="LWorkz" pos="2955 1303" color="8 148 206">
			<position x="2955" y="1303"/>
		</cross>
		<cross name="RWorkz" pos="11459 1303" color="8 148 206">
			<position x="11459" y="1303"/>
		</cross>
		<cross name="LWorkz" pos="2955 1399" color="8 148 206">
			<position x="2955" y="1399"/>
		</cross>
		<cross name="RWorkz" pos="11459 1399" color="8 148 206">
			<position x="11459" y="1399"/>
		</cross>
		<cross name="LWorkz" pos="2955 1495" color="8 148 206">
			<position x="2955" y="1495"/>
		</cross>
		<cross name="RWorkz" pos="11459 1495" color="8 148 206">
			<position x="11459" y="1495"/>
		</cross>
		<cross name="LWorkz" pos="2955 1591" color="8 148 206">
			<position x="2955" y="1591"/>
		</cross>
		<cross name="RWorkz" pos="11459 1591" color="8 148 206">
			<position x="11459" y="1591"/>
		</cross>
		<cross name="LWorkz" pos="2955 1687" color="8 148 206">
			<position x="2955" y="1687"/>
		</cross>
		<cross name="RWorkz" pos="11459 1687" color="8 148 206">
			<position x="11459" y="1687"/>
		</cross>
		<cross name="LWorkz" pos="2955 1783" color="8 148 206">
			<position x="2955" y="1783"/>
		</cross>
		<cross name="RWorkz" pos="11459 1783" color="8 148 206">
			<position x="11459" y="1783"/>
		</cross>
		<cross name="LWorkz" pos="2955 1879" color="8 148 206">
			<position x="2955" y="1879"/>
		</cross>
		<cross name="RWorkz" pos="11459 1879" color="8 148 206">
			<position x="11459" y="1879"/>
		</cross>
		<cross name="LWorkz" pos="2955 1975" color="8 148 206">
			<position x="2955" y="1975"/>
		</cross>
		<cross name="RWorkz" pos="11459 1975" color="8 148 206">
			<position x="11459" y="1975"/>
		</cross>
		<cross name="LWorkz" pos="2955 2071" color="8 148 206">
			<position x="2955" y="2071"/>
		</cross>
		<cross name="RWorkz" pos="11459 2071" color="8 148 206">
			<position x="11459" y="2071"/>
		</cross>
		<cross name="LWorkz" pos="2955 2167" color="8 148 206">
			<position x="2955" y="2167"/>
		</cross>
		<cross name="RWorkz" pos="11459 2167" color="8 148 206">
			<position x="11459" y="2167"/>
		</cross>
		<cross name="LWorkz" pos="2955 2263" color="8 148 206">
			<position x="2955" y="2263"/>
		</cross>
		<cross name="RWorkz" pos="11459 2263" color="8 148 206">
			<position x="11459" y="2263"/>
		</cross>
	</image>
</camera>