<?xml version="1.0"?>
<camera name="BX1" company="SICK AG, AutoIdent" device="ICR890-4 CORE 12k" version="V2.13.0.17225" identifier=" ">
	<schema major="2" minor="8" patch="0"/>
	<image objectid="120">
		<trayindex>120</trayindex>
		<imageinfo type="JPEG">
			<quality>80</quality>
			<resolution>270</resolution>
			<size width="5600" length="1222"/>
			<origin x="4610" y="0"/>
			<increment start="53750" stop="53854"/>
			<captureline start="33167" stop="34388"/>
			<fvec>0x00000080</fvec>
			<fvectxt>FLAT_OBJECT_THRESHOLD</fvectxt>
			<filename>20251211_Image102824_Bitunia_1_0000000120_0120.jpg</filename>
			<filesize>349870</filesize>
		</imageinfo>
		<decoder version="8.1.0">
			<config>
				<Params1D>51 1 2 255 0 0 1 0 10 0 1 2147483647 2147483647 2147483647 2147483647 2147483647 0 0 0 0 500 0 120 0 0 1 0 1 0 2 1 1 0 1 0 1 0 255 0 3 100 4 0 0 0 0 0 0 1 1 90</Params1D>
				<CodeConf_0>1 0 3 0 0 0 0 0 0 0 0 0 0 1 8 50 0 0 0 0 1 0</CodeConf_0>
				<CodeConf_1>1 0 3 0 0 0 0 0 0 0 0 0 0 1 8 50 0 0 0 0 1 4103</CodeConf_1>
				<CodeConf_5>1 0 3 0 0 0 0 0 0 0 0 0 0 1 8 50 0 0 0 0 1 0</CodeConf_5>
				<Params2D>68 1 0 255 0 0 0 0 10 0 1 2147483647 2147483647 2147483647 2147483647 2147483647 0 0 0 0 500 0 120 0 0 1 0 0 0 0 0 0 0 1 0 0 0 255 1 11 100 4 0 0 0 0 0 0 1 1 90</Params2D>
				<DiagConfig>0 0 0 0 0 0 0 0 0 0 0 0 0 0 0 0 0 0 0 0 0</DiagConfig>
				<GlobalConfig>4 0 0 0 0 0 -1 1</GlobalConfig>
				</config>
			<info finish="true">
				<decoderCtrlTimeImage unit="ms" value="121"/>
				<decoderTimeImage unit="ms" value="87"/>
				<decoderDelayStart unit="ms" value="0"/>
				<decoderDelayEnd unit="ms" value="2"/>
				<blocks total="45" decoded="45"/>
				<decodedLine start="32544" stop="36863"/>
			</info>
		</decoder>
		<symbol type="C128" pos="8841 1822 8933 1833 8893 2258 8801 2247" groupid="0">
			<position>
				<coordinate x="8841" y="1822"/>
				<coordinate x="8933" y="1833"/>
				<coordinate x="8893" y="2258"/>
				<coordinate x="8801" y="2247"/>
			</position>
			<result length="13" coding="Ascii">RU0131309387Z</result>
			<symbolinfo>
				<width unit="pix">0.00</width>
				<height unit="pix">92.66</height>
			</symbolinfo>
			<status>2</status>
			<angle>95</angle>
			<decosrc>0</decosrc>
			<qualifier>
				<rq>18</rq>
				<fvec>0x00000000</fvec>
			</qualifier>
			<verifier>
				<sc grade="4.0" value="94"/>
				<defects grade="4.0" value="0"/>
				<v grade="0.0" value="17"/>
				<modsize value="3" unit="mm"/>
				<qz value="100" unit="%"/>
				<ecmin grade="0.0" value="13"/>
				<mod grade="1.0" value="14"/>
				<osg grade="0.0"/>
				<decode grade="4.0" value="100"/>
				<rmin grade="4.0" value="0"/>
			</verifier>
			<moduleinfo>
				<width unit="pix">2.93</width>
				<height unit="pix">92.66</height>
			</moduleinfo>
		</symbol>
		<box name="Roi1D" pos="8841 1822 8933 1833 8893 2258 8801 2247" color="0 255 0" groupid="0">
			<position>
				<coordinate x="8841" y="1822"/>
				<coordinate x="8933" y="1833"/>
				<coordinate x="8893" y="2258"/>
				<coordinate x="8801" y="2247"/>
			</position>
		</box>
		<box name="Box1D" pos="8737 1758 8997 1758 8997 2322 8737 2322" color="0 0 255" groupid="0">
			<position>
				<coordinate x="8737" y="1758"/>
				<coordinate x="8997" y="1758"/>
				<coordinate x="8997" y="2322"/>
				<coordinate x="8737" y="2322"/>
			</position>
		</box>
		<box name="Parcel" pos="9948 -126 10192 3370 4764 3370 4847 -126" color="255 128 0" groupid="1">
			<position>
				<coordinate x="9948" y="-126"/>
				<coordinate x="10192" y="3370"/>
				<coordinate x="4764" y="3370"/>
				<coordinate x="4847" y="-126"/>
			</position>
		</box>
		<parcel pos="9948 -126 10192 3370 4764 3370 4847 -126" groupid="1">
			<position>
				<coordinate x="9948" y="-126"/>
				<coordinate x="10192" y="3370"/>
				<coordinate x="4764" y="3370"/>
				<coordinate x="4847" y="-126"/>
			</position>
			<dimension unit="mm" height="82" width="321" length="472"/>
			<volume unit="cm3" value="12405"/>
			<angle>90.0</angle>
			<decosrc>4</decosrc>
			<fvec>0x00000000</fvec>
			<fvectxt></fvectxt>
			<quality>0</quality>
		</parcel>
		<text name="Info" string="SICK" fontsize="30" pos="60 1121" color="8 148 206" layout="1">
			<position x="60" y="1121"/>
		</text>
		<text name="Info" string="Device: ICR890" fontsize="30" pos="5140 50" color="255 0 0" layout="1">
			<position x="5140" y="50"/>
		</text>
		<text name="Info" string="ObjectId: 120" fontsize="30" pos="5140 1121" color="255 0 0" layout="1">
			<position x="5140" y="1121"/>
		</text>
		<line name="DirOfFlow" pos="100 40 141 284" color="255 0 0" layout="1">
			<position>
				<coordinate x="100" y="40"/>
				<coordinate x="141" y="284"/>
			</position>
		</line>
		<line name="DirOfFlow" pos="141 284 60 284" color="255 0 0" layout="1">
			<position>
				<coordinate x="141" y="284"/>
				<coordinate x="60" y="284"/>
			</position>
		</line>
		<line name="DirOfFlow" pos="60 284 100 40" color="255 0 0" layout="1">
			<position>
				<coordinate x="60" y="284"/>
				<coordinate x="100" y="40"/>
			</position>
		</line>
		<cross name="LWorkz" pos="2955 49" color="8 148 206">
			<position x="2955" y="49"/>
		</cross>
		<cross name="RWorkz" pos="11459 49" color="8 148 206">
			<position x="11459" y="49"/>
		</cross>
		<cross name="LWorkz" pos="2955 145" color="8 148 206">
			<position x="2955" y="145"/>
		</cross>
		<cross name="RWorkz" pos="11459 145" color="8 148 206">
			<position x="11459" y="145"/>
		</cross>
		<cross name="LWorkz" pos="2955 241" color="8 148 206">
			<position x="2955" y="241"/>
		</cross>
		<cross name="RWorkz" pos="11459 241" color="8 148 206">
			<position x="11459" y="241"/>
		</cross>
		<cross name="LWorkz" pos="2955 337" color="8 148 206">
			<position x="2955" y="337"/>
		</cross>
		<cross name="RWorkz" pos="11459 337" color="8 148 206">
			<position x="11459" y="337"/>
		</cross>
		<cross name="LWorkz" pos="2955 433" color="8 148 206">
			<position x="2955" y="433"/>
		</cross>
		<cross name="RWorkz" pos="11459 433" color="8 148 206">
			<position x="11459" y="433"/>
		</cross>
		<cross name="LWorkz" pos="2955 529" color="8 148 206">
			<position x="2955" y="529"/>
		</cross>
		<cross name="RWorkz" pos="11459 529" color="8 148 206">
			<position x="11459" y="529"/>
		</cross>
		<cross name="LWorkz" pos="2955 625" color="8 148 206">
			<position x="2955" y="625"/>
		</cross>
		<cross name="RWorkz" pos="11459 625" color="8 148 206">
			<position x="11459" y="625"/>
		</cross>
		<cross name="LWorkz" pos="2955 721" color="8 148 206">
			<position x="2955" y="721"/>
		</cross>
		<cross name="RWorkz" pos="11459 721" color="8 148 206">
			<position x="11459" y="721"/>
		</cross>
		<cross name="LWorkz" pos="2955 817" color="8 148 206">
			<position x="2955" y="817"/>
		</cross>
		<cross name="RWorkz" pos="11459 817" color="8 148 206">
			<position x="11459" y="817"/>
		</cross>
		<cross name="LWorkz" pos="2955 913" color="8 148 206">
			<position x="2955" y="913"/>
		</cross>
		<cross name="RWorkz" pos="11459 913" color="8 148 206">
			<position x="11459" y="913"/>
		</cross>
		<cross name="LWorkz" pos="2955 1009" color="8 148 206">
			<position x="2955" y="1009"/>
		</cross>
		<cross name="RWorkz" pos="11459 1009" color="8 148 206">
			<position x="11459" y="1009"/>
		</cross>
		<cross name="LWorkz" pos="2955 1105" color="8 148 206">
			<position x="2955" y="1105"/>
		</cross>
		<cross name="RWorkz" pos="11459 1105" color="8 148 206">
			<position x="11459" y="1105"/>
		</cross>
		<cross name="LWorkz" pos="2955 1201" color="8 148 206">
			<position x="2955" y="1201"/>
		</cross>
		<cross name="RWorkz" pos="11459 1201" color="8 148 206">
			<position x="11459" y="1201"/>
		</cross>
	</image>
</camera>