<?xml version="1.0"?>
<camera name="BX1" company="SICK AG, AutoIdent" device="ICR890-4 CORE 12k" version="V2.13.0.17225" identifier=" ">
	<schema major="2" minor="8" patch="0"/>
	<image objectid="135">
		<trayindex>135</trayindex>
		<imageinfo type="JPEG">
			<quality>80</quality>
			<resolution>270</resolution>
			<size width="4632" length="4509"/>
			<origin x="4188" y="0"/>
			<increment start="16168" stop="16584"/>
			<captureline start="341593" stop="346101"/>
			<fvec>0x00000000</fvec>
			<fvectxt></fvectxt>
			<filename>20251211_Image103954_Bitunia_1_0000000135_0135.jpg</filename>
			<filesize>1400618</filesize>
		</imageinfo>
		<decoder version="8.1.0">
			<config>
				<Params1D>51 1 2 255 0 0 1 0 10 0 1 2147483647 2147483647 2147483647 2147483647 2147483647 0 0 0 0 500 0 120 0 0 1 0 1 0 2 1 1 0 1 0 1 0 255 0 3 100 4 0 0 0 0 0 0 1 1 90</Params1D>
				<CodeConf_0>1 0 3 0 0 0 0 0 0 0 0 0 0 1 8 50 0 0 0 0 1 0</CodeConf_0>
				<CodeConf_1>1 0 3 0 0 0 0 0 0 0 0 0 0 1 8 50 0 0 0 0 1 4103</CodeConf_1>
				<CodeConf_5>1 0 3 0 0 0 0 0 0 0 0 0 0 1 8 50 0 0 0 0 1 0</CodeConf_5>
				<Params2D>68 1 0 255 0 0 0 0 10 0 1 2147483647 2147483647 2147483647 2147483647 2147483647 0 0 0 0 500 0 120 0 0 1 0 0 0 0 0 0 0 1 0 0 0 255 1 11 100 4 0 0 0 0 0 0 1 1 90</Params2D>
				<DiagConfig>0 0 0 0 0 0 0 0 0 0 0 0 0 0 0 0 0 0 0 0 0</DiagConfig>
				<GlobalConfig>4 0 0 0 0 0 -1 1</GlobalConfig>
				</config>
			<info finish="true">
				<decoderCtrlTimeImage unit="ms" value="130"/>
				<decoderTimeImage unit="ms" value="87"/>
				<decoderDelayStart unit="ms" value="0"/>
				<decoderDelayEnd unit="ms" value="1"/>
				<blocks total="55" decoded="55"/>
				<decodedLine start="340896" stop="346175"/>
			</info>
		</decoder>
		<symbol type="C128" pos="6191 733 6272 728 6306 1309 6225 1314" groupid="0">
			<position>
				<coordinate x="6191" y="733"/>
				<coordinate x="6272" y="728"/>
				<coordinate x="6306" y="1309"/>
				<coordinate x="6225" y="1314"/>
			</position>
			<result length="11" coding="Ascii">78525106730</result>
			<symbolinfo>
				<width unit="pix">0.00</width>
				<height unit="pix">81.15</height>
			</symbolinfo>
			<status>2</status>
			<angle>87</angle>
			<decosrc>0</decosrc>
			<qualifier>
				<rq>100</rq>
				<fvec>0x00000000</fvec>
			</qualifier>
			<verifier>
				<sc grade="4.0" value="89"/>
				<defects grade="4.0" value="9"/>
				<v grade="2.0" value="47"/>
				<modsize value="5" unit="mm"/>
				<qz value="100" unit="%"/>
				<ecmin grade="4.0" value="56"/>
				<mod grade="4.0" value="63"/>
				<osg grade="4.0"/>
				<decode grade="4.0" value="100"/>
				<rmin grade="4.0" value="0"/>
			</verifier>
			<moduleinfo>
				<width unit="pix">5.20</width>
				<height unit="pix">81.15</height>
			</moduleinfo>
		</symbol>
		<box name="Roi1D" pos="6191 733 6272 728 6306 1309 6225 1314" color="0 255 0" groupid="0">
			<position>
				<coordinate x="6191" y="733"/>
				<coordinate x="6272" y="728"/>
				<coordinate x="6306" y="1309"/>
				<coordinate x="6225" y="1314"/>
			</position>
		</box>
		<box name="Box1D" pos="6127 664 6370 664 6370 1378 6127 1378" color="0 0 255" groupid="0">
			<position>
				<coordinate x="6127" y="664"/>
				<coordinate x="6370" y="664"/>
				<coordinate x="6370" y="1378"/>
				<coordinate x="6127" y="1378"/>
			</position>
		</box>
		<symbol type="C128" pos="7883 1233 7941 1248 7890 1518 7832 1503" groupid="1">
			<position>
				<coordinate x="7883" y="1233"/>
				<coordinate x="7941" y="1248"/>
				<coordinate x="7890" y="1518"/>
				<coordinate x="7832" y="1503"/>
			</position>
			<result length="12" coding="Ascii">TMU007138812</result>
			<symbolinfo>
				<width unit="pix">0.00</width>
				<height unit="pix">59.91</height>
			</symbolinfo>
			<status>2</status>
			<angle>101</angle>
			<decosrc>0</decosrc>
			<qualifier>
				<rq>8</rq>
				<fvec>0x00080000</fvec>
			</qualifier>
			<verifier>
				<sc grade="4.0" value="88"/>
				<defects grade="4.0" value="0"/>
				<v grade="0.0" value="2"/>
				<modsize value="2" unit="mm"/>
				<qz value="100" unit="%"/>
				<ecmin grade="0.0" value="8"/>
				<mod grade="1.0" value="9"/>
				<osg grade="0.0"/>
				<decode grade="4.0" value="100"/>
				<rmin grade="4.0" value="0"/>
			</verifier>
			<moduleinfo>
				<width unit="pix">1.89</width>
				<height unit="pix">59.91</height>
			</moduleinfo>
		</symbol>
		<box name="Roi1D" pos="7883 1233 7941 1248 7890 1518 7832 1503" color="0 255 0" groupid="1">
			<position>
				<coordinate x="7883" y="1233"/>
				<coordinate x="7941" y="1248"/>
				<coordinate x="7890" y="1518"/>
				<coordinate x="7832" y="1503"/>
			</position>
		</box>
		<box name="Box1D" pos="7768 1169 8005 1169 8005 1582 7768 1582" color="0 0 255" groupid="1">
			<position>
				<coordinate x="7768" y="1169"/>
				<coordinate x="8005" y="1169"/>
				<coordinate x="8005" y="1582"/>
				<coordinate x="7768" y="1582"/>
			</position>
		</box>
		<symbol type="C128" pos="7175 2702 7267 2721 7045 3646 6954 3627" groupid="2">
			<position>
				<coordinate x="7175" y="2702"/>
				<coordinate x="7267" y="2721"/>
				<coordinate x="7045" y="3646"/>
				<coordinate x="6954" y="3627"/>
			</position>
			<result length="12" coding="Ascii">TMU007138812</result>
			<symbolinfo>
				<width unit="pix">0.00</width>
				<height unit="pix">93.45</height>
			</symbolinfo>
			<status>2</status>
			<angle>103</angle>
			<decosrc>0</decosrc>
			<qualifier>
				<rq>100</rq>
				<fvec>0x04000000</fvec>
			</qualifier>
			<verifier>
				<sc grade="4.0" value="85"/>
				<defects grade="4.0" value="8"/>
				<v grade="1.0" value="27"/>
				<modsize value="6" unit="mm"/>
				<qz value="53" unit="%"/>
				<ecmin grade="4.0" value="51"/>
				<mod grade="4.0" value="60"/>
				<osg grade="4.0"/>
				<decode grade="4.0" value="100"/>
				<rmin grade="4.0" value="0"/>
			</verifier>
			<moduleinfo>
				<width unit="pix">6.42</width>
				<height unit="pix">93.45</height>
			</moduleinfo>
		</symbol>
		<box name="Roi1D" pos="7175 2702 7267 2721 7045 3646 6954 3627" color="0 255 0" groupid="2">
			<position>
				<coordinate x="7175" y="2702"/>
				<coordinate x="7267" y="2721"/>
				<coordinate x="7045" y="3646"/>
				<coordinate x="6954" y="3627"/>
			</position>
		</box>
		<box name="Box1D" pos="6890 2638 7331 2638 7331 3710 6890 3710" color="0 0 255" groupid="2">
			<position>
				<coordinate x="6890" y="2638"/>
				<coordinate x="7331" y="2638"/>
				<coordinate x="7331" y="3710"/>
				<coordinate x="6890" y="3710"/>
			</position>
		</box>
		<box name="Parcel" pos="8372 187 8372 4340 4616 4319 4637 187" color="255 128 0" groupid="3">
			<position>
				<coordinate x="8372" y="187"/>
				<coordinate x="8372" y="4340"/>
				<coordinate x="4616" y="4319"/>
				<coordinate x="4637" y="187"/>
			</position>
		</box>
		<parcel pos="8372 187 8372 4340 4616 4319 4637 187" groupid="3">
			<position>
				<coordinate x="8372" y="187"/>
				<coordinate x="8372" y="4340"/>
				<coordinate x="4616" y="4319"/>
				<coordinate x="4637" y="187"/>
			</position>
			<dimension unit="mm" height="230" width="354" length="392"/>
			<volume unit="cm3" value="31933"/>
			<angle>-0.3</angle>
			<decosrc>4</decosrc>
			<fvec>0x00000000</fvec>
			<fvectxt></fvectxt>
			<quality>0</quality>
		</parcel>
		<text name="Info" string="SICK" fontsize="30" pos="60 4408" color="8 148 206" layout="1">
			<position x="60" y="4408"/>
		</text>
		<text name="Info" string="Device: ICR890" fontsize="30" pos="4172 50" color="255 0 0" layout="1">
			<position x="4172" y="50"/>
		</text>
		<text name="Info" string="ObjectId: 135" fontsize="30" pos="4172 4408" color="255 0 0" layout="1">
			<position x="4172" y="4408"/>
		</text>
		<line name="DirOfFlow" pos="210 40 360 941" color="255 0 0" layout="1">
			<position>
				<coordinate x="210" y="40"/>
				<coordinate x="360" y="941"/>
			</position>
		</line>
		<line name="DirOfFlow" pos="360 941 60 941" color="255 0 0" layout="1">
			<position>
				<coordinate x="360" y="941"/>
				<coordinate x="60" y="941"/>
			</position>
		</line>
		<line name="DirOfFlow" pos="60 941 210 40" color="255 0 0" layout="1">
			<position>
				<coordinate x="60" y="941"/>
				<coordinate x="210" y="40"/>
			</position>
		</line>
		<cross name="LWorkz" pos="2955 71" color="8 148 206">
			<position x="2955" y="71"/>
		</cross>
		<cross name="RWorkz" pos="11459 71" color="8 148 206">
			<position x="11459" y="71"/>
		</cross>
		<cross name="LWorkz" pos="2955 167" color="8 148 206">
			<position x="2955" y="167"/>
		</cross>
		<cross name="RWorkz" pos="11459 167" color="8 148 206">
			<position x="11459" y="167"/>
		</cross>
		<cross name="LWorkz" pos="2955 263" color="8 148 206">
			<position x="2955" y="263"/>
		</cross>
		<cross name="RWorkz" pos="11459 263" color="8 148 206">
			<position x="11459" y="263"/>
		</cross>
		<cross name="LWorkz" pos="2955 359" color="8 148 206">
			<position x="2955" y="359"/>
		</cross>
		<cross name="RWorkz" pos="11459 359" color="8 148 206">
			<position x="11459" y="359"/>
		</cross>
		<cross name="LWorkz" pos="2955 455" color="8 148 206">
			<position x="2955" y="455"/>
		</cross>
		<cross name="RWorkz" pos="11459 455" color="8 148 206">
			<position x="11459" y="455"/>
		</cross>
		<cross name="LWorkz" pos="2955 551" color="8 148 206">
			<position x="2955" y="551"/>
		</cross>
		<cross name="RWorkz" pos="11459 551" color="8 148 206">
			<position x="11459" y="551"/>
		</cross>
		<cross name="LWorkz" pos="2955 647" color="8 148 206">
			<position x="2955" y="647"/>
		</cross>
		<cross name="RWorkz" pos="11459 647" color="8 148 206">
			<position x="11459" y="647"/>
		</cross>
		<cross name="LWorkz" pos="2955 743" color="8 148 206">
			<position x="2955" y="743"/>
		</cross>
		<cross name="RWorkz" pos="11459 743" color="8 148 206">
			<position x="11459" y="743"/>
		</cross>
		<cross name="LWorkz" pos="2955 839" color="8 148 206">
			<position x="2955" y="839"/>
		</cross>
		<cross name="RWorkz" pos="11459 839" color="8 148 206">
			<position x="11459" y="839"/>
		</cross>
		<cross name="LWorkz" pos="2955 935" color="8 148 206">
			<position x="2955" y="935"/>
		</cross>
		<cross name="RWorkz" pos="11459 935" color="8 148 206">
			<position x="11459" y="935"/>
		</cross>
		<cross name="LWorkz" pos="2955 1031" color="8 148 206">
			<position x="2955" y="1031"/>
		</cross>
		<cross name="RWorkz" pos="11459 1031" color="8 148 206">
			<position x="11459" y="1031"/>
		</cross>
		<cross name="LWorkz" pos="2955 1127" color="8 148 206">
			<position x="2955" y="1127"/>
		</cross>
		<cross name="RWorkz" pos="11459 1127" color="8 148 206">
			<position x="11459" y="1127"/>
		</cross>
		<cross name="LWorkz" pos="2955 1223" color="8 148 206">
			<position x="2955" y="1223"/>
		</cross>
		<cross name="RWorkz" pos="11459 1223" color="8 148 206">
			<position x="11459" y="1223"/>
		</cross>
		<cross name="LWorkz" pos="2955 1319" color="8 148 206">
			<position x="2955" y="1319"/>
		</cross>
		<cross name="RWorkz" pos="11459 1319" color="8 148 206">
			<position x="11459" y="1319"/>
		</cross>
		<cross name="LWorkz" pos="2955 1415" color="8 148 206">
			<position x="2955" y="1415"/>
		</cross>
		<cross name="RWorkz" pos="11459 1415" color="8 148 206">
			<position x="11459" y="1415"/>
		</cross>
		<cross name="LWorkz" pos="2955 1511" color="8 148 206">
			<position x="2955" y="1511"/>
		</cross>
		<cross name="RWorkz" pos="11459 1511" color="8 148 206">
			<position x="11459" y="1511"/>
		</cross>
		<cross name="LWorkz" pos="2955 1607" color="8 148 206">
			<position x="2955" y="1607"/>
		</cross>
		<cross name="RWorkz" pos="11459 1607" color="8 148 206">
			<position x="11459" y="1607"/>
		</cross>
		<cross name="LWorkz" pos="2955 1703" color="8 148 206">
			<position x="2955" y="1703"/>
		</cross>
		<cross name="RWorkz" pos="11459 1703" color="8 148 206">
			<position x="11459" y="1703"/>
		</cross>
		<cross name="LWorkz" pos="2955 1799" color="8 148 206">
			<position x="2955" y="1799"/>
		</cross>
		<cross name="RWorkz" pos="11459 1799" color="8 148 206">
			<position x="11459" y="1799"/>
		</cross>
		<cross name="LWorkz" pos="2955 1895" color="8 148 206">
			<position x="2955" y="1895"/>
		</cross>
		<cross name="RWorkz" pos="11459 1895" color="8 148 206">
			<position x="11459" y="1895"/>
		</cross>
		<cross name="LWorkz" pos="2955 1991" color="8 148 206">
			<position x="2955" y="1991"/>
		</cross>
		<cross name="RWorkz" pos="11459 1991" color="8 148 206">
			<position x="11459" y="1991"/>
		</cross>
		<cross name="LWorkz" pos="2955 2087" color="8 148 206">
			<position x="2955" y="2087"/>
		</cross>
		<cross name="RWorkz" pos="11459 2087" color="8 148 206">
			<position x="11459" y="2087"/>
		</cross>
		<cross name="LWorkz" pos="2955 2183" color="8 148 206">
			<position x="2955" y="2183"/>
		</cross>
		<cross name="RWorkz" pos="11459 2183" color="8 148 206">
			<position x="11459" y="2183"/>
		</cross>
		<cross name="LWorkz" pos="2955 2279" color="8 148 206">
			<position x="2955" y="2279"/>
		</cross>
		<cross name="RWorkz" pos="11459 2279" color="8 148 206">
			<position x="11459" y="2279"/>
		</cross>
		<cross name="LWorkz" pos="2955 2375" color="8 148 206">
			<position x="2955" y="2375"/>
		</cross>
		<cross name="RWorkz" pos="11459 2375" color="8 148 206">
			<position x="11459" y="2375"/>
		</cross>
		<cross name="LWorkz" pos="2955 2471" color="8 148 206">
			<position x="2955" y="2471"/>
		</cross>
		<cross name="RWorkz" pos="11459 2471" color="8 148 206">
			<position x="11459" y="2471"/>
		</cross>
		<cross name="LWorkz" pos="2955 2567" color="8 148 206">
			<position x="2955" y="2567"/>
		</cross>
		<cross name="RWorkz" pos="11459 2567" color="8 148 206">
			<position x="11459" y="2567"/>
		</cross>
		<cross name="LWorkz" pos="2955 2663" color="8 148 206">
			<position x="2955" y="2663"/>
		</cross>
		<cross name="RWorkz" pos="11459 2663" color="8 148 206">
			<position x="11459" y="2663"/>
		</cross>
		<cross name="LWorkz" pos="2955 2759" color="8 148 206">
			<position x="2955" y="2759"/>
		</cross>
		<cross name="RWorkz" pos="11459 2759" color="8 148 206">
			<position x="11459" y="2759"/>
		</cross>
		<cross name="LWorkz" pos="2955 2855" color="8 148 206">
			<position x="2955" y="2855"/>
		</cross>
		<cross name="RWorkz" pos="11459 2855" color="8 148 206">
			<position x="11459" y="2855"/>
		</cross>
		<cross name="LWorkz" pos="2955 2951" color="8 148 206">
			<position x="2955" y="2951"/>
		</cross>
		<cross name="RWorkz" pos="11459 2951" color="8 148 206">
			<position x="11459" y="2951"/>
		</cross>
		<cross name="LWorkz" pos="2955 3047" color="8 148 206">
			<position x="2955" y="3047"/>
		</cross>
		<cross name="RWorkz" pos="11459 3047" color="8 148 206">
			<position x="11459" y="3047"/>
		</cross>
		<cross name="LWorkz" pos="2955 3143" color="8 148 206">
			<position x="2955" y="3143"/>
		</cross>
		<cross name="RWorkz" pos="11459 3143" color="8 148 206">
			<position x="11459" y="3143"/>
		</cross>
		<cross name="LWorkz" pos="2955 3239" color="8 148 206">
			<position x="2955" y="3239"/>
		</cross>
		<cross name="RWorkz" pos="11459 3239" color="8 148 206">
			<position x="11459" y="3239"/>
		</cross>
		<cross name="LWorkz" pos="2955 3335" color="8 148 206">
			<position x="2955" y="3335"/>
		</cross>
		<cross name="RWorkz" pos="11459 3335" color="8 148 206">
			<position x="11459" y="3335"/>
		</cross>
		<cross name="LWorkz" pos="2955 3431" color="8 148 206">
			<position x="2955" y="3431"/>
		</cross>
		<cross name="RWorkz" pos="11459 3431" color="8 148 206">
			<position x="11459" y="3431"/>
		</cross>
		<cross name="LWorkz" pos="2955 3527" color="8 148 206">
			<position x="2955" y="3527"/>
		</cross>
		<cross name="RWorkz" pos="11459 3527" color="8 148 206">
			<position x="11459" y="3527"/>
		</cross>
		<cross name="LWorkz" pos="2955 3623" color="8 148 206">
			<position x="2955" y="3623"/>
		</cross>
		<cross name="RWorkz" pos="11459 3623" color="8 148 206">
			<position x="11459" y="3623"/>
		</cross>
		<cross name="LWorkz" pos="2955 3719" color="8 148 206">
			<position x="2955" y="3719"/>
		</cross>
		<cross name="RWorkz" pos="11459 3719" color="8 148 206">
			<position x="11459" y="3719"/>
		</cross>
		<cross name="LWorkz" pos="2955 3815" color="8 148 206">
			<position x="2955" y="3815"/>
		</cross>
		<cross name="RWorkz" pos="11459 3815" color="8 148 206">
			<position x="11459" y="3815"/>
		</cross>
		<cross name="LWorkz" pos="2955 3911" color="8 148 206">
			<position x="2955" y="3911"/>
		</cross>
		<cross name="RWorkz" pos="11459 3911" color="8 148 206">
			<position x="11459" y="3911"/>
		</cross>
		<cross name="LWorkz" pos="2955 4007" color="8 148 206">
			<position x="2955" y="4007"/>
		</cross>
		<cross name="RWorkz" pos="11459 4007" color="8 148 206">
			<position x="11459" y="4007"/>
		</cross>
		<cross name="LWorkz" pos="2955 4103" color="8 148 206">
			<position x="2955" y="4103"/>
		</cross>
		<cross name="RWorkz" pos="11459 4103" color="8 148 206">
			<position x="11459" y="4103"/>
		</cross>
		<cross name="LWorkz" pos="2955 4199" color="8 148 206">
			<position x="2955" y="4199"/>
		</cross>
		<cross name="RWorkz" pos="11459 4199" color="8 148 206">
			<position x="11459" y="4199"/>
		</cross>
		<cross name="LWorkz" pos="2955 4295" color="8 148 206">
			<position x="2955" y="4295"/>
		</cross>
		<cross name="RWorkz" pos="11459 4295" color="8 148 206">
			<position x="11459" y="4295"/>
		</cross>
		<cross name="LWorkz" pos="2955 4391" color="8 148 206">
			<position x="2955" y="4391"/>
		</cross>
		<cross name="RWorkz" pos="11459 4391" color="8 148 206">
			<position x="11459" y="4391"/>
		</cross>
		<cross name="LWorkz" pos="2955 4487" color="8 148 206">
			<position x="2955" y="4487"/>
		</cross>
		<cross name="RWorkz" pos="11459 4487" color="8 148 206">
			<position x="11459" y="4487"/>
		</cross>
	</image>
</camera>