<?xml version="1.0"?>
<camera name="BX1" company="SICK AG, AutoIdent" device="ICR890-4 CORE 12k" version="V2.13.0.17225" identifier=" ">
	<schema major="2" minor="8" patch="0"/>
	<image objectid="127">
		<trayindex>127</trayindex>
		<imageinfo type="JPEG">
			<quality>80</quality>
			<resolution>270</resolution>
			<size width="6752" length="6425"/>
			<origin x="2954" y="0"/>
			<increment start="8673" stop="9189"/>
			<captureline start="257071" stop="263495"/>
			<fvec>0x00000000</fvec>
			<fvectxt></fvectxt>
			<filename>20251211_Image103915_Bitunia_1_0000000127_0127.jpg</filename>
			<filesize>1664180</filesize>
		</imageinfo>
		<decoder version="8.1.0">
			<config>
				<Params1D>51 1 2 255 0 0 1 0 10 0 1 2147483647 2147483647 2147483647 2147483647 2147483647 0 0 0 0 500 0 120 0 0 1 0 1 0 2 1 1 0 1 0 1 0 255 0 3 100 4 0 0 0 0 0 0 1 1 90</Params1D>
				<CodeConf_0>1 0 3 0 0 0 0 0 0 0 0 0 0 1 8 50 0 0 0 0 1 0</CodeConf_0>
				<CodeConf_1>1 0 3 0 0 0 0 0 0 0 0 0 0 1 8 50 0 0 0 0 1 4103</CodeConf_1>
				<CodeConf_5>1 0 3 0 0 0 0 0 0 0 0 0 0 1 8 50 0 0 0 0 1 0</CodeConf_5>
				<Params2D>68 1 0 255 0 0 0 0 10 0 1 2147483647 2147483647 2147483647 2147483647 2147483647 0 0 0 0 500 0 120 0 0 1 0 0 0 0 0 0 0 1 0 0 0 255 1 11 100 4 0 0 0 0 0 0 1 1 90</Params2D>
				<DiagConfig>0 0 0 0 0 0 0 0 0 0 0 0 0 0 0 0 0 0 0 0 0</DiagConfig>
				<GlobalConfig>4 0 0 0 0 0 -1 1</GlobalConfig>
				</config>
			<info finish="true">
				<decoderCtrlTimeImage unit="ms" value="166"/>
				<decoderTimeImage unit="ms" value="117"/>
				<decoderDelayStart unit="ms" value="0"/>
				<decoderDelayEnd unit="ms" value="2"/>
				<blocks total="71" decoded="71"/>
				<decodedLine start="256704" stop="263519"/>
			</info>
		</decoder>
		<symbol type="C128" pos="7015 2845 7029 2735 7793 2891 7779 3001" groupid="0">
			<position>
				<coordinate x="7015" y="2845"/>
				<coordinate x="7029" y="2735"/>
				<coordinate x="7793" y="2891"/>
				<coordinate x="7779" y="3001"/>
			</position>
			<result length="9" coding="Ascii">SN5940324</result>
			<symbolinfo>
				<width unit="pix">0.00</width>
				<height unit="pix">110.89</height>
			</symbolinfo>
			<status>2</status>
			<angle>12</angle>
			<decosrc>0</decosrc>
			<qualifier>
				<rq>46</rq>
				<fvec>0x00000000</fvec>
			</qualifier>
			<verifier>
				<sc grade="4.0" value="97"/>
				<defects grade="4.0" value="6"/>
				<v grade="0.0" value="7"/>
				<modsize value="6" unit="mm"/>
				<qz value="100" unit="%"/>
				<ecmin grade="4.0" value="66"/>
				<mod grade="4.0" value="68"/>
				<osg grade="4.0"/>
				<decode grade="4.0" value="100"/>
				<rmin grade="4.0" value="0"/>
			</verifier>
			<moduleinfo>
				<width unit="pix">6.27</width>
				<height unit="pix">110.89</height>
			</moduleinfo>
		</symbol>
		<box name="Roi1D" pos="7015 2845 7029 2735 7793 2891 7779 3001" color="0 255 0" groupid="0">
			<position>
				<coordinate x="7015" y="2845"/>
				<coordinate x="7029" y="2735"/>
				<coordinate x="7793" y="2891"/>
				<coordinate x="7779" y="3001"/>
			</position>
		</box>
		<box name="Box1D" pos="6951 2671 7857 2671 7857 3065 6951 3065" color="0 0 255" groupid="0">
			<position>
				<coordinate x="6951" y="2671"/>
				<coordinate x="7857" y="2671"/>
				<coordinate x="7857" y="3065"/>
				<coordinate x="6951" y="3065"/>
			</position>
		</box>
		<symbol type="C128" pos="4897 3761 4849 3767 4784 3294 4835 3288" groupid="1">
			<position>
				<coordinate x="4897" y="3761"/>
				<coordinate x="4849" y="3767"/>
				<coordinate x="4784" y="3294"/>
				<coordinate x="4835" y="3288"/>
			</position>
			<result length="9" coding="Ascii">SN5940324</result>
			<symbolinfo>
				<width unit="pix">0.00</width>
				<height unit="pix">49.86</height>
			</symbolinfo>
			<status>2</status>
			<angle>262</angle>
			<decosrc>0</decosrc>
			<qualifier>
				<rq>100</rq>
				<fvec>0x40000000</fvec>
			</qualifier>
			<verifier>
				<sc grade="4.0" value="71"/>
				<defects grade="0.0" value="51"/>
				<v grade="1.0" value="30"/>
				<modsize value="4" unit="mm"/>
				<qz value="100" unit="%"/>
				<ecmin grade="0.0" value="10"/>
				<mod grade="1.0" value="14"/>
				<osg grade="0.0"/>
				<decode grade="4.0" value="100"/>
				<rmin grade="4.0" value="0"/>
			</verifier>
			<moduleinfo>
				<width unit="pix">3.77</width>
				<height unit="pix">49.86</height>
			</moduleinfo>
		</symbol>
		<box name="Roi1D" pos="4897 3761 4849 3767 4784 3294 4835 3288" color="0 255 0" groupid="1">
			<position>
				<coordinate x="4897" y="3761"/>
				<coordinate x="4849" y="3767"/>
				<coordinate x="4784" y="3294"/>
				<coordinate x="4835" y="3288"/>
			</position>
		</box>
		<box name="Box1D" pos="4720 3224 4961 3224 4961 3831 4720 3831" color="0 0 255" groupid="1">
			<position>
				<coordinate x="4720" y="3224"/>
				<coordinate x="4961" y="3224"/>
				<coordinate x="4961" y="3831"/>
				<coordinate x="4720" y="3831"/>
			</position>
		</box>
		<symbol type="C128" pos="6782 3941 6812 3848 7559 3995 7530 4089" groupid="2">
			<position>
				<coordinate x="6782" y="3941"/>
				<coordinate x="6812" y="3848"/>
				<coordinate x="7559" y="3995"/>
				<coordinate x="7530" y="4089"/>
			</position>
			<result length="9" coding="Ascii">SN5940324</result>
			<symbolinfo>
				<width unit="pix">0.00</width>
				<height unit="pix">98.05</height>
			</symbolinfo>
			<status>2</status>
			<angle>11</angle>
			<decosrc>0</decosrc>
			<qualifier>
				<rq>72</rq>
				<fvec>0x00000000</fvec>
			</qualifier>
			<verifier>
				<sc grade="4.0" value="85"/>
				<defects grade="4.0" value="4"/>
				<v grade="0.0" value="10"/>
				<modsize value="6" unit="mm"/>
				<qz value="100" unit="%"/>
				<ecmin grade="4.0" value="55"/>
				<mod grade="4.0" value="64"/>
				<osg grade="4.0"/>
				<decode grade="4.0" value="100"/>
				<rmin grade="4.0" value="0"/>
			</verifier>
			<moduleinfo>
				<width unit="pix">6.22</width>
				<height unit="pix">98.05</height>
			</moduleinfo>
		</symbol>
		<box name="Roi1D" pos="6782 3941 6812 3848 7559 3995 7530 4089" color="0 255 0" groupid="2">
			<position>
				<coordinate x="6782" y="3941"/>
				<coordinate x="6812" y="3848"/>
				<coordinate x="7559" y="3995"/>
				<coordinate x="7530" y="4089"/>
			</position>
		</box>
		<box name="Box1D" pos="6718 3784 7623 3784 7623 4153 6718 4153" color="0 0 255" groupid="2">
			<position>
				<coordinate x="6718" y="3784"/>
				<coordinate x="7623" y="3784"/>
				<coordinate x="7623" y="4153"/>
				<coordinate x="6718" y="4153"/>
			</position>
		</box>
		<box name="Parcel" pos="9235 5676 3459 6166 3219 603 8984 291" color="255 128 0" groupid="3">
			<position>
				<coordinate x="9235" y="5676"/>
				<coordinate x="3459" y="6166"/>
				<coordinate x="3219" y="603"/>
				<coordinate x="8984" y="291"/>
			</position>
		</box>
		<parcel pos="9235 5676 3459 6166 3219 603 8984 291" groupid="3">
			<position>
				<coordinate x="9235" y="5676"/>
				<coordinate x="3459" y="6166"/>
				<coordinate x="3219" y="603"/>
				<coordinate x="8984" y="291"/>
			</position>
			<dimension unit="mm" height="220" width="447" length="519"/>
			<volume unit="cm3" value="51043"/>
			<angle>-86.8</angle>
			<decosrc>4</decosrc>
			<fvec>0x00000000</fvec>
			<fvectxt></fvectxt>
			<quality>0</quality>
		</parcel>
		<text name="Info" string="SICK" fontsize="30" pos="60 6324" color="8 148 206" layout="1">
			<position x="60" y="6324"/>
		</text>
		<text name="Info" string="Device: ICR890" fontsize="30" pos="6292 50" color="255 0 0" layout="1">
			<position x="6292" y="50"/>
		</text>
		<text name="Info" string="ObjectId: 127" fontsize="30" pos="6292 6324" color="255 0 0" layout="1">
			<position x="6292" y="6324"/>
		</text>
		<line name="DirOfFlow" pos="274 40 488 1325" color="255 0 0" layout="1">
			<position>
				<coordinate x="274" y="40"/>
				<coordinate x="488" y="1325"/>
			</position>
		</line>
		<line name="DirOfFlow" pos="488 1325 60 1325" color="255 0 0" layout="1">
			<position>
				<coordinate x="488" y="1325"/>
				<coordinate x="60" y="1325"/>
			</position>
		</line>
		<line name="DirOfFlow" pos="60 1325 274 40" color="255 0 0" layout="1">
			<position>
				<coordinate x="60" y="1325"/>
				<coordinate x="274" y="40"/>
			</position>
		</line>
		<cross name="LWorkz" pos="2955 17" color="8 148 206">
			<position x="2955" y="17"/>
		</cross>
		<cross name="RWorkz" pos="11459 17" color="8 148 206">
			<position x="11459" y="17"/>
		</cross>
		<cross name="LWorkz" pos="2955 113" color="8 148 206">
			<position x="2955" y="113"/>
		</cross>
		<cross name="RWorkz" pos="11459 113" color="8 148 206">
			<position x="11459" y="113"/>
		</cross>
		<cross name="LWorkz" pos="2955 209" color="8 148 206">
			<position x="2955" y="209"/>
		</cross>
		<cross name="RWorkz" pos="11459 209" color="8 148 206">
			<position x="11459" y="209"/>
		</cross>
		<cross name="LWorkz" pos="2955 305" color="8 148 206">
			<position x="2955" y="305"/>
		</cross>
		<cross name="RWorkz" pos="11459 305" color="8 148 206">
			<position x="11459" y="305"/>
		</cross>
		<cross name="LWorkz" pos="2955 401" color="8 148 206">
			<position x="2955" y="401"/>
		</cross>
		<cross name="RWorkz" pos="11459 401" color="8 148 206">
			<position x="11459" y="401"/>
		</cross>
		<cross name="LWorkz" pos="2955 497" color="8 148 206">
			<position x="2955" y="497"/>
		</cross>
		<cross name="RWorkz" pos="11459 497" color="8 148 206">
			<position x="11459" y="497"/>
		</cross>
		<cross name="LWorkz" pos="2955 593" color="8 148 206">
			<position x="2955" y="593"/>
		</cross>
		<cross name="RWorkz" pos="11459 593" color="8 148 206">
			<position x="11459" y="593"/>
		</cross>
		<cross name="LWorkz" pos="2955 689" color="8 148 206">
			<position x="2955" y="689"/>
		</cross>
		<cross name="RWorkz" pos="11459 689" color="8 148 206">
			<position x="11459" y="689"/>
		</cross>
		<cross name="LWorkz" pos="2955 785" color="8 148 206">
			<position x="2955" y="785"/>
		</cross>
		<cross name="RWorkz" pos="11459 785" color="8 148 206">
			<position x="11459" y="785"/>
		</cross>
		<cross name="LWorkz" pos="2955 881" color="8 148 206">
			<position x="2955" y="881"/>
		</cross>
		<cross name="RWorkz" pos="11459 881" color="8 148 206">
			<position x="11459" y="881"/>
		</cross>
		<cross name="LWorkz" pos="2955 977" color="8 148 206">
			<position x="2955" y="977"/>
		</cross>
		<cross name="RWorkz" pos="11459 977" color="8 148 206">
			<position x="11459" y="977"/>
		</cross>
		<cross name="LWorkz" pos="2955 1073" color="8 148 206">
			<position x="2955" y="1073"/>
		</cross>
		<cross name="RWorkz" pos="11459 1073" color="8 148 206">
			<position x="11459" y="1073"/>
		</cross>
		<cross name="LWorkz" pos="2955 1169" color="8 148 206">
			<position x="2955" y="1169"/>
		</cross>
		<cross name="RWorkz" pos="11459 1169" color="8 148 206">
			<position x="11459" y="1169"/>
		</cross>
		<cross name="LWorkz" pos="2955 1265" color="8 148 206">
			<position x="2955" y="1265"/>
		</cross>
		<cross name="RWorkz" pos="11459 1265" color="8 148 206">
			<position x="11459" y="1265"/>
		</cross>
		<cross name="LWorkz" pos="2955 1361" color="8 148 206">
			<position x="2955" y="1361"/>
		</cross>
		<cross name="RWorkz" pos="11459 1361" color="8 148 206">
			<position x="11459" y="1361"/>
		</cross>
		<cross name="LWorkz" pos="2955 1457" color="8 148 206">
			<position x="2955" y="1457"/>
		</cross>
		<cross name="RWorkz" pos="11459 1457" color="8 148 206">
			<position x="11459" y="1457"/>
		</cross>
		<cross name="LWorkz" pos="2955 1553" color="8 148 206">
			<position x="2955" y="1553"/>
		</cross>
		<cross name="RWorkz" pos="11459 1553" color="8 148 206">
			<position x="11459" y="1553"/>
		</cross>
		<cross name="LWorkz" pos="2955 1649" color="8 148 206">
			<position x="2955" y="1649"/>
		</cross>
		<cross name="RWorkz" pos="11459 1649" color="8 148 206">
			<position x="11459" y="1649"/>
		</cross>
		<cross name="LWorkz" pos="2955 1745" color="8 148 206">
			<position x="2955" y="1745"/>
		</cross>
		<cross name="RWorkz" pos="11459 1745" color="8 148 206">
			<position x="11459" y="1745"/>
		</cross>
		<cross name="LWorkz" pos="2955 1841" color="8 148 206">
			<position x="2955" y="1841"/>
		</cross>
		<cross name="RWorkz" pos="11459 1841" color="8 148 206">
			<position x="11459" y="1841"/>
		</cross>
		<cross name="LWorkz" pos="2955 1937" color="8 148 206">
			<position x="2955" y="1937"/>
		</cross>
		<cross name="RWorkz" pos="11459 1937" color="8 148 206">
			<position x="11459" y="1937"/>
		</cross>
		<cross name="LWorkz" pos="2955 2033" color="8 148 206">
			<position x="2955" y="2033"/>
		</cross>
		<cross name="RWorkz" pos="11459 2033" color="8 148 206">
			<position x="11459" y="2033"/>
		</cross>
		<cross name="LWorkz" pos="2955 2129" color="8 148 206">
			<position x="2955" y="2129"/>
		</cross>
		<cross name="RWorkz" pos="11459 2129" color="8 148 206">
			<position x="11459" y="2129"/>
		</cross>
		<cross name="LWorkz" pos="2955 2225" color="8 148 206">
			<position x="2955" y="2225"/>
		</cross>
		<cross name="RWorkz" pos="11459 2225" color="8 148 206">
			<position x="11459" y="2225"/>
		</cross>
		<cross name="LWorkz" pos="2955 2321" color="8 148 206">
			<position x="2955" y="2321"/>
		</cross>
		<cross name="RWorkz" pos="11459 2321" color="8 148 206">
			<position x="11459" y="2321"/>
		</cross>
		<cross name="LWorkz" pos="2955 2417" color="8 148 206">
			<position x="2955" y="2417"/>
		</cross>
		<cross name="RWorkz" pos="11459 2417" color="8 148 206">
			<position x="11459" y="2417"/>
		</cross>
		<cross name="LWorkz" pos="2955 2513" color="8 148 206">
			<position x="2955" y="2513"/>
		</cross>
		<cross name="RWorkz" pos="11459 2513" color="8 148 206">
			<position x="11459" y="2513"/>
		</cross>
		<cross name="LWorkz" pos="2955 2609" color="8 148 206">
			<position x="2955" y="2609"/>
		</cross>
		<cross name="RWorkz" pos="11459 2609" color="8 148 206">
			<position x="11459" y="2609"/>
		</cross>
		<cross name="LWorkz" pos="2955 2705" color="8 148 206">
			<position x="2955" y="2705"/>
		</cross>
		<cross name="RWorkz" pos="11459 2705" color="8 148 206">
			<position x="11459" y="2705"/>
		</cross>
		<cross name="LWorkz" pos="2955 2801" color="8 148 206">
			<position x="2955" y="2801"/>
		</cross>
		<cross name="RWorkz" pos="11459 2801" color="8 148 206">
			<position x="11459" y="2801"/>
		</cross>
		<cross name="LWorkz" pos="2955 2897" color="8 148 206">
			<position x="2955" y="2897"/>
		</cross>
		<cross name="RWorkz" pos="11459 2897" color="8 148 206">
			<position x="11459" y="2897"/>
		</cross>
		<cross name="LWorkz" pos="2955 2993" color="8 148 206">
			<position x="2955" y="2993"/>
		</cross>
		<cross name="RWorkz" pos="11459 2993" color="8 148 206">
			<position x="11459" y="2993"/>
		</cross>
		<cross name="LWorkz" pos="2955 3089" color="8 148 206">
			<position x="2955" y="3089"/>
		</cross>
		<cross name="RWorkz" pos="11459 3089" color="8 148 206">
			<position x="11459" y="3089"/>
		</cross>
		<cross name="LWorkz" pos="2955 3185" color="8 148 206">
			<position x="2955" y="3185"/>
		</cross>
		<cross name="RWorkz" pos="11459 3185" color="8 148 206">
			<position x="11459" y="3185"/>
		</cross>
		<cross name="LWorkz" pos="2955 3281" color="8 148 206">
			<position x="2955" y="3281"/>
		</cross>
		<cross name="RWorkz" pos="11459 3281" color="8 148 206">
			<position x="11459" y="3281"/>
		</cross>
		<cross name="LWorkz" pos="2955 3377" color="8 148 206">
			<position x="2955" y="3377"/>
		</cross>
		<cross name="RWorkz" pos="11459 3377" color="8 148 206">
			<position x="11459" y="3377"/>
		</cross>
		<cross name="LWorkz" pos="2955 3473" color="8 148 206">
			<position x="2955" y="3473"/>
		</cross>
		<cross name="RWorkz" pos="11459 3473" color="8 148 206">
			<position x="11459" y="3473"/>
		</cross>
		<cross name="LWorkz" pos="2955 3569" color="8 148 206">
			<position x="2955" y="3569"/>
		</cross>
		<cross name="RWorkz" pos="11459 3569" color="8 148 206">
			<position x="11459" y="3569"/>
		</cross>
		<cross name="LWorkz" pos="2955 3665" color="8 148 206">
			<position x="2955" y="3665"/>
		</cross>
		<cross name="RWorkz" pos="11459 3665" color="8 148 206">
			<position x="11459" y="3665"/>
		</cross>
		<cross name="LWorkz" pos="2955 3761" color="8 148 206">
			<position x="2955" y="3761"/>
		</cross>
		<cross name="RWorkz" pos="11459 3761" color="8 148 206">
			<position x="11459" y="3761"/>
		</cross>
		<cross name="LWorkz" pos="2955 3857" color="8 148 206">
			<position x="2955" y="3857"/>
		</cross>
		<cross name="RWorkz" pos="11459 3857" color="8 148 206">
			<position x="11459" y="3857"/>
		</cross>
		<cross name="LWorkz" pos="2955 3953" color="8 148 206">
			<position x="2955" y="3953"/>
		</cross>
		<cross name="RWorkz" pos="11459 3953" color="8 148 206">
			<position x="11459" y="3953"/>
		</cross>
		<cross name="LWorkz" pos="2955 4049" color="8 148 206">
			<position x="2955" y="4049"/>
		</cross>
		<cross name="RWorkz" pos="11459 4049" color="8 148 206">
			<position x="11459" y="4049"/>
		</cross>
		<cross name="LWorkz" pos="2955 4145" color="8 148 206">
			<position x="2955" y="4145"/>
		</cross>
		<cross name="RWorkz" pos="11459 4145" color="8 148 206">
			<position x="11459" y="4145"/>
		</cross>
		<cross name="LWorkz" pos="2955 4241" color="8 148 206">
			<position x="2955" y="4241"/>
		</cross>
		<cross name="RWorkz" pos="11459 4241" color="8 148 206">
			<position x="11459" y="4241"/>
		</cross>
		<cross name="LWorkz" pos="2955 4337" color="8 148 206">
			<position x="2955" y="4337"/>
		</cross>
		<cross name="RWorkz" pos="11459 4337" color="8 148 206">
			<position x="11459" y="4337"/>
		</cross>
		<cross name="LWorkz" pos="2955 4433" color="8 148 206">
			<position x="2955" y="4433"/>
		</cross>
		<cross name="RWorkz" pos="11459 4433" color="8 148 206">
			<position x="11459" y="4433"/>
		</cross>
		<cross name="LWorkz" pos="2955 4529" color="8 148 206">
			<position x="2955" y="4529"/>
		</cross>
		<cross name="RWorkz" pos="11459 4529" color="8 148 206">
			<position x="11459" y="4529"/>
		</cross>
		<cross name="LWorkz" pos="2955 4625" color="8 148 206">
			<position x="2955" y="4625"/>
		</cross>
		<cross name="RWorkz" pos="11459 4625" color="8 148 206">
			<position x="11459" y="4625"/>
		</cross>
		<cross name="LWorkz" pos="2955 4721" color="8 148 206">
			<position x="2955" y="4721"/>
		</cross>
		<cross name="RWorkz" pos="11459 4721" color="8 148 206">
			<position x="11459" y="4721"/>
		</cross>
		<cross name="LWorkz" pos="2955 4817" color="8 148 206">
			<position x="2955" y="4817"/>
		</cross>
		<cross name="RWorkz" pos="11459 4817" color="8 148 206">
			<position x="11459" y="4817"/>
		</cross>
		<cross name="LWorkz" pos="2955 4913" color="8 148 206">
			<position x="2955" y="4913"/>
		</cross>
		<cross name="RWorkz" pos="11459 4913" color="8 148 206">
			<position x="11459" y="4913"/>
		</cross>
		<cross name="LWorkz" pos="2955 5009" color="8 148 206">
			<position x="2955" y="5009"/>
		</cross>
		<cross name="RWorkz" pos="11459 5009" color="8 148 206">
			<position x="11459" y="5009"/>
		</cross>
		<cross name="LWorkz" pos="2955 5105" color="8 148 206">
			<position x="2955" y="5105"/>
		</cross>
		<cross name="RWorkz" pos="11459 5105" color="8 148 206">
			<position x="11459" y="5105"/>
		</cross>
		<cross name="LWorkz" pos="2955 5201" color="8 148 206">
			<position x="2955" y="5201"/>
		</cross>
		<cross name="RWorkz" pos="11459 5201" color="8 148 206">
			<position x="11459" y="5201"/>
		</cross>
		<cross name="LWorkz" pos="2955 5297" color="8 148 206">
			<position x="2955" y="5297"/>
		</cross>
		<cross name="RWorkz" pos="11459 5297" color="8 148 206">
			<position x="11459" y="5297"/>
		</cross>
		<cross name="LWorkz" pos="2955 5393" color="8 148 206">
			<position x="2955" y="5393"/>
		</cross>
		<cross name="RWorkz" pos="11459 5393" color="8 148 206">
			<position x="11459" y="5393"/>
		</cross>
		<cross name="LWorkz" pos="2955 5489" color="8 148 206">
			<position x="2955" y="5489"/>
		</cross>
		<cross name="RWorkz" pos="11459 5489" color="8 148 206">
			<position x="11459" y="5489"/>
		</cross>
		<cross name="LWorkz" pos="2955 5585" color="8 148 206">
			<position x="2955" y="5585"/>
		</cross>
		<cross name="RWorkz" pos="11459 5585" color="8 148 206">
			<position x="11459" y="5585"/>
		</cross>
		<cross name="LWorkz" pos="2955 5681" color="8 148 206">
			<position x="2955" y="5681"/>
		</cross>
		<cross name="RWorkz" pos="11459 5681" color="8 148 206">
			<position x="11459" y="5681"/>
		</cross>
		<cross name="LWorkz" pos="2955 5777" color="8 148 206">
			<position x="2955" y="5777"/>
		</cross>
		<cross name="RWorkz" pos="11459 5777" color="8 148 206">
			<position x="11459" y="5777"/>
		</cross>
		<cross name="LWorkz" pos="2955 5873" color="8 148 206">
			<position x="2955" y="5873"/>
		</cross>
		<cross name="RWorkz" pos="11459 5873" color="8 148 206">
			<position x="11459" y="5873"/>
		</cross>
		<cross name="LWorkz" pos="2955 5969" color="8 148 206">
			<position x="2955" y="5969"/>
		</cross>
		<cross name="RWorkz" pos="11459 5969" color="8 148 206">
			<position x="11459" y="5969"/>
		</cross>
		<cross name="LWorkz" pos="2955 6065" color="8 148 206">
			<position x="2955" y="6065"/>
		</cross>
		<cross name="RWorkz" pos="11459 6065" color="8 148 206">
			<position x="11459" y="6065"/>
		</cross>
		<cross name="LWorkz" pos="2955 6161" color="8 148 206">
			<position x="2955" y="6161"/>
		</cross>
		<cross name="RWorkz" pos="11459 6161" color="8 148 206">
			<position x="11459" y="6161"/>
		</cross>
		<cross name="LWorkz" pos="2955 6257" color="8 148 206">
			<position x="2955" y="6257"/>
		</cross>
		<cross name="RWorkz" pos="11459 6257" color="8 148 206">
			<position x="11459" y="6257"/>
		</cross>
		<cross name="LWorkz" pos="2955 6353" color="8 148 206">
			<position x="2955" y="6353"/>
		</cross>
		<cross name="RWorkz" pos="11459 6353" color="8 148 206">
			<position x="11459" y="6353"/>
		</cross>
	</image>
</camera>