<?xml version="1.0"?>
<camera name="BX1" company="SICK AG, AutoIdent" device="ICR890-4 CORE 12k" version="V2.13.0.17225" identifier=" ">
	<schema major="2" minor="8" patch="0"/>
	<image objectid="134">
		<trayindex>134</trayindex>
		<imageinfo type="JPEG">
			<quality>80</quality>
			<resolution>270</resolution>
			<size width="5808" length="5730"/>
			<origin x="3598" y="0"/>
			<increment start="14425" stop="14924"/>
			<captureline start="322365" stop="328094"/>
			<fvec>0x00000000</fvec>
			<fvectxt></fvectxt>
			<filename>20251211_Image103945_Bitunia_1_0000000134_0134.jpg</filename>
			<filesize>1375704</filesize>
		</imageinfo>
		<decoder version="8.1.0">
			<config>
				<Params1D>51 1 2 255 0 0 1 0 10 0 1 2147483647 2147483647 2147483647 2147483647 2147483647 0 0 0 0 500 0 120 0 0 1 0 1 0 2 1 1 0 1 0 1 0 255 0 3 100 4 0 0 0 0 0 0 1 1 90</Params1D>
				<CodeConf_0>1 0 3 0 0 0 0 0 0 0 0 0 0 1 8 50 0 0 0 0 1 0</CodeConf_0>
				<CodeConf_1>1 0 3 0 0 0 0 0 0 0 0 0 0 1 8 50 0 0 0 0 1 4103</CodeConf_1>
				<CodeConf_5>1 0 3 0 0 0 0 0 0 0 0 0 0 1 8 50 0 0 0 0 1 0</CodeConf_5>
				<Params2D>68 1 0 255 0 0 0 0 10 0 1 2147483647 2147483647 2147483647 2147483647 2147483647 0 0 0 0 500 0 120 0 0 1 0 0 0 0 0 0 0 1 0 0 0 255 1 11 100 4 0 0 0 0 0 0 1 1 90</Params2D>
				<DiagConfig>0 0 0 0 0 0 0 0 0 0 0 0 0 0 0 0 0 0 0 0 0</DiagConfig>
				<GlobalConfig>4 0 0 0 0 0 -1 1</GlobalConfig>
				</config>
			<info finish="true">
				<decoderCtrlTimeImage unit="ms" value="145"/>
				<decoderTimeImage unit="ms" value="101"/>
				<decoderDelayStart unit="ms" value="0"/>
				<decoderDelayEnd unit="ms" value="2"/>
				<blocks total="65" decoded="65"/>
				<decodedLine start="321984" stop="328223"/>
			</info>
		</decoder>
		<symbol type="C128" pos="6212 2975 6147 3026 5859 2656 5925 2604" groupid="0">
			<position>
				<coordinate x="6212" y="2975"/>
				<coordinate x="6147" y="3026"/>
				<coordinate x="5859" y="2656"/>
				<coordinate x="5925" y="2604"/>
			</position>
			<result length="9" coding="Ascii">SN5940188</result>
			<symbolinfo>
				<width unit="pix">0.00</width>
				<height unit="pix">83.32</height>
			</symbolinfo>
			<status>2</status>
			<angle>232</angle>
			<decosrc>0</decosrc>
			<qualifier>
				<rq>98</rq>
				<fvec>0x00000000</fvec>
			</qualifier>
			<verifier>
				<sc grade="4.0" value="94"/>
				<defects grade="4.0" value="1"/>
				<v grade="0.0" value="0"/>
				<modsize value="4" unit="mm"/>
				<qz value="100" unit="%"/>
				<ecmin grade="4.0" value="48"/>
				<mod grade="4.0" value="51"/>
				<osg grade="4.0"/>
				<decode grade="4.0" value="100"/>
				<rmin grade="4.0" value="0"/>
			</verifier>
			<moduleinfo>
				<width unit="pix">3.77</width>
				<height unit="pix">83.32</height>
			</moduleinfo>
		</symbol>
		<box name="Roi1D" pos="6212 2975 6147 3026 5859 2656 5925 2604" color="0 255 0" groupid="0">
			<position>
				<coordinate x="6212" y="2975"/>
				<coordinate x="6147" y="3026"/>
				<coordinate x="5859" y="2656"/>
				<coordinate x="5925" y="2604"/>
			</position>
		</box>
		<box name="Box1D" pos="5795 2540 6276 2540 6276 3090 5795 3090" color="0 0 255" groupid="0">
			<position>
				<coordinate x="5795" y="2540"/>
				<coordinate x="6276" y="2540"/>
				<coordinate x="6276" y="3090"/>
				<coordinate x="5795" y="3090"/>
			</position>
		</box>
		<box name="Parcel" pos="9353 644 8843 5769 4104 5244 4614 166" color="255 128 0" groupid="1">
			<position>
				<coordinate x="9353" y="644"/>
				<coordinate x="8843" y="5769"/>
				<coordinate x="4104" y="5244"/>
				<coordinate x="4614" y="166"/>
			</position>
		</box>
		<parcel pos="9353 644 8843 5769 4104 5244 4614 166" groupid="1">
			<position>
				<coordinate x="9353" y="644"/>
				<coordinate x="8843" y="5769"/>
				<coordinate x="4104" y="5244"/>
				<coordinate x="4614" y="166"/>
			</position>
			<dimension unit="mm" height="166" width="448" length="455"/>
			<volume unit="cm3" value="33877"/>
			<angle>-6.1</angle>
			<decosrc>4</decosrc>
			<fvec>0x00000000</fvec>
			<fvectxt></fvectxt>
			<quality>0</quality>
		</parcel>
		<text name="Info" string="SICK" fontsize="30" pos="60 5629" color="8 148 206" layout="1">
			<position x="60" y="5629"/>
		</text>
		<text name="Info" string="Device: ICR890" fontsize="30" pos="5348 50" color="255 0 0" layout="1">
			<position x="5348" y="50"/>
		</text>
		<text name="Info" string="ObjectId: 134" fontsize="30" pos="5348 5629" color="255 0 0" layout="1">
			<position x="5348" y="5629"/>
		</text>
		<line name="DirOfFlow" pos="251 40 442 1186" color="255 0 0" layout="1">
			<position>
				<coordinate x="251" y="40"/>
				<coordinate x="442" y="1186"/>
			</position>
		</line>
		<line name="DirOfFlow" pos="442 1186 60 1186" color="255 0 0" layout="1">
			<position>
				<coordinate x="442" y="1186"/>
				<coordinate x="60" y="1186"/>
			</position>
		</line>
		<line name="DirOfFlow" pos="60 1186 251 40" color="255 0 0" layout="1">
			<position>
				<coordinate x="60" y="1186"/>
				<coordinate x="251" y="40"/>
			</position>
		</line>
		<cross name="LWorkz" pos="2955 3" color="8 148 206">
			<position x="2955" y="3"/>
		</cross>
		<cross name="RWorkz" pos="11459 3" color="8 148 206">
			<position x="11459" y="3"/>
		</cross>
		<cross name="LWorkz" pos="2955 99" color="8 148 206">
			<position x="2955" y="99"/>
		</cross>
		<cross name="RWorkz" pos="11459 99" color="8 148 206">
			<position x="11459" y="99"/>
		</cross>
		<cross name="LWorkz" pos="2955 195" color="8 148 206">
			<position x="2955" y="195"/>
		</cross>
		<cross name="RWorkz" pos="11459 195" color="8 148 206">
			<position x="11459" y="195"/>
		</cross>
		<cross name="LWorkz" pos="2955 291" color="8 148 206">
			<position x="2955" y="291"/>
		</cross>
		<cross name="RWorkz" pos="11459 291" color="8 148 206">
			<position x="11459" y="291"/>
		</cross>
		<cross name="LWorkz" pos="2955 387" color="8 148 206">
			<position x="2955" y="387"/>
		</cross>
		<cross name="RWorkz" pos="11459 387" color="8 148 206">
			<position x="11459" y="387"/>
		</cross>
		<cross name="LWorkz" pos="2955 483" color="8 148 206">
			<position x="2955" y="483"/>
		</cross>
		<cross name="RWorkz" pos="11459 483" color="8 148 206">
			<position x="11459" y="483"/>
		</cross>
		<cross name="LWorkz" pos="2955 579" color="8 148 206">
			<position x="2955" y="579"/>
		</cross>
		<cross name="RWorkz" pos="11459 579" color="8 148 206">
			<position x="11459" y="579"/>
		</cross>
		<cross name="LWorkz" pos="2955 675" color="8 148 206">
			<position x="2955" y="675"/>
		</cross>
		<cross name="RWorkz" pos="11459 675" color="8 148 206">
			<position x="11459" y="675"/>
		</cross>
		<cross name="LWorkz" pos="2955 771" color="8 148 206">
			<position x="2955" y="771"/>
		</cross>
		<cross name="RWorkz" pos="11459 771" color="8 148 206">
			<position x="11459" y="771"/>
		</cross>
		<cross name="LWorkz" pos="2955 867" color="8 148 206">
			<position x="2955" y="867"/>
		</cross>
		<cross name="RWorkz" pos="11459 867" color="8 148 206">
			<position x="11459" y="867"/>
		</cross>
		<cross name="LWorkz" pos="2955 963" color="8 148 206">
			<position x="2955" y="963"/>
		</cross>
		<cross name="RWorkz" pos="11459 963" color="8 148 206">
			<position x="11459" y="963"/>
		</cross>
		<cross name="LWorkz" pos="2955 1059" color="8 148 206">
			<position x="2955" y="1059"/>
		</cross>
		<cross name="RWorkz" pos="11459 1059" color="8 148 206">
			<position x="11459" y="1059"/>
		</cross>
		<cross name="LWorkz" pos="2955 1155" color="8 148 206">
			<position x="2955" y="1155"/>
		</cross>
		<cross name="RWorkz" pos="11459 1155" color="8 148 206">
			<position x="11459" y="1155"/>
		</cross>
		<cross name="LWorkz" pos="2955 1251" color="8 148 206">
			<position x="2955" y="1251"/>
		</cross>
		<cross name="RWorkz" pos="11459 1251" color="8 148 206">
			<position x="11459" y="1251"/>
		</cross>
		<cross name="LWorkz" pos="2955 1347" color="8 148 206">
			<position x="2955" y="1347"/>
		</cross>
		<cross name="RWorkz" pos="11459 1347" color="8 148 206">
			<position x="11459" y="1347"/>
		</cross>
		<cross name="LWorkz" pos="2955 1443" color="8 148 206">
			<position x="2955" y="1443"/>
		</cross>
		<cross name="RWorkz" pos="11459 1443" color="8 148 206">
			<position x="11459" y="1443"/>
		</cross>
		<cross name="LWorkz" pos="2955 1539" color="8 148 206">
			<position x="2955" y="1539"/>
		</cross>
		<cross name="RWorkz" pos="11459 1539" color="8 148 206">
			<position x="11459" y="1539"/>
		</cross>
		<cross name="LWorkz" pos="2955 1635" color="8 148 206">
			<position x="2955" y="1635"/>
		</cross>
		<cross name="RWorkz" pos="11459 1635" color="8 148 206">
			<position x="11459" y="1635"/>
		</cross>
		<cross name="LWorkz" pos="2955 1731" color="8 148 206">
			<position x="2955" y="1731"/>
		</cross>
		<cross name="RWorkz" pos="11459 1731" color="8 148 206">
			<position x="11459" y="1731"/>
		</cross>
		<cross name="LWorkz" pos="2955 1827" color="8 148 206">
			<position x="2955" y="1827"/>
		</cross>
		<cross name="RWorkz" pos="11459 1827" color="8 148 206">
			<position x="11459" y="1827"/>
		</cross>
		<cross name="LWorkz" pos="2955 1923" color="8 148 206">
			<position x="2955" y="1923"/>
		</cross>
		<cross name="RWorkz" pos="11459 1923" color="8 148 206">
			<position x="11459" y="1923"/>
		</cross>
		<cross name="LWorkz" pos="2955 2019" color="8 148 206">
			<position x="2955" y="2019"/>
		</cross>
		<cross name="RWorkz" pos="11459 2019" color="8 148 206">
			<position x="11459" y="2019"/>
		</cross>
		<cross name="LWorkz" pos="2955 2115" color="8 148 206">
			<position x="2955" y="2115"/>
		</cross>
		<cross name="RWorkz" pos="11459 2115" color="8 148 206">
			<position x="11459" y="2115"/>
		</cross>
		<cross name="LWorkz" pos="2955 2211" color="8 148 206">
			<position x="2955" y="2211"/>
		</cross>
		<cross name="RWorkz" pos="11459 2211" color="8 148 206">
			<position x="11459" y="2211"/>
		</cross>
		<cross name="LWorkz" pos="2955 2307" color="8 148 206">
			<position x="2955" y="2307"/>
		</cross>
		<cross name="RWorkz" pos="11459 2307" color="8 148 206">
			<position x="11459" y="2307"/>
		</cross>
		<cross name="LWorkz" pos="2955 2403" color="8 148 206">
			<position x="2955" y="2403"/>
		</cross>
		<cross name="RWorkz" pos="11459 2403" color="8 148 206">
			<position x="11459" y="2403"/>
		</cross>
		<cross name="LWorkz" pos="2955 2499" color="8 148 206">
			<position x="2955" y="2499"/>
		</cross>
		<cross name="RWorkz" pos="11459 2499" color="8 148 206">
			<position x="11459" y="2499"/>
		</cross>
		<cross name="LWorkz" pos="2955 2595" color="8 148 206">
			<position x="2955" y="2595"/>
		</cross>
		<cross name="RWorkz" pos="11459 2595" color="8 148 206">
			<position x="11459" y="2595"/>
		</cross>
		<cross name="LWorkz" pos="2955 2691" color="8 148 206">
			<position x="2955" y="2691"/>
		</cross>
		<cross name="RWorkz" pos="11459 2691" color="8 148 206">
			<position x="11459" y="2691"/>
		</cross>
		<cross name="LWorkz" pos="2955 2787" color="8 148 206">
			<position x="2955" y="2787"/>
		</cross>
		<cross name="RWorkz" pos="11459 2787" color="8 148 206">
			<position x="11459" y="2787"/>
		</cross>
		<cross name="LWorkz" pos="2955 2883" color="8 148 206">
			<position x="2955" y="2883"/>
		</cross>
		<cross name="RWorkz" pos="11459 2883" color="8 148 206">
			<position x="11459" y="2883"/>
		</cross>
		<cross name="LWorkz" pos="2955 2979" color="8 148 206">
			<position x="2955" y="2979"/>
		</cross>
		<cross name="RWorkz" pos="11459 2979" color="8 148 206">
			<position x="11459" y="2979"/>
		</cross>
		<cross name="LWorkz" pos="2955 3075" color="8 148 206">
			<position x="2955" y="3075"/>
		</cross>
		<cross name="RWorkz" pos="11459 3075" color="8 148 206">
			<position x="11459" y="3075"/>
		</cross>
		<cross name="LWorkz" pos="2955 3171" color="8 148 206">
			<position x="2955" y="3171"/>
		</cross>
		<cross name="RWorkz" pos="11459 3171" color="8 148 206">
			<position x="11459" y="3171"/>
		</cross>
		<cross name="LWorkz" pos="2955 3267" color="8 148 206">
			<position x="2955" y="3267"/>
		</cross>
		<cross name="RWorkz" pos="11459 3267" color="8 148 206">
			<position x="11459" y="3267"/>
		</cross>
		<cross name="LWorkz" pos="2955 3363" color="8 148 206">
			<position x="2955" y="3363"/>
		</cross>
		<cross name="RWorkz" pos="11459 3363" color="8 148 206">
			<position x="11459" y="3363"/>
		</cross>
		<cross name="LWorkz" pos="2955 3459" color="8 148 206">
			<position x="2955" y="3459"/>
		</cross>
		<cross name="RWorkz" pos="11459 3459" color="8 148 206">
			<position x="11459" y="3459"/>
		</cross>
		<cross name="LWorkz" pos="2955 3555" color="8 148 206">
			<position x="2955" y="3555"/>
		</cross>
		<cross name="RWorkz" pos="11459 3555" color="8 148 206">
			<position x="11459" y="3555"/>
		</cross>
		<cross name="LWorkz" pos="2955 3651" color="8 148 206">
			<position x="2955" y="3651"/>
		</cross>
		<cross name="RWorkz" pos="11459 3651" color="8 148 206">
			<position x="11459" y="3651"/>
		</cross>
		<cross name="LWorkz" pos="2955 3747" color="8 148 206">
			<position x="2955" y="3747"/>
		</cross>
		<cross name="RWorkz" pos="11459 3747" color="8 148 206">
			<position x="11459" y="3747"/>
		</cross>
		<cross name="LWorkz" pos="2955 3843" color="8 148 206">
			<position x="2955" y="3843"/>
		</cross>
		<cross name="RWorkz" pos="11459 3843" color="8 148 206">
			<position x="11459" y="3843"/>
		</cross>
		<cross name="LWorkz" pos="2955 3939" color="8 148 206">
			<position x="2955" y="3939"/>
		</cross>
		<cross name="RWorkz" pos="11459 3939" color="8 148 206">
			<position x="11459" y="3939"/>
		</cross>
		<cross name="LWorkz" pos="2955 4035" color="8 148 206">
			<position x="2955" y="4035"/>
		</cross>
		<cross name="RWorkz" pos="11459 4035" color="8 148 206">
			<position x="11459" y="4035"/>
		</cross>
		<cross name="LWorkz" pos="2955 4131" color="8 148 206">
			<position x="2955" y="4131"/>
		</cross>
		<cross name="RWorkz" pos="11459 4131" color="8 148 206">
			<position x="11459" y="4131"/>
		</cross>
		<cross name="LWorkz" pos="2955 4227" color="8 148 206">
			<position x="2955" y="4227"/>
		</cross>
		<cross name="RWorkz" pos="11459 4227" color="8 148 206">
			<position x="11459" y="4227"/>
		</cross>
		<cross name="LWorkz" pos="2955 4323" color="8 148 206">
			<position x="2955" y="4323"/>
		</cross>
		<cross name="RWorkz" pos="11459 4323" color="8 148 206">
			<position x="11459" y="4323"/>
		</cross>
		<cross name="LWorkz" pos="2955 4419" color="8 148 206">
			<position x="2955" y="4419"/>
		</cross>
		<cross name="RWorkz" pos="11459 4419" color="8 148 206">
			<position x="11459" y="4419"/>
		</cross>
		<cross name="LWorkz" pos="2955 4515" color="8 148 206">
			<position x="2955" y="4515"/>
		</cross>
		<cross name="RWorkz" pos="11459 4515" color="8 148 206">
			<position x="11459" y="4515"/>
		</cross>
		<cross name="LWorkz" pos="2955 4611" color="8 148 206">
			<position x="2955" y="4611"/>
		</cross>
		<cross name="RWorkz" pos="11459 4611" color="8 148 206">
			<position x="11459" y="4611"/>
		</cross>
		<cross name="LWorkz" pos="2955 4707" color="8 148 206">
			<position x="2955" y="4707"/>
		</cross>
		<cross name="RWorkz" pos="11459 4707" color="8 148 206">
			<position x="11459" y="4707"/>
		</cross>
		<cross name="LWorkz" pos="2955 4803" color="8 148 206">
			<position x="2955" y="4803"/>
		</cross>
		<cross name="RWorkz" pos="11459 4803" color="8 148 206">
			<position x="11459" y="4803"/>
		</cross>
		<cross name="LWorkz" pos="2955 4899" color="8 148 206">
			<position x="2955" y="4899"/>
		</cross>
		<cross name="RWorkz" pos="11459 4899" color="8 148 206">
			<position x="11459" y="4899"/>
		</cross>
		<cross name="LWorkz" pos="2955 4995" color="8 148 206">
			<position x="2955" y="4995"/>
		</cross>
		<cross name="RWorkz" pos="11459 4995" color="8 148 206">
			<position x="11459" y="4995"/>
		</cross>
		<cross name="LWorkz" pos="2955 5091" color="8 148 206">
			<position x="2955" y="5091"/>
		</cross>
		<cross name="RWorkz" pos="11459 5091" color="8 148 206">
			<position x="11459" y="5091"/>
		</cross>
		<cross name="LWorkz" pos="2955 5187" color="8 148 206">
			<position x="2955" y="5187"/>
		</cross>
		<cross name="RWorkz" pos="11459 5187" color="8 148 206">
			<position x="11459" y="5187"/>
		</cross>
		<cross name="LWorkz" pos="2955 5283" color="8 148 206">
			<position x="2955" y="5283"/>
		</cross>
		<cross name="RWorkz" pos="11459 5283" color="8 148 206">
			<position x="11459" y="5283"/>
		</cross>
		<cross name="LWorkz" pos="2955 5379" color="8 148 206">
			<position x="2955" y="5379"/>
		</cross>
		<cross name="RWorkz" pos="11459 5379" color="8 148 206">
			<position x="11459" y="5379"/>
		</cross>
		<cross name="LWorkz" pos="2955 5475" color="8 148 206">
			<position x="2955" y="5475"/>
		</cross>
		<cross name="RWorkz" pos="11459 5475" color="8 148 206">
			<position x="11459" y="5475"/>
		</cross>
		<cross name="LWorkz" pos="2955 5571" color="8 148 206">
			<position x="2955" y="5571"/>
		</cross>
		<cross name="RWorkz" pos="11459 5571" color="8 148 206">
			<position x="11459" y="5571"/>
		</cross>
		<cross name="LWorkz" pos="2955 5667" color="8 148 206">
			<position x="2955" y="5667"/>
		</cross>
		<cross name="RWorkz" pos="11459 5667" color="8 148 206">
			<position x="11459" y="5667"/>
		</cross>
	</image>
</camera>