<?xml version="1.0"?>
<camera name="BX1" company="SICK AG, AutoIdent" device="ICR890-4 CORE 12k" version="V2.13.0.17225" identifier=" ">
	<schema major="2" minor="8" patch="0"/>
	<image objectid="124">
		<trayindex>124</trayindex>
		<imageinfo type="JPEG">
			<quality>80</quality>
			<resolution>270</resolution>
			<size width="8512" length="2954"/>
			<origin x="2950" y="0"/>
			<increment start="57293" stop="57566"/>
			<captureline start="71848" stop="74801"/>
			<fvec>0x00000080</fvec>
			<fvectxt>FLAT_OBJECT_THRESHOLD</fvectxt>
			<filename>20251211_Image102842_Bitunia_1_0000000124_0124.jpg</filename>
			<filesize>1134068</filesize>
		</imageinfo>
		<decoder version="8.1.0">
			<config>
				<Params1D>51 1 2 255 0 0 1 0 10 0 1 2147483647 2147483647 2147483647 2147483647 2147483647 0 0 0 0 500 0 120 0 0 1 0 1 0 2 1 1 0 1 0 1 0 255 0 3 100 4 0 0 0 0 0 0 1 1 90</Params1D>
				<CodeConf_0>1 0 3 0 0 0 0 0 0 0 0 0 0 1 8 50 0 0 0 0 1 0</CodeConf_0>
				<CodeConf_1>1 0 3 0 0 0 0 0 0 0 0 0 0 1 8 50 0 0 0 0 1 4103</CodeConf_1>
				<CodeConf_5>1 0 3 0 0 0 0 0 0 0 0 0 0 1 8 50 0 0 0 0 1 0</CodeConf_5>
				<Params2D>68 1 0 255 0 0 0 0 10 0 1 2147483647 2147483647 2147483647 2147483647 2147483647 0 0 0 0 500 0 120 0 0 1 0 0 0 0 0 0 0 1 0 0 0 255 1 11 100 4 0 0 0 0 0 0 1 1 90</Params2D>
				<DiagConfig>0 0 0 0 0 0 0 0 0 0 0 0 0 0 0 0 0 0 0 0 0</DiagConfig>
				<GlobalConfig>4 0 0 0 0 0 -1 1</GlobalConfig>
				</config>
			<info finish="true">
				<decoderCtrlTimeImage unit="ms" value="84"/>
				<decoderTimeImage unit="ms" value="62"/>
				<decoderDelayStart unit="ms" value="42"/>
				<decoderDelayEnd unit="ms" value="2"/>
				<blocks total="31" decoded="31"/>
				<decodedLine start="71904" stop="74879"/>
			</info>
		</decoder>
		<box name="Parcel" pos="10012 -832 9930 2554 4183 2054 4622 -1340" color="255 128 0" groupid="0">
			<position>
				<coordinate x="10012" y="-832"/>
				<coordinate x="9930" y="2554"/>
				<coordinate x="4183" y="2054"/>
				<coordinate x="4622" y="-1340"/>
			</position>
		</box>
		<parcel pos="10012 -832 9930 2554 4183 2054 4622 -1340" groupid="0">
			<position>
				<coordinate x="10012" y="-832"/>
				<coordinate x="9930" y="2554"/>
				<coordinate x="4183" y="2054"/>
				<coordinate x="4622" y="-1340"/>
			</position>
			<dimension unit="mm" height="38" width="322" length="512"/>
			<volume unit="cm3" value="6265"/>
			<angle>84.7</angle>
			<decosrc>4</decosrc>
			<fvec>0x00000000</fvec>
			<fvectxt></fvectxt>
			<quality>0</quality>
		</parcel>
		<text name="Info" string="SICK" fontsize="30" pos="60 2853" color="8 148 206" layout="1">
			<position x="60" y="2853"/>
		</text>
		<text name="Info" string="Device: ICR890" fontsize="30" pos="8052 50" color="255 0 0" layout="1">
			<position x="8052" y="50"/>
		</text>
		<text name="Info" string="ObjectId: 124" fontsize="30" pos="8052 2853" color="255 0 0" layout="1">
			<position x="8052" y="2853"/>
		</text>
		<line name="DirOfFlow" pos="158 40 256 630" color="255 0 0" layout="1">
			<position>
				<coordinate x="158" y="40"/>
				<coordinate x="256" y="630"/>
			</position>
		</line>
		<line name="DirOfFlow" pos="256 630 60 630" color="255 0 0" layout="1">
			<position>
				<coordinate x="256" y="630"/>
				<coordinate x="60" y="630"/>
			</position>
		</line>
		<line name="DirOfFlow" pos="60 630 158 40" color="255 0 0" layout="1">
			<position>
				<coordinate x="60" y="630"/>
				<coordinate x="158" y="40"/>
			</position>
		</line>
		<cross name="LWorkz" pos="2955 56" color="8 148 206">
			<position x="2955" y="56"/>
		</cross>
		<cross name="RWorkz" pos="11459 56" color="8 148 206">
			<position x="11459" y="56"/>
		</cross>
		<cross name="LWorkz" pos="2955 152" color="8 148 206">
			<position x="2955" y="152"/>
		</cross>
		<cross name="RWorkz" pos="11459 152" color="8 148 206">
			<position x="11459" y="152"/>
		</cross>
		<cross name="LWorkz" pos="2955 248" color="8 148 206">
			<position x="2955" y="248"/>
		</cross>
		<cross name="RWorkz" pos="11459 248" color="8 148 206">
			<position x="11459" y="248"/>
		</cross>
		<cross name="LWorkz" pos="2955 344" color="8 148 206">
			<position x="2955" y="344"/>
		</cross>
		<cross name="RWorkz" pos="11459 344" color="8 148 206">
			<position x="11459" y="344"/>
		</cross>
		<cross name="LWorkz" pos="2955 440" color="8 148 206">
			<position x="2955" y="440"/>
		</cross>
		<cross name="RWorkz" pos="11459 440" color="8 148 206">
			<position x="11459" y="440"/>
		</cross>
		<cross name="LWorkz" pos="2955 536" color="8 148 206">
			<position x="2955" y="536"/>
		</cross>
		<cross name="RWorkz" pos="11459 536" color="8 148 206">
			<position x="11459" y="536"/>
		</cross>
		<cross name="LWorkz" pos="2955 632" color="8 148 206">
			<position x="2955" y="632"/>
		</cross>
		<cross name="RWorkz" pos="11459 632" color="8 148 206">
			<position x="11459" y="632"/>
		</cross>
		<cross name="LWorkz" pos="2955 728" color="8 148 206">
			<position x="2955" y="728"/>
		</cross>
		<cross name="RWorkz" pos="11459 728" color="8 148 206">
			<position x="11459" y="728"/>
		</cross>
		<cross name="LWorkz" pos="2955 824" color="8 148 206">
			<position x="2955" y="824"/>
		</cross>
		<cross name="RWorkz" pos="11459 824" color="8 148 206">
			<position x="11459" y="824"/>
		</cross>
		<cross name="LWorkz" pos="2955 920" color="8 148 206">
			<position x="2955" y="920"/>
		</cross>
		<cross name="RWorkz" pos="11459 920" color="8 148 206">
			<position x="11459" y="920"/>
		</cross>
		<cross name="LWorkz" pos="2955 1016" color="8 148 206">
			<position x="2955" y="1016"/>
		</cross>
		<cross name="RWorkz" pos="11459 1016" color="8 148 206">
			<position x="11459" y="1016"/>
		</cross>
		<cross name="LWorkz" pos="2955 1112" color="8 148 206">
			<position x="2955" y="1112"/>
		</cross>
		<cross name="RWorkz" pos="11459 1112" color="8 148 206">
			<position x="11459" y="1112"/>
		</cross>
		<cross name="LWorkz" pos="2955 1208" color="8 148 206">
			<position x="2955" y="1208"/>
		</cross>
		<cross name="RWorkz" pos="11459 1208" color="8 148 206">
			<position x="11459" y="1208"/>
		</cross>
		<cross name="LWorkz" pos="2955 1304" color="8 148 206">
			<position x="2955" y="1304"/>
		</cross>
		<cross name="RWorkz" pos="11459 1304" color="8 148 206">
			<position x="11459" y="1304"/>
		</cross>
		<cross name="LWorkz" pos="2955 1400" color="8 148 206">
			<position x="2955" y="1400"/>
		</cross>
		<cross name="RWorkz" pos="11459 1400" color="8 148 206">
			<position x="11459" y="1400"/>
		</cross>
		<cross name="LWorkz" pos="2955 1496" color="8 148 206">
			<position x="2955" y="1496"/>
		</cross>
		<cross name="RWorkz" pos="11459 1496" color="8 148 206">
			<position x="11459" y="1496"/>
		</cross>
		<cross name="LWorkz" pos="2955 1592" color="8 148 206">
			<position x="2955" y="1592"/>
		</cross>
		<cross name="RWorkz" pos="11459 1592" color="8 148 206">
			<position x="11459" y="1592"/>
		</cross>
		<cross name="LWorkz" pos="2955 1688" color="8 148 206">
			<position x="2955" y="1688"/>
		</cross>
		<cross name="RWorkz" pos="11459 1688" color="8 148 206">
			<position x="11459" y="1688"/>
		</cross>
		<cross name="LWorkz" pos="2955 1784" color="8 148 206">
			<position x="2955" y="1784"/>
		</cross>
		<cross name="RWorkz" pos="11459 1784" color="8 148 206">
			<position x="11459" y="1784"/>
		</cross>
		<cross name="LWorkz" pos="2955 1880" color="8 148 206">
			<position x="2955" y="1880"/>
		</cross>
		<cross name="RWorkz" pos="11459 1880" color="8 148 206">
			<position x="11459" y="1880"/>
		</cross>
		<cross name="LWorkz" pos="2955 1976" color="8 148 206">
			<position x="2955" y="1976"/>
		</cross>
		<cross name="RWorkz" pos="11459 1976" color="8 148 206">
			<position x="11459" y="1976"/>
		</cross>
		<cross name="LWorkz" pos="2955 2072" color="8 148 206">
			<position x="2955" y="2072"/>
		</cross>
		<cross name="RWorkz" pos="11459 2072" color="8 148 206">
			<position x="11459" y="2072"/>
		</cross>
		<cross name="LWorkz" pos="2955 2168" color="8 148 206">
			<position x="2955" y="2168"/>
		</cross>
		<cross name="RWorkz" pos="11459 2168" color="8 148 206">
			<position x="11459" y="2168"/>
		</cross>
		<cross name="LWorkz" pos="2955 2264" color="8 148 206">
			<position x="2955" y="2264"/>
		</cross>
		<cross name="RWorkz" pos="11459 2264" color="8 148 206">
			<position x="11459" y="2264"/>
		</cross>
		<cross name="LWorkz" pos="2955 2360" color="8 148 206">
			<position x="2955" y="2360"/>
		</cross>
		<cross name="RWorkz" pos="11459 2360" color="8 148 206">
			<position x="11459" y="2360"/>
		</cross>
		<cross name="LWorkz" pos="2955 2456" color="8 148 206">
			<position x="2955" y="2456"/>
		</cross>
		<cross name="RWorkz" pos="11459 2456" color="8 148 206">
			<position x="11459" y="2456"/>
		</cross>
		<cross name="LWorkz" pos="2955 2552" color="8 148 206">
			<position x="2955" y="2552"/>
		</cross>
		<cross name="RWorkz" pos="11459 2552" color="8 148 206">
			<position x="11459" y="2552"/>
		</cross>
		<cross name="LWorkz" pos="2955 2648" color="8 148 206">
			<position x="2955" y="2648"/>
		</cross>
		<cross name="RWorkz" pos="11459 2648" color="8 148 206">
			<position x="11459" y="2648"/>
		</cross>
		<cross name="LWorkz" pos="2955 2744" color="8 148 206">
			<position x="2955" y="2744"/>
		</cross>
		<cross name="RWorkz" pos="11459 2744" color="8 148 206">
			<position x="11459" y="2744"/>
		</cross>
		<cross name="LWorkz" pos="2955 2840" color="8 148 206">
			<position x="2955" y="2840"/>
		</cross>
		<cross name="RWorkz" pos="11459 2840" color="8 148 206">
			<position x="11459" y="2840"/>
		</cross>
		<cross name="LWorkz" pos="2955 2936" color="8 148 206">
			<position x="2955" y="2936"/>
		</cross>
		<cross name="RWorkz" pos="11459 2936" color="8 148 206">
			<position x="11459" y="2936"/>
		</cross>
	</image>
</camera>