<?xml version="1.0"?>
<camera name="BX1" company="SICK AG, AutoIdent" device="ICR890-4 CORE 12k" version="V2.13.0.17225" identifier=" ">
	<schema major="2" minor="8" patch="0"/>
	<image objectid="126">
		<trayindex>126</trayindex>
		<imageinfo type="JPEG">
			<quality>80</quality>
			<resolution>270</resolution>
			<size width="6664" length="6862"/>
			<origin x="3688" y="0"/>
			<increment start="53" stop="685"/>
			<captureline start="161872" stop="168733"/>
			<fvec>0x00000000</fvec>
			<fvectxt></fvectxt>
			<filename>20251211_Image102925_Bitunia_1_0000000126_0126.jpg</filename>
			<filesize>1728252</filesize>
		</imageinfo>
		<decoder version="8.1.0">
			<config>
				<Params1D>51 1 2 255 0 0 1 0 10 0 1 2147483647 2147483647 2147483647 2147483647 2147483647 0 0 0 0 500 0 120 0 0 1 0 1 0 2 1 1 0 1 0 1 0 255 0 3 100 4 0 0 0 0 0 0 1 1 90</Params1D>
				<CodeConf_0>1 0 3 0 0 0 0 0 0 0 0 0 0 1 8 50 0 0 0 0 1 0</CodeConf_0>
				<CodeConf_1>1 0 3 0 0 0 0 0 0 0 0 0 0 1 8 50 0 0 0 0 1 4103</CodeConf_1>
				<CodeConf_5>1 0 3 0 0 0 0 0 0 0 0 0 0 1 8 50 0 0 0 0 1 0</CodeConf_5>
				<Params2D>68 1 0 255 0 0 0 0 10 0 1 2147483647 2147483647 2147483647 2147483647 2147483647 0 0 0 0 500 0 120 0 0 1 0 0 0 0 0 0 0 1 0 0 0 255 1 11 100 4 0 0 0 0 0 0 1 1 90</Params2D>
				<DiagConfig>0 0 0 0 0 0 0 0 0 0 0 0 0 0 0 0 0 0 0 0 0</DiagConfig>
				<GlobalConfig>4 0 0 0 0 0 -1 1</GlobalConfig>
				</config>
			<info finish="true">
				<decoderCtrlTimeImage unit="ms" value="181"/>
				<decoderTimeImage unit="ms" value="118"/>
				<decoderDelayStart unit="ms" value="0"/>
				<decoderDelayEnd unit="ms" value="2"/>
				<blocks total="80" decoded="80"/>
				<decodedLine start="161280" stop="168959"/>
			</info>
		</decoder>
		<symbol type="C128" pos="5807 1207 5870 1242 5445 1808 5382 1773" groupid="0">
			<position>
				<coordinate x="5807" y="1207"/>
				<coordinate x="5870" y="1242"/>
				<coordinate x="5445" y="1808"/>
				<coordinate x="5382" y="1773"/>
			</position>
			<result length="16" coding="Ascii">RLK2511270780605</result>
			<symbolinfo>
				<width unit="pix">0.00</width>
				<height unit="pix">72.07</height>
			</symbolinfo>
			<status>2</status>
			<angle>127</angle>
			<decosrc>0</decosrc>
			<qualifier>
				<rq>10</rq>
				<fvec>0x04080002</fvec>
			</qualifier>
			<verifier>
				<sc grade="4.0" value="82"/>
				<defects grade="1.0" value="29"/>
				<v grade="0.0" value="0"/>
				<modsize value="4" unit="mm"/>
				<qz value="66" unit="%"/>
				<ecmin grade="0.0" value="13"/>
				<mod grade="2.0" value="16"/>
				<osg grade="0.0"/>
				<decode grade="4.0" value="100"/>
				<rmin grade="4.0" value="0"/>
			</verifier>
			<moduleinfo>
				<width unit="pix">4.24</width>
				<height unit="pix">72.07</height>
			</moduleinfo>
		</symbol>
		<box name="Roi1D" pos="5807 1207 5870 1242 5445 1808 5382 1773" color="0 255 0" groupid="0">
			<position>
				<coordinate x="5807" y="1207"/>
				<coordinate x="5870" y="1242"/>
				<coordinate x="5445" y="1808"/>
				<coordinate x="5382" y="1773"/>
			</position>
		</box>
		<box name="Box1D" pos="5318 1143 5934 1143 5934 1872 5318 1872" color="0 0 255" groupid="0">
			<position>
				<coordinate x="5318" y="1143"/>
				<coordinate x="5934" y="1143"/>
				<coordinate x="5934" y="1872"/>
				<coordinate x="5318" y="1872"/>
			</position>
		</box>
		<symbol type="C128" pos="7314 3240 7356 3299 6725 3761 6683 3702" groupid="1">
			<position>
				<coordinate x="7314" y="3240"/>
				<coordinate x="7356" y="3299"/>
				<coordinate x="6725" y="3761"/>
				<coordinate x="6683" y="3702"/>
			</position>
			<result length="9" coding="Ascii">SN5938725</result>
			<symbolinfo>
				<width unit="pix">0.00</width>
				<height unit="pix">72.42</height>
			</symbolinfo>
			<status>2</status>
			<angle>144</angle>
			<decosrc>0</decosrc>
			<qualifier>
				<rq>100</rq>
				<fvec>0x00000000</fvec>
			</qualifier>
			<verifier>
				<sc grade="4.0" value="80"/>
				<defects grade="0.0" value="85"/>
				<v grade="0.0" value="14"/>
				<modsize value="6" unit="mm"/>
				<qz value="100" unit="%"/>
				<ecmin grade="4.0" value="27"/>
				<mod grade="3.0" value="33"/>
				<osg grade="0.0"/>
				<decode grade="4.0" value="100"/>
				<rmin grade="4.0" value="0"/>
			</verifier>
			<moduleinfo>
				<width unit="pix">6.36</width>
				<height unit="pix">72.42</height>
			</moduleinfo>
		</symbol>
		<box name="Roi1D" pos="7314 3240 7356 3299 6725 3761 6683 3702" color="0 255 0" groupid="1">
			<position>
				<coordinate x="7314" y="3240"/>
				<coordinate x="7356" y="3299"/>
				<coordinate x="6725" y="3761"/>
				<coordinate x="6683" y="3702"/>
			</position>
		</box>
		<box name="Box1D" pos="6619 3176 7420 3176 7420 3825 6619 3825" color="0 0 255" groupid="1">
			<position>
				<coordinate x="6619" y="3176"/>
				<coordinate x="7420" y="3176"/>
				<coordinate x="7420" y="3825"/>
				<coordinate x="6619" y="3825"/>
			</position>
		</box>
		<symbol type="C128" pos="8022 4189 8081 4269 7446 4737 7387 4656" groupid="2">
			<position>
				<coordinate x="8022" y="4189"/>
				<coordinate x="8081" y="4269"/>
				<coordinate x="7446" y="4737"/>
				<coordinate x="7387" y="4656"/>
			</position>
			<result length="9" coding="Ascii">SN5938725</result>
			<symbolinfo>
				<width unit="pix">0.00</width>
				<height unit="pix">99.81</height>
			</symbolinfo>
			<status>2</status>
			<angle>144</angle>
			<decosrc>0</decosrc>
			<qualifier>
				<rq>93</rq>
				<fvec>0x00000002</fvec>
			</qualifier>
			<verifier>
				<sc grade="4.0" value="82"/>
				<defects grade="4.0" value="5"/>
				<v grade="2.0" value="46"/>
				<modsize value="6" unit="mm"/>
				<qz value="100" unit="%"/>
				<ecmin grade="4.0" value="61"/>
				<mod grade="4.0" value="75"/>
				<osg grade="4.0"/>
				<decode grade="4.0" value="100"/>
				<rmin grade="4.0" value="0"/>
			</verifier>
			<moduleinfo>
				<width unit="pix">6.41</width>
				<height unit="pix">99.81</height>
			</moduleinfo>
		</symbol>
		<box name="Roi1D" pos="8022 4189 8081 4269 7446 4737 7387 4656" color="0 255 0" groupid="2">
			<position>
				<coordinate x="8022" y="4189"/>
				<coordinate x="8081" y="4269"/>
				<coordinate x="7446" y="4737"/>
				<coordinate x="7387" y="4656"/>
			</position>
		</box>
		<box name="Box1D" pos="7323 4125 8145 4125 8145 4801 7323 4801" color="0 0 255" groupid="2">
			<position>
				<coordinate x="7323" y="4125"/>
				<coordinate x="8145" y="4125"/>
				<coordinate x="8145" y="4801"/>
				<coordinate x="7323" y="4801"/>
			</position>
		</box>
		<symbol type="C128" pos="8432 5315 8374 5375 8002 5055 8060 4994" groupid="3">
			<position>
				<coordinate x="8432" y="5315"/>
				<coordinate x="8374" y="5375"/>
				<coordinate x="8002" y="5055"/>
				<coordinate x="8060" y="4994"/>
			</position>
			<result length="15" coding="Ascii">C25112703303129</result>
			<symbolinfo>
				<width unit="pix">0.00</width>
				<height unit="pix">83.81</height>
			</symbolinfo>
			<status>2</status>
			<angle>221</angle>
			<decosrc>0</decosrc>
			<qualifier>
				<rq>57</rq>
				<fvec>0x00000000</fvec>
			</qualifier>
			<verifier>
				<sc grade="4.0" value="71"/>
				<defects grade="4.0" value="15"/>
				<v grade="0.0" value="13"/>
				<modsize value="4" unit="mm"/>
				<qz value="100" unit="%"/>
				<ecmin grade="4.0" value="31"/>
				<mod grade="4.0" value="43"/>
				<osg grade="4.0"/>
				<decode grade="4.0" value="100"/>
				<rmin grade="4.0" value="0"/>
			</verifier>
			<moduleinfo>
				<width unit="pix">3.67</width>
				<height unit="pix">83.81</height>
			</moduleinfo>
		</symbol>
		<box name="Roi1D" pos="8432 5315 8374 5375 8002 5055 8060 4994" color="0 255 0" groupid="3">
			<position>
				<coordinate x="8432" y="5315"/>
				<coordinate x="8374" y="5375"/>
				<coordinate x="8002" y="5055"/>
				<coordinate x="8060" y="4994"/>
			</position>
		</box>
		<box name="Box1D" pos="7938 4930 8496 4930 8496 5439 7938 5439" color="0 0 255" groupid="3">
			<position>
				<coordinate x="7938" y="4930"/>
				<coordinate x="8496" y="4930"/>
				<coordinate x="8496" y="5439"/>
				<coordinate x="7938" y="5439"/>
			</position>
		</box>
		<symbol type="C128" pos="8758 6351 8708 6401 8333 6026 8383 5976" groupid="4">
			<position>
				<coordinate x="8758" y="6351"/>
				<coordinate x="8708" y="6401"/>
				<coordinate x="8333" y="6026"/>
				<coordinate x="8383" y="5976"/>
			</position>
			<result length="11" coding="Ascii">48820574164</result>
			<symbolinfo>
				<width unit="pix">0.00</width>
				<height unit="pix">70.71</height>
			</symbolinfo>
			<status>2</status>
			<angle>225</angle>
			<decosrc>0</decosrc>
			<qualifier>
				<rq>10</rq>
				<fvec>0x00000000</fvec>
			</qualifier>
			<verifier>
				<sc grade="4.0" value="83"/>
				<defects grade="0.0" value="43"/>
				<v grade="0.0" value="14"/>
				<modsize value="5" unit="mm"/>
				<qz value="100" unit="%"/>
				<ecmin grade="0.0" value="3"/>
				<mod grade="0.0" value="3"/>
				<osg grade="0.0"/>
				<decode grade="4.0" value="100"/>
				<rmin grade="4.0" value="0"/>
			</verifier>
			<moduleinfo>
				<width unit="pix">4.72</width>
				<height unit="pix">70.71</height>
			</moduleinfo>
		</symbol>
		<box name="Roi1D" pos="8758 6351 8708 6401 8333 6026 8383 5976" color="0 255 0" groupid="4">
			<position>
				<coordinate x="8758" y="6351"/>
				<coordinate x="8708" y="6401"/>
				<coordinate x="8333" y="6026"/>
				<coordinate x="8383" y="5976"/>
			</position>
		</box>
		<box name="Box1D" pos="8269 5912 8822 5912 8822 6465 8269 6465" color="0 0 255" groupid="4">
			<position>
				<coordinate x="8269" y="5912"/>
				<coordinate x="8822" y="5912"/>
				<coordinate x="8822" y="6465"/>
				<coordinate x="8269" y="6465"/>
			</position>
		</box>
		<box name="Parcel" pos="9835 6150 8753 6965 4150 876 5211 61" color="255 128 0" groupid="5">
			<position>
				<coordinate x="9835" y="6150"/>
				<coordinate x="8753" y="6965"/>
				<coordinate x="4150" y="876"/>
				<coordinate x="5211" y="61"/>
			</position>
		</box>
		<parcel pos="9835 6150 8753 6965 4150 876 5211 61" groupid="5">
			<position>
				<coordinate x="9835" y="6150"/>
				<coordinate x="8753" y="6965"/>
				<coordinate x="4150" y="876"/>
				<coordinate x="5211" y="61"/>
			</position>
			<dimension unit="mm" height="120" width="128" length="721"/>
			<volume unit="cm3" value="11050"/>
			<angle>37.2</angle>
			<decosrc>4</decosrc>
			<fvec>0x00000000</fvec>
			<fvectxt></fvectxt>
			<quality>0</quality>
		</parcel>
		<text name="Info" string="SICK" fontsize="30" pos="60 6761" color="8 148 206" layout="1">
			<position x="60" y="6761"/>
		</text>
		<text name="Info" string="Device: ICR890" fontsize="30" pos="6204 50" color="255 0 0" layout="1">
			<position x="6204" y="50"/>
		</text>
		<text name="Info" string="ObjectId: 126" fontsize="30" pos="6204 6761" color="255 0 0" layout="1">
			<position x="6204" y="6761"/>
		</text>
		<line name="DirOfFlow" pos="288 40 517 1412" color="255 0 0" layout="1">
			<position>
				<coordinate x="288" y="40"/>
				<coordinate x="517" y="1412"/>
			</position>
		</line>
		<line name="DirOfFlow" pos="517 1412 60 1412" color="255 0 0" layout="1">
			<position>
				<coordinate x="517" y="1412"/>
				<coordinate x="60" y="1412"/>
			</position>
		</line>
		<line name="DirOfFlow" pos="60 1412 288 40" color="255 0 0" layout="1">
			<position>
				<coordinate x="60" y="1412"/>
				<coordinate x="288" y="40"/>
			</position>
		</line>
		<cross name="LWorkz" pos="2955 80" color="8 148 206">
			<position x="2955" y="80"/>
		</cross>
		<cross name="RWorkz" pos="11459 80" color="8 148 206">
			<position x="11459" y="80"/>
		</cross>
		<cross name="LWorkz" pos="2955 176" color="8 148 206">
			<position x="2955" y="176"/>
		</cross>
		<cross name="RWorkz" pos="11459 176" color="8 148 206">
			<position x="11459" y="176"/>
		</cross>
		<cross name="LWorkz" pos="2955 272" color="8 148 206">
			<position x="2955" y="272"/>
		</cross>
		<cross name="RWorkz" pos="11459 272" color="8 148 206">
			<position x="11459" y="272"/>
		</cross>
		<cross name="LWorkz" pos="2955 368" color="8 148 206">
			<position x="2955" y="368"/>
		</cross>
		<cross name="RWorkz" pos="11459 368" color="8 148 206">
			<position x="11459" y="368"/>
		</cross>
		<cross name="LWorkz" pos="2955 464" color="8 148 206">
			<position x="2955" y="464"/>
		</cross>
		<cross name="RWorkz" pos="11459 464" color="8 148 206">
			<position x="11459" y="464"/>
		</cross>
		<cross name="LWorkz" pos="2955 560" color="8 148 206">
			<position x="2955" y="560"/>
		</cross>
		<cross name="RWorkz" pos="11459 560" color="8 148 206">
			<position x="11459" y="560"/>
		</cross>
		<cross name="LWorkz" pos="2955 656" color="8 148 206">
			<position x="2955" y="656"/>
		</cross>
		<cross name="RWorkz" pos="11459 656" color="8 148 206">
			<position x="11459" y="656"/>
		</cross>
		<cross name="LWorkz" pos="2955 752" color="8 148 206">
			<position x="2955" y="752"/>
		</cross>
		<cross name="RWorkz" pos="11459 752" color="8 148 206">
			<position x="11459" y="752"/>
		</cross>
		<cross name="LWorkz" pos="2955 848" color="8 148 206">
			<position x="2955" y="848"/>
		</cross>
		<cross name="RWorkz" pos="11459 848" color="8 148 206">
			<position x="11459" y="848"/>
		</cross>
		<cross name="LWorkz" pos="2955 944" color="8 148 206">
			<position x="2955" y="944"/>
		</cross>
		<cross name="RWorkz" pos="11459 944" color="8 148 206">
			<position x="11459" y="944"/>
		</cross>
		<cross name="LWorkz" pos="2955 1040" color="8 148 206">
			<position x="2955" y="1040"/>
		</cross>
		<cross name="RWorkz" pos="11459 1040" color="8 148 206">
			<position x="11459" y="1040"/>
		</cross>
		<cross name="LWorkz" pos="2955 1136" color="8 148 206">
			<position x="2955" y="1136"/>
		</cross>
		<cross name="RWorkz" pos="11459 1136" color="8 148 206">
			<position x="11459" y="1136"/>
		</cross>
		<cross name="LWorkz" pos="2955 1232" color="8 148 206">
			<position x="2955" y="1232"/>
		</cross>
		<cross name="RWorkz" pos="11459 1232" color="8 148 206">
			<position x="11459" y="1232"/>
		</cross>
		<cross name="LWorkz" pos="2955 1328" color="8 148 206">
			<position x="2955" y="1328"/>
		</cross>
		<cross name="RWorkz" pos="11459 1328" color="8 148 206">
			<position x="11459" y="1328"/>
		</cross>
		<cross name="LWorkz" pos="2955 1424" color="8 148 206">
			<position x="2955" y="1424"/>
		</cross>
		<cross name="RWorkz" pos="11459 1424" color="8 148 206">
			<position x="11459" y="1424"/>
		</cross>
		<cross name="LWorkz" pos="2955 1520" color="8 148 206">
			<position x="2955" y="1520"/>
		</cross>
		<cross name="RWorkz" pos="11459 1520" color="8 148 206">
			<position x="11459" y="1520"/>
		</cross>
		<cross name="LWorkz" pos="2955 1616" color="8 148 206">
			<position x="2955" y="1616"/>
		</cross>
		<cross name="RWorkz" pos="11459 1616" color="8 148 206">
			<position x="11459" y="1616"/>
		</cross>
		<cross name="LWorkz" pos="2955 1712" color="8 148 206">
			<position x="2955" y="1712"/>
		</cross>
		<cross name="RWorkz" pos="11459 1712" color="8 148 206">
			<position x="11459" y="1712"/>
		</cross>
		<cross name="LWorkz" pos="2955 1808" color="8 148 206">
			<position x="2955" y="1808"/>
		</cross>
		<cross name="RWorkz" pos="11459 1808" color="8 148 206">
			<position x="11459" y="1808"/>
		</cross>
		<cross name="LWorkz" pos="2955 1904" color="8 148 206">
			<position x="2955" y="1904"/>
		</cross>
		<cross name="RWorkz" pos="11459 1904" color="8 148 206">
			<position x="11459" y="1904"/>
		</cross>
		<cross name="LWorkz" pos="2955 2000" color="8 148 206">
			<position x="2955" y="2000"/>
		</cross>
		<cross name="RWorkz" pos="11459 2000" color="8 148 206">
			<position x="11459" y="2000"/>
		</cross>
		<cross name="LWorkz" pos="2955 2096" color="8 148 206">
			<position x="2955" y="2096"/>
		</cross>
		<cross name="RWorkz" pos="11459 2096" color="8 148 206">
			<position x="11459" y="2096"/>
		</cross>
		<cross name="LWorkz" pos="2955 2192" color="8 148 206">
			<position x="2955" y="2192"/>
		</cross>
		<cross name="RWorkz" pos="11459 2192" color="8 148 206">
			<position x="11459" y="2192"/>
		</cross>
		<cross name="LWorkz" pos="2955 2288" color="8 148 206">
			<position x="2955" y="2288"/>
		</cross>
		<cross name="RWorkz" pos="11459 2288" color="8 148 206">
			<position x="11459" y="2288"/>
		</cross>
		<cross name="LWorkz" pos="2955 2384" color="8 148 206">
			<position x="2955" y="2384"/>
		</cross>
		<cross name="RWorkz" pos="11459 2384" color="8 148 206">
			<position x="11459" y="2384"/>
		</cross>
		<cross name="LWorkz" pos="2955 2480" color="8 148 206">
			<position x="2955" y="2480"/>
		</cross>
		<cross name="RWorkz" pos="11459 2480" color="8 148 206">
			<position x="11459" y="2480"/>
		</cross>
		<cross name="LWorkz" pos="2955 2576" color="8 148 206">
			<position x="2955" y="2576"/>
		</cross>
		<cross name="RWorkz" pos="11459 2576" color="8 148 206">
			<position x="11459" y="2576"/>
		</cross>
		<cross name="LWorkz" pos="2955 2672" color="8 148 206">
			<position x="2955" y="2672"/>
		</cross>
		<cross name="RWorkz" pos="11459 2672" color="8 148 206">
			<position x="11459" y="2672"/>
		</cross>
		<cross name="LWorkz" pos="2955 2768" color="8 148 206">
			<position x="2955" y="2768"/>
		</cross>
		<cross name="RWorkz" pos="11459 2768" color="8 148 206">
			<position x="11459" y="2768"/>
		</cross>
		<cross name="LWorkz" pos="2955 2864" color="8 148 206">
			<position x="2955" y="2864"/>
		</cross>
		<cross name="RWorkz" pos="11459 2864" color="8 148 206">
			<position x="11459" y="2864"/>
		</cross>
		<cross name="LWorkz" pos="2955 2960" color="8 148 206">
			<position x="2955" y="2960"/>
		</cross>
		<cross name="RWorkz" pos="11459 2960" color="8 148 206">
			<position x="11459" y="2960"/>
		</cross>
		<cross name="LWorkz" pos="2955 3056" color="8 148 206">
			<position x="2955" y="3056"/>
		</cross>
		<cross name="RWorkz" pos="11459 3056" color="8 148 206">
			<position x="11459" y="3056"/>
		</cross>
		<cross name="LWorkz" pos="2955 3152" color="8 148 206">
			<position x="2955" y="3152"/>
		</cross>
		<cross name="RWorkz" pos="11459 3152" color="8 148 206">
			<position x="11459" y="3152"/>
		</cross>
		<cross name="LWorkz" pos="2955 3248" color="8 148 206">
			<position x="2955" y="3248"/>
		</cross>
		<cross name="RWorkz" pos="11459 3248" color="8 148 206">
			<position x="11459" y="3248"/>
		</cross>
		<cross name="LWorkz" pos="2955 3344" color="8 148 206">
			<position x="2955" y="3344"/>
		</cross>
		<cross name="RWorkz" pos="11459 3344" color="8 148 206">
			<position x="11459" y="3344"/>
		</cross>
		<cross name="LWorkz" pos="2955 3440" color="8 148 206">
			<position x="2955" y="3440"/>
		</cross>
		<cross name="RWorkz" pos="11459 3440" color="8 148 206">
			<position x="11459" y="3440"/>
		</cross>
		<cross name="LWorkz" pos="2955 3536" color="8 148 206">
			<position x="2955" y="3536"/>
		</cross>
		<cross name="RWorkz" pos="11459 3536" color="8 148 206">
			<position x="11459" y="3536"/>
		</cross>
		<cross name="LWorkz" pos="2955 3632" color="8 148 206">
			<position x="2955" y="3632"/>
		</cross>
		<cross name="RWorkz" pos="11459 3632" color="8 148 206">
			<position x="11459" y="3632"/>
		</cross>
		<cross name="LWorkz" pos="2955 3728" color="8 148 206">
			<position x="2955" y="3728"/>
		</cross>
		<cross name="RWorkz" pos="11459 3728" color="8 148 206">
			<position x="11459" y="3728"/>
		</cross>
		<cross name="LWorkz" pos="2955 3824" color="8 148 206">
			<position x="2955" y="3824"/>
		</cross>
		<cross name="RWorkz" pos="11459 3824" color="8 148 206">
			<position x="11459" y="3824"/>
		</cross>
		<cross name="LWorkz" pos="2955 3920" color="8 148 206">
			<position x="2955" y="3920"/>
		</cross>
		<cross name="RWorkz" pos="11459 3920" color="8 148 206">
			<position x="11459" y="3920"/>
		</cross>
		<cross name="LWorkz" pos="2955 4016" color="8 148 206">
			<position x="2955" y="4016"/>
		</cross>
		<cross name="RWorkz" pos="11459 4016" color="8 148 206">
			<position x="11459" y="4016"/>
		</cross>
		<cross name="LWorkz" pos="2955 4112" color="8 148 206">
			<position x="2955" y="4112"/>
		</cross>
		<cross name="RWorkz" pos="11459 4112" color="8 148 206">
			<position x="11459" y="4112"/>
		</cross>
		<cross name="LWorkz" pos="2955 4208" color="8 148 206">
			<position x="2955" y="4208"/>
		</cross>
		<cross name="RWorkz" pos="11459 4208" color="8 148 206">
			<position x="11459" y="4208"/>
		</cross>
		<cross name="LWorkz" pos="2955 4304" color="8 148 206">
			<position x="2955" y="4304"/>
		</cross>
		<cross name="RWorkz" pos="11459 4304" color="8 148 206">
			<position x="11459" y="4304"/>
		</cross>
		<cross name="LWorkz" pos="2955 4400" color="8 148 206">
			<position x="2955" y="4400"/>
		</cross>
		<cross name="RWorkz" pos="11459 4400" color="8 148 206">
			<position x="11459" y="4400"/>
		</cross>
		<cross name="LWorkz" pos="2955 4496" color="8 148 206">
			<position x="2955" y="4496"/>
		</cross>
		<cross name="RWorkz" pos="11459 4496" color="8 148 206">
			<position x="11459" y="4496"/>
		</cross>
		<cross name="LWorkz" pos="2955 4592" color="8 148 206">
			<position x="2955" y="4592"/>
		</cross>
		<cross name="RWorkz" pos="11459 4592" color="8 148 206">
			<position x="11459" y="4592"/>
		</cross>
		<cross name="LWorkz" pos="2955 4688" color="8 148 206">
			<position x="2955" y="4688"/>
		</cross>
		<cross name="RWorkz" pos="11459 4688" color="8 148 206">
			<position x="11459" y="4688"/>
		</cross>
		<cross name="LWorkz" pos="2955 4784" color="8 148 206">
			<position x="2955" y="4784"/>
		</cross>
		<cross name="RWorkz" pos="11459 4784" color="8 148 206">
			<position x="11459" y="4784"/>
		</cross>
		<cross name="LWorkz" pos="2955 4880" color="8 148 206">
			<position x="2955" y="4880"/>
		</cross>
		<cross name="RWorkz" pos="11459 4880" color="8 148 206">
			<position x="11459" y="4880"/>
		</cross>
		<cross name="LWorkz" pos="2955 4976" color="8 148 206">
			<position x="2955" y="4976"/>
		</cross>
		<cross name="RWorkz" pos="11459 4976" color="8 148 206">
			<position x="11459" y="4976"/>
		</cross>
		<cross name="LWorkz" pos="2955 5072" color="8 148 206">
			<position x="2955" y="5072"/>
		</cross>
		<cross name="RWorkz" pos="11459 5072" color="8 148 206">
			<position x="11459" y="5072"/>
		</cross>
		<cross name="LWorkz" pos="2955 5168" color="8 148 206">
			<position x="2955" y="5168"/>
		</cross>
		<cross name="RWorkz" pos="11459 5168" color="8 148 206">
			<position x="11459" y="5168"/>
		</cross>
		<cross name="LWorkz" pos="2955 5264" color="8 148 206">
			<position x="2955" y="5264"/>
		</cross>
		<cross name="RWorkz" pos="11459 5264" color="8 148 206">
			<position x="11459" y="5264"/>
		</cross>
		<cross name="LWorkz" pos="2955 5360" color="8 148 206">
			<position x="2955" y="5360"/>
		</cross>
		<cross name="RWorkz" pos="11459 5360" color="8 148 206">
			<position x="11459" y="5360"/>
		</cross>
		<cross name="LWorkz" pos="2955 5456" color="8 148 206">
			<position x="2955" y="5456"/>
		</cross>
		<cross name="RWorkz" pos="11459 5456" color="8 148 206">
			<position x="11459" y="5456"/>
		</cross>
		<cross name="LWorkz" pos="2955 5552" color="8 148 206">
			<position x="2955" y="5552"/>
		</cross>
		<cross name="RWorkz" pos="11459 5552" color="8 148 206">
			<position x="11459" y="5552"/>
		</cross>
		<cross name="LWorkz" pos="2955 5648" color="8 148 206">
			<position x="2955" y="5648"/>
		</cross>
		<cross name="RWorkz" pos="11459 5648" color="8 148 206">
			<position x="11459" y="5648"/>
		</cross>
		<cross name="LWorkz" pos="2955 5744" color="8 148 206">
			<position x="2955" y="5744"/>
		</cross>
		<cross name="RWorkz" pos="11459 5744" color="8 148 206">
			<position x="11459" y="5744"/>
		</cross>
		<cross name="LWorkz" pos="2955 5840" color="8 148 206">
			<position x="2955" y="5840"/>
		</cross>
		<cross name="RWorkz" pos="11459 5840" color="8 148 206">
			<position x="11459" y="5840"/>
		</cross>
		<cross name="LWorkz" pos="2955 5936" color="8 148 206">
			<position x="2955" y="5936"/>
		</cross>
		<cross name="RWorkz" pos="11459 5936" color="8 148 206">
			<position x="11459" y="5936"/>
		</cross>
		<cross name="LWorkz" pos="2955 6032" color="8 148 206">
			<position x="2955" y="6032"/>
		</cross>
		<cross name="RWorkz" pos="11459 6032" color="8 148 206">
			<position x="11459" y="6032"/>
		</cross>
		<cross name="LWorkz" pos="2955 6128" color="8 148 206">
			<position x="2955" y="6128"/>
		</cross>
		<cross name="RWorkz" pos="11459 6128" color="8 148 206">
			<position x="11459" y="6128"/>
		</cross>
		<cross name="LWorkz" pos="2955 6224" color="8 148 206">
			<position x="2955" y="6224"/>
		</cross>
		<cross name="RWorkz" pos="11459 6224" color="8 148 206">
			<position x="11459" y="6224"/>
		</cross>
		<cross name="LWorkz" pos="2955 6320" color="8 148 206">
			<position x="2955" y="6320"/>
		</cross>
		<cross name="RWorkz" pos="11459 6320" color="8 148 206">
			<position x="11459" y="6320"/>
		</cross>
		<cross name="LWorkz" pos="2955 6416" color="8 148 206">
			<position x="2955" y="6416"/>
		</cross>
		<cross name="RWorkz" pos="11459 6416" color="8 148 206">
			<position x="11459" y="6416"/>
		</cross>
		<cross name="LWorkz" pos="2955 6512" color="8 148 206">
			<position x="2955" y="6512"/>
		</cross>
		<cross name="RWorkz" pos="11459 6512" color="8 148 206">
			<position x="11459" y="6512"/>
		</cross>
		<cross name="LWorkz" pos="2955 6608" color="8 148 206">
			<position x="2955" y="6608"/>
		</cross>
		<cross name="RWorkz" pos="11459 6608" color="8 148 206">
			<position x="11459" y="6608"/>
		</cross>
		<cross name="LWorkz" pos="2955 6704" color="8 148 206">
			<position x="2955" y="6704"/>
		</cross>
		<cross name="RWorkz" pos="11459 6704" color="8 148 206">
			<position x="11459" y="6704"/>
		</cross>
		<cross name="LWorkz" pos="2955 6800" color="8 148 206">
			<position x="2955" y="6800"/>
		</cross>
		<cross name="RWorkz" pos="11459 6800" color="8 148 206">
			<position x="11459" y="6800"/>
		</cross>
	</image>
</camera>