<?xml version="1.0"?>
<camera name="BX1" company="SICK AG, AutoIdent" device="ICR890-4 CORE 12k" version="V2.13.0.17225" identifier=" ">
	<schema major="2" minor="8" patch="0"/>
	<image objectid="131">
		<trayindex>131</trayindex>
		<imageinfo type="JPEG">
			<quality>80</quality>
			<resolution>270</resolution>
			<size width="6392" length="5821"/>
			<origin x="4152" y="0"/>
			<increment start="10956" stop="11466"/>
			<captureline start="284065" stop="289885"/>
			<fvec>0x00000000</fvec>
			<fvectxt></fvectxt>
			<filename>20251211_Image103927_Bitunia_1_0000000131_0131.jpg</filename>
			<filesize>1525780</filesize>
		</imageinfo>
		<decoder version="8.1.0">
			<config>
				<Params1D>51 1 2 255 0 0 1 0 10 0 1 2147483647 2147483647 2147483647 2147483647 2147483647 0 0 0 0 500 0 120 0 0 1 0 1 0 2 1 1 0 1 0 1 0 255 0 3 100 4 0 0 0 0 0 0 1 1 90</Params1D>
				<CodeConf_0>1 0 3 0 0 0 0 0 0 0 0 0 0 1 8 50 0 0 0 0 1 0</CodeConf_0>
				<CodeConf_1>1 0 3 0 0 0 0 0 0 0 0 0 0 1 8 50 0 0 0 0 1 4103</CodeConf_1>
				<CodeConf_5>1 0 3 0 0 0 0 0 0 0 0 0 0 1 8 50 0 0 0 0 1 0</CodeConf_5>
				<Params2D>68 1 0 255 0 0 0 0 10 0 1 2147483647 2147483647 2147483647 2147483647 2147483647 0 0 0 0 500 0 120 0 0 1 0 0 0 0 0 0 0 1 0 0 0 255 1 11 100 4 0 0 0 0 0 0 1 1 90</Params2D>
				<DiagConfig>0 0 0 0 0 0 0 0 0 0 0 0 0 0 0 0 0 0 0 0 0</DiagConfig>
				<GlobalConfig>4 0 0 0 0 0 -1 1</GlobalConfig>
				</config>
			<info finish="true">
				<decoderCtrlTimeImage unit="ms" value="142"/>
				<decoderTimeImage unit="ms" value="98"/>
				<decoderDelayStart unit="ms" value="0"/>
				<decoderDelayEnd unit="ms" value="2"/>
				<blocks total="63" decoded="63"/>
				<decodedLine start="283872" stop="289919"/>
			</info>
		</decoder>
		<symbol type="C128" pos="7168 2273 7189 2368 6388 2504 6368 2409" groupid="0">
			<position>
				<coordinate x="7168" y="2273"/>
				<coordinate x="7189" y="2368"/>
				<coordinate x="6388" y="2504"/>
				<coordinate x="6368" y="2409"/>
			</position>
			<result length="9" coding="Ascii">SN5953643</result>
			<symbolinfo>
				<width unit="pix">0.00</width>
				<height unit="pix">97.19</height>
			</symbolinfo>
			<status>2</status>
			<angle>170</angle>
			<decosrc>0</decosrc>
			<qualifier>
				<rq>100</rq>
				<fvec>0x00000000</fvec>
			</qualifier>
			<verifier>
				<sc grade="4.0" value="97"/>
				<defects grade="4.0" value="5"/>
				<v grade="3.0" value="50"/>
				<modsize value="7" unit="mm"/>
				<qz value="100" unit="%"/>
				<ecmin grade="4.0" value="66"/>
				<mod grade="4.0" value="68"/>
				<osg grade="4.0"/>
				<decode grade="4.0" value="100"/>
				<rmin grade="4.0" value="0"/>
			</verifier>
			<moduleinfo>
				<width unit="pix">6.59</width>
				<height unit="pix">97.19</height>
			</moduleinfo>
		</symbol>
		<box name="Roi1D" pos="7168 2273 7189 2368 6388 2504 6368 2409" color="0 255 0" groupid="0">
			<position>
				<coordinate x="7168" y="2273"/>
				<coordinate x="7189" y="2368"/>
				<coordinate x="6388" y="2504"/>
				<coordinate x="6368" y="2409"/>
			</position>
		</box>
		<box name="Box1D" pos="6304 2209 7253 2209 7253 2568 6304 2568" color="0 0 255" groupid="0">
			<position>
				<coordinate x="6304" y="2209"/>
				<coordinate x="7253" y="2209"/>
				<coordinate x="7253" y="2568"/>
				<coordinate x="6304" y="2568"/>
			</position>
		</box>
		<symbol type="C128" pos="8056 3170 7991 3203 7810 2789 7875 2757" groupid="1">
			<position>
				<coordinate x="8056" y="3170"/>
				<coordinate x="7991" y="3203"/>
				<coordinate x="7810" y="2789"/>
				<coordinate x="7875" y="2757"/>
			</position>
			<result length="9" coding="Ascii">SN5953643</result>
			<symbolinfo>
				<width unit="pix">0.00</width>
				<height unit="pix">72.67</height>
			</symbolinfo>
			<status>2</status>
			<angle>246</angle>
			<decosrc>0</decosrc>
			<qualifier>
				<rq>100</rq>
				<fvec>0x00000000</fvec>
			</qualifier>
			<verifier>
				<sc grade="4.0" value="92"/>
				<defects grade="4.0" value="3"/>
				<v grade="0.0" value="0"/>
				<modsize value="4" unit="mm"/>
				<qz value="100" unit="%"/>
				<ecmin grade="4.0" value="56"/>
				<mod grade="4.0" value="61"/>
				<osg grade="4.0"/>
				<decode grade="4.0" value="100"/>
				<rmin grade="4.0" value="0"/>
			</verifier>
			<moduleinfo>
				<width unit="pix">3.67</width>
				<height unit="pix">72.67</height>
			</moduleinfo>
		</symbol>
		<box name="Roi1D" pos="8056 3170 7991 3203 7810 2789 7875 2757" color="0 255 0" groupid="1">
			<position>
				<coordinate x="8056" y="3170"/>
				<coordinate x="7991" y="3203"/>
				<coordinate x="7810" y="2789"/>
				<coordinate x="7875" y="2757"/>
			</position>
		</box>
		<box name="Box1D" pos="7746 2693 8120 2693 8120 3267 7746 3267" color="0 0 255" groupid="1">
			<position>
				<coordinate x="7746" y="2693"/>
				<coordinate x="8120" y="2693"/>
				<coordinate x="8120" y="3267"/>
				<coordinate x="7746" y="3267"/>
			</position>
		</box>
		<symbol type="C128" pos="7430 3387 7452 3477 6660 3620 6638 3530" groupid="2">
			<position>
				<coordinate x="7430" y="3387"/>
				<coordinate x="7452" y="3477"/>
				<coordinate x="6660" y="3620"/>
				<coordinate x="6638" y="3530"/>
			</position>
			<result length="9" coding="Ascii">SN5953643</result>
			<symbolinfo>
				<width unit="pix">0.00</width>
				<height unit="pix">92.65</height>
			</symbolinfo>
			<status>2</status>
			<angle>170</angle>
			<decosrc>0</decosrc>
			<qualifier>
				<rq>100</rq>
				<fvec>0x00000000</fvec>
			</qualifier>
			<verifier>
				<sc grade="4.0" value="87"/>
				<defects grade="4.0" value="6"/>
				<v grade="2.0" value="39"/>
				<modsize value="7" unit="mm"/>
				<qz value="100" unit="%"/>
				<ecmin grade="4.0" value="60"/>
				<mod grade="4.0" value="69"/>
				<osg grade="4.0"/>
				<decode grade="4.0" value="100"/>
				<rmin grade="4.0" value="0"/>
			</verifier>
			<moduleinfo>
				<width unit="pix">6.55</width>
				<height unit="pix">92.65</height>
			</moduleinfo>
		</symbol>
		<box name="Roi1D" pos="7430 3387 7452 3477 6660 3620 6638 3530" color="0 255 0" groupid="2">
			<position>
				<coordinate x="7430" y="3387"/>
				<coordinate x="7452" y="3477"/>
				<coordinate x="6660" y="3620"/>
				<coordinate x="6638" y="3530"/>
			</position>
		</box>
		<box name="Box1D" pos="6574 3323 7516 3323 7516 3684 6574 3684" color="0 0 255" groupid="2">
			<position>
				<coordinate x="6574" y="3323"/>
				<coordinate x="7516" y="3323"/>
				<coordinate x="7516" y="3684"/>
				<coordinate x="6574" y="3684"/>
			</position>
		</box>
		<box name="Parcel" pos="10347 5431 4972 5777 4640 770 10015 416" color="255 128 0" groupid="3">
			<position>
				<coordinate x="10347" y="5431"/>
				<coordinate x="4972" y="5777"/>
				<coordinate x="4640" y="770"/>
				<coordinate x="10015" y="416"/>
			</position>
		</box>
		<parcel pos="10347 5431 4972 5777 4640 770 10015 416" groupid="3">
			<position>
				<coordinate x="10347" y="5431"/>
				<coordinate x="4972" y="5777"/>
				<coordinate x="4640" y="770"/>
				<coordinate x="10015" y="416"/>
			</position>
			<dimension unit="mm" height="184" width="450" length="487"/>
			<volume unit="cm3" value="40283"/>
			<angle>-86.3</angle>
			<decosrc>4</decosrc>
			<fvec>0x00000000</fvec>
			<fvectxt></fvectxt>
			<quality>0</quality>
		</parcel>
		<text name="Info" string="SICK" fontsize="30" pos="60 5720" color="8 148 206" layout="1">
			<position x="60" y="5720"/>
		</text>
		<text name="Info" string="Device: ICR890" fontsize="30" pos="5932 50" color="255 0 0" layout="1">
			<position x="5932" y="50"/>
		</text>
		<text name="Info" string="ObjectId: 131" fontsize="30" pos="5932 5720" color="255 0 0" layout="1">
			<position x="5932" y="5720"/>
		</text>
		<line name="DirOfFlow" pos="254 40 448 1204" color="255 0 0" layout="1">
			<position>
				<coordinate x="254" y="40"/>
				<coordinate x="448" y="1204"/>
			</position>
		</line>
		<line name="DirOfFlow" pos="448 1204 60 1204" color="255 0 0" layout="1">
			<position>
				<coordinate x="448" y="1204"/>
				<coordinate x="60" y="1204"/>
			</position>
		</line>
		<line name="DirOfFlow" pos="60 1204 254 40" color="255 0 0" layout="1">
			<position>
				<coordinate x="60" y="1204"/>
				<coordinate x="254" y="40"/>
			</position>
		</line>
		<cross name="LWorkz" pos="2955 95" color="8 148 206">
			<position x="2955" y="95"/>
		</cross>
		<cross name="RWorkz" pos="11459 95" color="8 148 206">
			<position x="11459" y="95"/>
		</cross>
		<cross name="LWorkz" pos="2955 191" color="8 148 206">
			<position x="2955" y="191"/>
		</cross>
		<cross name="RWorkz" pos="11459 191" color="8 148 206">
			<position x="11459" y="191"/>
		</cross>
		<cross name="LWorkz" pos="2955 287" color="8 148 206">
			<position x="2955" y="287"/>
		</cross>
		<cross name="RWorkz" pos="11459 287" color="8 148 206">
			<position x="11459" y="287"/>
		</cross>
		<cross name="LWorkz" pos="2955 383" color="8 148 206">
			<position x="2955" y="383"/>
		</cross>
		<cross name="RWorkz" pos="11459 383" color="8 148 206">
			<position x="11459" y="383"/>
		</cross>
		<cross name="LWorkz" pos="2955 479" color="8 148 206">
			<position x="2955" y="479"/>
		</cross>
		<cross name="RWorkz" pos="11459 479" color="8 148 206">
			<position x="11459" y="479"/>
		</cross>
		<cross name="LWorkz" pos="2955 575" color="8 148 206">
			<position x="2955" y="575"/>
		</cross>
		<cross name="RWorkz" pos="11459 575" color="8 148 206">
			<position x="11459" y="575"/>
		</cross>
		<cross name="LWorkz" pos="2955 671" color="8 148 206">
			<position x="2955" y="671"/>
		</cross>
		<cross name="RWorkz" pos="11459 671" color="8 148 206">
			<position x="11459" y="671"/>
		</cross>
		<cross name="LWorkz" pos="2955 767" color="8 148 206">
			<position x="2955" y="767"/>
		</cross>
		<cross name="RWorkz" pos="11459 767" color="8 148 206">
			<position x="11459" y="767"/>
		</cross>
		<cross name="LWorkz" pos="2955 863" color="8 148 206">
			<position x="2955" y="863"/>
		</cross>
		<cross name="RWorkz" pos="11459 863" color="8 148 206">
			<position x="11459" y="863"/>
		</cross>
		<cross name="LWorkz" pos="2955 959" color="8 148 206">
			<position x="2955" y="959"/>
		</cross>
		<cross name="RWorkz" pos="11459 959" color="8 148 206">
			<position x="11459" y="959"/>
		</cross>
		<cross name="LWorkz" pos="2955 1055" color="8 148 206">
			<position x="2955" y="1055"/>
		</cross>
		<cross name="RWorkz" pos="11459 1055" color="8 148 206">
			<position x="11459" y="1055"/>
		</cross>
		<cross name="LWorkz" pos="2955 1151" color="8 148 206">
			<position x="2955" y="1151"/>
		</cross>
		<cross name="RWorkz" pos="11459 1151" color="8 148 206">
			<position x="11459" y="1151"/>
		</cross>
		<cross name="LWorkz" pos="2955 1247" color="8 148 206">
			<position x="2955" y="1247"/>
		</cross>
		<cross name="RWorkz" pos="11459 1247" color="8 148 206">
			<position x="11459" y="1247"/>
		</cross>
		<cross name="LWorkz" pos="2955 1343" color="8 148 206">
			<position x="2955" y="1343"/>
		</cross>
		<cross name="RWorkz" pos="11459 1343" color="8 148 206">
			<position x="11459" y="1343"/>
		</cross>
		<cross name="LWorkz" pos="2955 1439" color="8 148 206">
			<position x="2955" y="1439"/>
		</cross>
		<cross name="RWorkz" pos="11459 1439" color="8 148 206">
			<position x="11459" y="1439"/>
		</cross>
		<cross name="LWorkz" pos="2955 1535" color="8 148 206">
			<position x="2955" y="1535"/>
		</cross>
		<cross name="RWorkz" pos="11459 1535" color="8 148 206">
			<position x="11459" y="1535"/>
		</cross>
		<cross name="LWorkz" pos="2955 1631" color="8 148 206">
			<position x="2955" y="1631"/>
		</cross>
		<cross name="RWorkz" pos="11459 1631" color="8 148 206">
			<position x="11459" y="1631"/>
		</cross>
		<cross name="LWorkz" pos="2955 1727" color="8 148 206">
			<position x="2955" y="1727"/>
		</cross>
		<cross name="RWorkz" pos="11459 1727" color="8 148 206">
			<position x="11459" y="1727"/>
		</cross>
		<cross name="LWorkz" pos="2955 1823" color="8 148 206">
			<position x="2955" y="1823"/>
		</cross>
		<cross name="RWorkz" pos="11459 1823" color="8 148 206">
			<position x="11459" y="1823"/>
		</cross>
		<cross name="LWorkz" pos="2955 1919" color="8 148 206">
			<position x="2955" y="1919"/>
		</cross>
		<cross name="RWorkz" pos="11459 1919" color="8 148 206">
			<position x="11459" y="1919"/>
		</cross>
		<cross name="LWorkz" pos="2955 2015" color="8 148 206">
			<position x="2955" y="2015"/>
		</cross>
		<cross name="RWorkz" pos="11459 2015" color="8 148 206">
			<position x="11459" y="2015"/>
		</cross>
		<cross name="LWorkz" pos="2955 2111" color="8 148 206">
			<position x="2955" y="2111"/>
		</cross>
		<cross name="RWorkz" pos="11459 2111" color="8 148 206">
			<position x="11459" y="2111"/>
		</cross>
		<cross name="LWorkz" pos="2955 2207" color="8 148 206">
			<position x="2955" y="2207"/>
		</cross>
		<cross name="RWorkz" pos="11459 2207" color="8 148 206">
			<position x="11459" y="2207"/>
		</cross>
		<cross name="LWorkz" pos="2955 2303" color="8 148 206">
			<position x="2955" y="2303"/>
		</cross>
		<cross name="RWorkz" pos="11459 2303" color="8 148 206">
			<position x="11459" y="2303"/>
		</cross>
		<cross name="LWorkz" pos="2955 2399" color="8 148 206">
			<position x="2955" y="2399"/>
		</cross>
		<cross name="RWorkz" pos="11459 2399" color="8 148 206">
			<position x="11459" y="2399"/>
		</cross>
		<cross name="LWorkz" pos="2955 2495" color="8 148 206">
			<position x="2955" y="2495"/>
		</cross>
		<cross name="RWorkz" pos="11459 2495" color="8 148 206">
			<position x="11459" y="2495"/>
		</cross>
		<cross name="LWorkz" pos="2955 2591" color="8 148 206">
			<position x="2955" y="2591"/>
		</cross>
		<cross name="RWorkz" pos="11459 2591" color="8 148 206">
			<position x="11459" y="2591"/>
		</cross>
		<cross name="LWorkz" pos="2955 2687" color="8 148 206">
			<position x="2955" y="2687"/>
		</cross>
		<cross name="RWorkz" pos="11459 2687" color="8 148 206">
			<position x="11459" y="2687"/>
		</cross>
		<cross name="LWorkz" pos="2955 2783" color="8 148 206">
			<position x="2955" y="2783"/>
		</cross>
		<cross name="RWorkz" pos="11459 2783" color="8 148 206">
			<position x="11459" y="2783"/>
		</cross>
		<cross name="LWorkz" pos="2955 2879" color="8 148 206">
			<position x="2955" y="2879"/>
		</cross>
		<cross name="RWorkz" pos="11459 2879" color="8 148 206">
			<position x="11459" y="2879"/>
		</cross>
		<cross name="LWorkz" pos="2955 2975" color="8 148 206">
			<position x="2955" y="2975"/>
		</cross>
		<cross name="RWorkz" pos="11459 2975" color="8 148 206">
			<position x="11459" y="2975"/>
		</cross>
		<cross name="LWorkz" pos="2955 3071" color="8 148 206">
			<position x="2955" y="3071"/>
		</cross>
		<cross name="RWorkz" pos="11459 3071" color="8 148 206">
			<position x="11459" y="3071"/>
		</cross>
		<cross name="LWorkz" pos="2955 3167" color="8 148 206">
			<position x="2955" y="3167"/>
		</cross>
		<cross name="RWorkz" pos="11459 3167" color="8 148 206">
			<position x="11459" y="3167"/>
		</cross>
		<cross name="LWorkz" pos="2955 3263" color="8 148 206">
			<position x="2955" y="3263"/>
		</cross>
		<cross name="RWorkz" pos="11459 3263" color="8 148 206">
			<position x="11459" y="3263"/>
		</cross>
		<cross name="LWorkz" pos="2955 3359" color="8 148 206">
			<position x="2955" y="3359"/>
		</cross>
		<cross name="RWorkz" pos="11459 3359" color="8 148 206">
			<position x="11459" y="3359"/>
		</cross>
		<cross name="LWorkz" pos="2955 3455" color="8 148 206">
			<position x="2955" y="3455"/>
		</cross>
		<cross name="RWorkz" pos="11459 3455" color="8 148 206">
			<position x="11459" y="3455"/>
		</cross>
		<cross name="LWorkz" pos="2955 3551" color="8 148 206">
			<position x="2955" y="3551"/>
		</cross>
		<cross name="RWorkz" pos="11459 3551" color="8 148 206">
			<position x="11459" y="3551"/>
		</cross>
		<cross name="LWorkz" pos="2955 3647" color="8 148 206">
			<position x="2955" y="3647"/>
		</cross>
		<cross name="RWorkz" pos="11459 3647" color="8 148 206">
			<position x="11459" y="3647"/>
		</cross>
		<cross name="LWorkz" pos="2955 3743" color="8 148 206">
			<position x="2955" y="3743"/>
		</cross>
		<cross name="RWorkz" pos="11459 3743" color="8 148 206">
			<position x="11459" y="3743"/>
		</cross>
		<cross name="LWorkz" pos="2955 3839" color="8 148 206">
			<position x="2955" y="3839"/>
		</cross>
		<cross name="RWorkz" pos="11459 3839" color="8 148 206">
			<position x="11459" y="3839"/>
		</cross>
		<cross name="LWorkz" pos="2955 3935" color="8 148 206">
			<position x="2955" y="3935"/>
		</cross>
		<cross name="RWorkz" pos="11459 3935" color="8 148 206">
			<position x="11459" y="3935"/>
		</cross>
		<cross name="LWorkz" pos="2955 4031" color="8 148 206">
			<position x="2955" y="4031"/>
		</cross>
		<cross name="RWorkz" pos="11459 4031" color="8 148 206">
			<position x="11459" y="4031"/>
		</cross>
		<cross name="LWorkz" pos="2955 4127" color="8 148 206">
			<position x="2955" y="4127"/>
		</cross>
		<cross name="RWorkz" pos="11459 4127" color="8 148 206">
			<position x="11459" y="4127"/>
		</cross>
		<cross name="LWorkz" pos="2955 4223" color="8 148 206">
			<position x="2955" y="4223"/>
		</cross>
		<cross name="RWorkz" pos="11459 4223" color="8 148 206">
			<position x="11459" y="4223"/>
		</cross>
		<cross name="LWorkz" pos="2955 4319" color="8 148 206">
			<position x="2955" y="4319"/>
		</cross>
		<cross name="RWorkz" pos="11459 4319" color="8 148 206">
			<position x="11459" y="4319"/>
		</cross>
		<cross name="LWorkz" pos="2955 4415" color="8 148 206">
			<position x="2955" y="4415"/>
		</cross>
		<cross name="RWorkz" pos="11459 4415" color="8 148 206">
			<position x="11459" y="4415"/>
		</cross>
		<cross name="LWorkz" pos="2955 4511" color="8 148 206">
			<position x="2955" y="4511"/>
		</cross>
		<cross name="RWorkz" pos="11459 4511" color="8 148 206">
			<position x="11459" y="4511"/>
		</cross>
		<cross name="LWorkz" pos="2955 4607" color="8 148 206">
			<position x="2955" y="4607"/>
		</cross>
		<cross name="RWorkz" pos="11459 4607" color="8 148 206">
			<position x="11459" y="4607"/>
		</cross>
		<cross name="LWorkz" pos="2955 4703" color="8 148 206">
			<position x="2955" y="4703"/>
		</cross>
		<cross name="RWorkz" pos="11459 4703" color="8 148 206">
			<position x="11459" y="4703"/>
		</cross>
		<cross name="LWorkz" pos="2955 4799" color="8 148 206">
			<position x="2955" y="4799"/>
		</cross>
		<cross name="RWorkz" pos="11459 4799" color="8 148 206">
			<position x="11459" y="4799"/>
		</cross>
		<cross name="LWorkz" pos="2955 4895" color="8 148 206">
			<position x="2955" y="4895"/>
		</cross>
		<cross name="RWorkz" pos="11459 4895" color="8 148 206">
			<position x="11459" y="4895"/>
		</cross>
		<cross name="LWorkz" pos="2955 4991" color="8 148 206">
			<position x="2955" y="4991"/>
		</cross>
		<cross name="RWorkz" pos="11459 4991" color="8 148 206">
			<position x="11459" y="4991"/>
		</cross>
		<cross name="LWorkz" pos="2955 5087" color="8 148 206">
			<position x="2955" y="5087"/>
		</cross>
		<cross name="RWorkz" pos="11459 5087" color="8 148 206">
			<position x="11459" y="5087"/>
		</cross>
		<cross name="LWorkz" pos="2955 5183" color="8 148 206">
			<position x="2955" y="5183"/>
		</cross>
		<cross name="RWorkz" pos="11459 5183" color="8 148 206">
			<position x="11459" y="5183"/>
		</cross>
		<cross name="LWorkz" pos="2955 5279" color="8 148 206">
			<position x="2955" y="5279"/>
		</cross>
		<cross name="RWorkz" pos="11459 5279" color="8 148 206">
			<position x="11459" y="5279"/>
		</cross>
		<cross name="LWorkz" pos="2955 5375" color="8 148 206">
			<position x="2955" y="5375"/>
		</cross>
		<cross name="RWorkz" pos="11459 5375" color="8 148 206">
			<position x="11459" y="5375"/>
		</cross>
		<cross name="LWorkz" pos="2955 5471" color="8 148 206">
			<position x="2955" y="5471"/>
		</cross>
		<cross name="RWorkz" pos="11459 5471" color="8 148 206">
			<position x="11459" y="5471"/>
		</cross>
		<cross name="LWorkz" pos="2955 5567" color="8 148 206">
			<position x="2955" y="5567"/>
		</cross>
		<cross name="RWorkz" pos="11459 5567" color="8 148 206">
			<position x="11459" y="5567"/>
		</cross>
		<cross name="LWorkz" pos="2955 5663" color="8 148 206">
			<position x="2955" y="5663"/>
		</cross>
		<cross name="RWorkz" pos="11459 5663" color="8 148 206">
			<position x="11459" y="5663"/>
		</cross>
		<cross name="LWorkz" pos="2955 5759" color="8 148 206">
			<position x="2955" y="5759"/>
		</cross>
		<cross name="RWorkz" pos="11459 5759" color="8 148 206">
			<position x="11459" y="5759"/>
		</cross>
	</image>
</camera>